{
    "0": {
        "mjd": 57167.71380000003,
        "mag": 18.04,
        "mag_err": 0.07,
        "passband": 1,
        "locus_id": "iPTF15aym"
    },
    "1": {
        "mjd": 57168.71900000004,
        "mag": 17.95,
        "mag_err": 0.05,
        "passband": 1,
        "locus_id": "iPTF15aym"
    },
    "2": {
        "mjd": 57168.74450000003,
        "mag": 17.9,
        "mag_err": 0.06,
        "passband": 1,
        "locus_id": "iPTF15aym"
    },
    "3": {
        "mjd": 57169.765399999924,
        "mag": 17.64,
        "mag_err": 0.04,
        "passband": 1,
        "locus_id": "iPTF15aym"
    },
    "4": {
        "mjd": 57169.77810000022,
        "mag": 17.75,
        "mag_err": 0.05,
        "passband": 1,
        "locus_id": "iPTF15aym"
    },
    "5": {
        "mjd": 57170.709900000125,
        "mag": 17.7,
        "mag_err": 0.06,
        "passband": 1,
        "locus_id": "iPTF15aym"
    },
    "6": {
        "mjd": 57170.74809999997,
        "mag": 17.82,
        "mag_err": 0.05,
        "passband": 1,
        "locus_id": "iPTF15aym"
    },
    "7": {
        "mjd": 57171.69380000001,
        "mag": 17.59,
        "mag_err": 0.06,
        "passband": 1,
        "locus_id": "iPTF15aym"
    },
    "8": {
        "mjd": 57171.72839999991,
        "mag": 17.74,
        "mag_err": 0.07,
        "passband": 1,
        "locus_id": "iPTF15aym"
    },
    "9": {
        "mjd": 57173.68420000003,
        "mag": 17.58,
        "mag_err": 0.07,
        "passband": 1,
        "locus_id": "iPTF15aym"
    },
    "10": {
        "mjd": 57173.71890000022,
        "mag": 17.54,
        "mag_err": 0.06,
        "passband": 1,
        "locus_id": "iPTF15aym"
    },
    "11": {
        "mjd": 57360.03949999996,
        "mag": 19.56,
        "mag_err": 0.14,
        "passband": 1,
        "locus_id": "iPTF15aym"
    },
    "12": {
        "mjd": 57366.048400000196,
        "mag": 20.01,
        "mag_err": 0.13,
        "passband": 1,
        "locus_id": "iPTF15aym"
    },
    "13": {
        "mjd": 57372.051899999846,
        "mag": 19.64,
        "mag_err": 0.13,
        "passband": 1,
        "locus_id": "iPTF15aym"
    },
    "14": {
        "mjd": 57375.04169999994,
        "mag": 19.65,
        "mag_err": 0.12,
        "passband": 1,
        "locus_id": "iPTF15aym"
    },
    "15": {
        "mjd": 57375.07120000013,
        "mag": 19.37,
        "mag_err": 0.1,
        "passband": 1,
        "locus_id": "iPTF15aym"
    },
    "16": {
        "mjd": 57390.04689999996,
        "mag": 19.63,
        "mag_err": 0.14,
        "passband": 1,
        "locus_id": "iPTF15aym"
    },
    "17": {
        "mjd": 57402.035999999855,
        "mag": 19.66,
        "mag_err": 0.15,
        "passband": 1,
        "locus_id": "iPTF15aym"
    },
    "18": {
        "mjd": 57422.03090000013,
        "mag": 19.92,
        "mag_err": 0.15,
        "passband": 1,
        "locus_id": "iPTF15aym"
    },
    "19": {
        "mjd": 57428.0262000002,
        "mag": 19.76,
        "mag_err": 0.1,
        "passband": 1,
        "locus_id": "iPTF15aym"
    },
    "20": {
        "mjd": 57431.01230000006,
        "mag": 19.86,
        "mag_err": 0.15,
        "passband": 1,
        "locus_id": "iPTF15aym"
    },
    "21": {
        "mjd": 57431.05729999999,
        "mag": 19.83,
        "mag_err": 0.13,
        "passband": 1,
        "locus_id": "iPTF15aym"
    },
    "22": {
        "mjd": 57186.69150000018,
        "mag": 17.57,
        "mag_err": 0.01,
        "passband": 1,
        "locus_id": "iPTF15aym"
    },
    "23": {
        "mjd": 57188.70250000013,
        "mag": 17.59,
        "mag_err": 0.02,
        "passband": 1,
        "locus_id": "iPTF15aym"
    },
    "24": {
        "mjd": 57191.744299999904,
        "mag": 17.65,
        "mag_err": 0.02,
        "passband": 1,
        "locus_id": "iPTF15aym"
    },
    "25": {
        "mjd": 57193.714699999895,
        "mag": 17.64,
        "mag_err": 0.01,
        "passband": 1,
        "locus_id": "iPTF15aym"
    },
    "26": {
        "mjd": 57195.707200000055,
        "mag": 17.67,
        "mag_err": 0.01,
        "passband": 1,
        "locus_id": "iPTF15aym"
    },
    "27": {
        "mjd": 57199.74740000023,
        "mag": 17.75,
        "mag_err": 0.02,
        "passband": 1,
        "locus_id": "iPTF15aym"
    },
    "28": {
        "mjd": 57207.71510000015,
        "mag": 17.82,
        "mag_err": 0.02,
        "passband": 1,
        "locus_id": "iPTF15aym"
    },
    "29": {
        "mjd": 57209.694500000216,
        "mag": 17.94,
        "mag_err": 0.02,
        "passband": 1,
        "locus_id": "iPTF15aym"
    },
    "30": {
        "mjd": 57211.71769999992,
        "mag": 17.99,
        "mag_err": 0.01,
        "passband": 1,
        "locus_id": "iPTF15aym"
    },
    "31": {
        "mjd": 57215.80659999978,
        "mag": 18.14,
        "mag_err": 0.02,
        "passband": 1,
        "locus_id": "iPTF15aym"
    },
    "32": {
        "mjd": 57218.70010000003,
        "mag": 18.19,
        "mag_err": 0.02,
        "passband": 1,
        "locus_id": "iPTF15aym"
    },
    "33": {
        "mjd": 57220.72919999994,
        "mag": 18.29,
        "mag_err": 0.01,
        "passband": 1,
        "locus_id": "iPTF15aym"
    },
    "34": {
        "mjd": 57235.76239999988,
        "mag": 18.73,
        "mag_err": 0.09,
        "passband": 1,
        "locus_id": "iPTF15aym"
    },
    "35": {
        "mjd": 57239.67040000018,
        "mag": 18.79,
        "mag_err": 0.03,
        "passband": 1,
        "locus_id": "iPTF15aym"
    },
    "36": {
        "mjd": 57241.7080000001,
        "mag": 18.77,
        "mag_err": 0.02,
        "passband": 1,
        "locus_id": "iPTF15aym"
    },
    "37": {
        "mjd": 57245.65980000003,
        "mag": 18.87,
        "mag_err": 0.02,
        "passband": 1,
        "locus_id": "iPTF15aym"
    },
    "38": {
        "mjd": 57249.72750000004,
        "mag": 19.16,
        "mag_err": 0.02,
        "passband": 1,
        "locus_id": "iPTF15aym"
    },
    "39": {
        "mjd": 57255.64270000019,
        "mag": 19.05,
        "mag_err": 0.04,
        "passband": 1,
        "locus_id": "iPTF15aym"
    },
    "40": {
        "mjd": 57256.646499999806,
        "mag": 18.97,
        "mag_err": 0.02,
        "passband": 1,
        "locus_id": "iPTF15aym"
    },
    "41": {
        "mjd": 57289.61180000008,
        "mag": 19.63,
        "mag_err": 0.11,
        "passband": 1,
        "locus_id": "iPTF15aym"
    },
    "42": {
        "mjd": 57346.963099999826,
        "mag": 20.02,
        "mag_err": 0.04,
        "passband": 1,
        "locus_id": "iPTF15aym"
    },
    "43": {
        "mjd": 57348.95640000002,
        "mag": 20.09,
        "mag_err": 0.08,
        "passband": 1,
        "locus_id": "iPTF15aym"
    },
    "44": {
        "mjd": 57356.93610000005,
        "mag": 20.08,
        "mag_err": 0.19,
        "passband": 1,
        "locus_id": "iPTF15aym"
    },
    "45": {
        "mjd": 57358.93019999982,
        "mag": 20.26,
        "mag_err": 0.1,
        "passband": 1,
        "locus_id": "iPTF15aym"
    },
    "46": {
        "mjd": 57360.9243999999,
        "mag": 20.17,
        "mag_err": 0.06,
        "passband": 1,
        "locus_id": "iPTF15aym"
    },
    "47": {
        "mjd": 57363.916499999825,
        "mag": 20.14,
        "mag_err": 0.07,
        "passband": 1,
        "locus_id": "iPTF15aym"
    },
    "48": {
        "mjd": 57365.909599999904,
        "mag": 20.04,
        "mag_err": 0.06,
        "passband": 1,
        "locus_id": "iPTF15aym"
    },
    "49": {
        "mjd": 57369.899000000216,
        "mag": 20.29,
        "mag_err": 0.06,
        "passband": 1,
        "locus_id": "iPTF15aym"
    },
    "50": {
        "mjd": 57371.89639999997,
        "mag": 20.29,
        "mag_err": 0.08,
        "passband": 1,
        "locus_id": "iPTF15aym"
    },
    "51": {
        "mjd": 57403.91229999997,
        "mag": 20.53,
        "mag_err": 0.04,