{
    "0": {
        "mjd": 53979.279999999795,
        "passband": 1,
        "mag": 18.048,
        "mag_err": 0.008,
        "locus_id": "SN2006ep"
    },
    "1": {
        "mjd": 53981.24000000022,
        "passband": 1,
        "mag": 17.833,
        "mag_err": 0.01,
        "locus_id": "SN2006ep"
    },
    "2": {
        "mjd": 53986.24000000022,
        "passband": 1,
        "mag": 17.669,
        "mag_err": 0.018000000000000002,
        "locus_id": "SN2006ep"
    },
    "3": {
        "mjd": 53994.279999999795,
        "passband": 1,
        "mag": 18.151,
        "mag_err": 0.008,
        "locus_id": "SN2006ep"
    },
    "4": {
        "mjd": 53998.220000000205,
        "passband": 1,
        "mag": 18.563,
        "mag_err": 0.012,
        "locus_id": "SN2006ep"
    },
    "5": {
        "mjd": 54001.200000000186,
        "passband": 1,
        "mag": 18.851,
        "mag_err": 0.013000000000000001,
        "locus_id": "SN2006ep"
    },
    "6": {
        "mjd": 54003.22999999998,
        "passband": 1,
        "mag": 19.017,
        "mag_err": 0.013000000000000001,
        "locus_id": "SN2006ep"
    },
    "7": {
        "mjd": 54008.220000000205,
        "passband": 1,
        "mag": 19.435,
        "mag_err": 0.017,
        "locus_id": "SN2006ep"
    },
    "8": {
        "mjd": 54014.169999999925,
        "passband": 1,
        "mag": 19.852,
        "mag_err": 0.10099999999999999,
        "locus_id": "SN2006ep"
    },
    "9": {
        "mjd": 54029.16000000015,
        "passband": 1,
        "mag": 20.188,
        "mag_err": 0.027999999999999997,
        "locus_id": "SN2006ep"
    },
    "10": {
        "mjd": 54038.12000000011,
        "passband": 1,
        "mag": 20.195,
        "mag_err": 0.042,
        "locus_id": "SN2006ep"
    },
    "11": {
        "mjd": 54048.14999999991,
        "passband": 1,
        "mag": 20.454,
        "mag_err": 0.075,
        "locus_id": "SN2006ep"
    },
    "12": {
        "mjd": 54068.080000000075,
        "passband": 1,
        "mag": 20.575,
        "mag_err": 0.084,
        "locus_id": "SN2006ep"
    },
    "13": {
        "mjd": 53979.279999999795,
        "passband": 2,
        "mag": 17.785999999999998,
        "mag_err": 0.008,
        "locus_id": "SN2006ep"
    },
    "14": {
        "mjd": 53981.24000000022,
        "passband": 2,
        "mag": 17.539,
        "mag_err": 0.008,
        "locus_id": "SN2006ep"
    },
    "15": {
        "mjd": 53986.24000000022,
        "passband": 2,
        "mag": 17.242,
        "mag_err": 0.01,
        "locus_id": "SN2006ep"
    },
    "16": {
        "mjd": 53994.279999999795,
        "passband": 2,
        "mag": 17.296,
        "mag_err": 0.005,
        "locus_id": "SN2006ep"
    },
    "17": {
        "mjd": 53998.220000000205,
        "passband": 2,
        "mag": 17.528,
        "mag_err": 0.006,
        "locus_id": "SN2006ep"
    },
    "18": {
        "mjd": 54001.200000000186,
        "passband": 2,
        "mag": 17.718,
        "mag_err": 0.006999999999999999,
        "locus_id": "SN2006ep"
    },
    "19": {
        "mjd": 54003.22999999998,
        "passband": 2,
        "mag": 17.868,
        "mag_err": 0.009000000000000001,
        "locus_id": "SN2006ep"
    },
    "20": {
        "mjd": 54008.220000000205,
        "passband": 2,
        "mag": 18.232,
        "mag_err": 0.009000000000000001,
        "locus_id": "SN2006ep"
    },
    "21": {
        "mjd": 54014.169999999925,
        "passband": 2,
        "mag": 18.596,
        "mag_err": 0.033,
        "locus_id": "SN2006ep"
    },
    "22": {
        "mjd": 54029.16000000015,
        "passband": 2,
        "mag": 19.017,
        "mag_err": 0.016,
        "locus_id": "SN2006ep"
    },
    "23": {
        "mjd": 54038.12000000011,
        "passband": 2,
        "mag": 19.188,
        "mag_err": 0.02,
        "locus_id": "SN2006ep"
    },
    "24": {
        "mjd": 54048.14999999991,
        "passband": 2,
        "mag": 19.366,
        "mag_err": 0.034,
        "locus_id": "SN2006ep"
    },
    "25": {
        "mjd": 54068.080000000075,
        "passband": 2,
        "mag": 19.599,
        "mag_err": 0.034,
        "locus_id": "SN2006ep"
    }
}