{
    "0": {
        "mjd": 54914.080000000075,
        "passband": 1,
        "mag": 17.477999999999998,
        "mag_err": 0.015,
        "locus_id": "SN2009bb"
    },
    "1": {
        "mjd": 54915.06999999983,
        "passband": 1,
        "mag": 17.093,
        "mag_err": 0.018000000000000002,
        "locus_id": "SN2009bb"
    },
    "2": {
        "mjd": 54917.189999999944,
        "passband": 1,
        "mag": 16.732,
        "mag_err": 0.015,
        "locus_id": "SN2009bb"
    },
    "3": {
        "mjd": 54920.06999999983,
        "passband": 1,
        "mag": 16.558,
        "mag_err": 0.011000000000000001,
        "locus_id": "SN2009bb"
    },
    "4": {
        "mjd": 54927.080000000075,
        "passband": 1,
        "mag": 16.88,
        "mag_err": 0.01,
        "locus_id": "SN2009bb"
    },
    "5": {
        "mjd": 54928.049999999814,
        "passband": 1,
        "mag": 16.984,
        "mag_err": 0.011000000000000001,
        "locus_id": "SN2009bb"
    },
    "6": {
        "mjd": 54930.029999999795,
        "passband": 1,
        "mag": 17.195999999999998,
        "mag_err": 0.012,
        "locus_id": "SN2009bb"
    },
    "7": {
        "mjd": 54931.04000000004,
        "passband": 1,
        "mag": 17.32,
        "mag_err": 0.013000000000000001,
        "locus_id": "SN2009bb"
    },
    "8": {
        "mjd": 54933.049999999814,
        "passband": 1,
        "mag": 17.543,
        "mag_err": 0.013000000000000001,
        "locus_id": "SN2009bb"
    },
    "9": {
        "mjd": 54937.10000000009,
        "passband": 1,
        "mag": 17.99,
        "mag_err": 0.027999999999999997,
        "locus_id": "SN2009bb"
    },
    "10": {
        "mjd": 54938.08999999985,
        "passband": 1,
        "mag": 18.102,
        "mag_err": 0.03,
        "locus_id": "SN2009bb"
    },
    "11": {
        "mjd": 54942.080000000075,
        "passband": 1,
        "mag": 18.373,
        "mag_err": 0.025,
        "locus_id": "SN2009bb"
    },
    "12": {
        "mjd": 54946.049999999814,
        "passband": 1,
        "mag": 18.613,
        "mag_err": 0.032,
        "locus_id": "SN2009bb"
    },
    "13": {
        "mjd": 54960.029999999795,
        "passband": 1,
        "mag": 19.072,
        "mag_err": 0.032,
        "locus_id": "SN2009bb"
    },
    "14": {
        "mjd": 54964.06999999983,
        "passband": 1,
        "mag": 19.099,
        "mag_err": 0.042,
        "locus_id": "SN2009bb"
    },
    "15": {
        "mjd": 54966.029999999795,
        "passband": 1,
        "mag": 19.117,
        "mag_err": 0.047,
        "locus_id": "SN2009bb"
    },
    "16": {
        "mjd": 54972.0,
        "passband": 1,
        "mag": 19.349,
        "mag_err": 0.040999999999999995,
        "locus_id": "SN2009bb"
    },
    "17": {
        "mjd": 54914.080000000075,
        "passband": 2,
        "mag": 16.982,
        "mag_err": 0.022000000000000002,
        "locus_id": "SN2009bb"
    },
    "18": {
        "mjd": 54915.06999999983,
        "passband": 2,
        "mag": 16.612000000000002,
        "mag_err": 0.016,
        "locus_id": "SN2009bb"
    },
    "19": {
        "mjd": 54917.189999999944,
        "passband": 2,
        "mag": 16.172,
        "mag_err": 0.021,
        "locus_id": "SN2009bb"
    },
    "20": {
        "mjd": 54920.06999999983,
        "passband": 2,
        "mag": 15.937000000000001,
        "mag_err": 0.019,
        "locus_id": "SN2009bb"
    },
    "21": {
        "mjd": 54927.080000000075,
        "passband": 2,
        "mag": 15.887,
        "mag_err": 0.013000000000000001,
        "locus_id": "SN2009bb"
    },
    "22": {
        "mjd": 54928.049999999814,
        "passband": 2,
        "mag": 15.924000000000001,
        "mag_err": 0.012,
        "locus_id": "SN2009bb"
    },
    "23": {
        "mjd": 54930.029999999795,
        "passband": 2,
        "mag": 16.0,
        "mag_err": 0.018000000000000002,
        "locus_id": "SN2009bb"
    },
    "24": {
        "mjd": 54931.04000000004,
        "passband": 2,
        "mag": 16.067999999999998,
        "mag_err": 0.016,
        "locus_id": "SN2009bb"
    },
    "25": {
        "mjd": 54933.049999999814,
        "passband": 2,
        "mag": 16.223,
        "mag_err": 0.015,
        "locus_id": "SN2009bb"
    },
    "26": {
        "mjd": 54937.10000000009,
        "passband": 2,
        "mag": 16.583,
        "mag_err": 0.034,
        "locus_id": "SN2009bb"
    },
    "27": {
        "mjd": 54938.08999999985,
        "passband": 2,
        "mag": 16.665,
        "mag_err": 0.035,
        "locus_id": "SN2009bb"
    },
    "28": {
        "mjd": 54942.080000000075,
        "passband": 2,
        "mag": 16.933,
        "mag_err": 0.022000000000000002,
        "locus_id": "SN2009bb"
    },
    "29": {
        "mjd": 54946.049999999814,
        "passband": 2,
        "mag": 17.239,
        "mag_err": 0.039,
        "locus_id": "SN2009bb"
    },
    "30": {
        "mjd": 54960.029999999795,
        "passband": 2,
        "mag": 17.684,
        "mag_err": 0.034,
        "locus_id": "SN2009bb"
    },
    "31": {
        "mjd": 54964.06999999983,
        "passband": 2,
        "mag": 17.822,
        "mag_err": 0.028999999999999998,
        "locus_id": "SN2009bb"
    },
    "32": {
        "mjd": 54966.029999999795,
        "passband": 2,
        "mag": 17.868,
        "mag_err": 0.05,
        "locus_id": "SN2009bb"
    },
    "33": {
        "mjd": 54972.0,
        "passband": 2,
        "mag": 18.203,
        "mag_err": 0.065,
        "locus_id": "SN2009bb"
    }
}