{
    "0": {
        "mjd": 54169.16000000015,
        "passband": 1,
        "mag": 18.77,
        "mag_err": 0.02,
        "locus_id": "SN2007ag"
    },
    "1": {
        "mjd": 54174.14000000013,
        "passband": 1,
        "mag": 19.192999999999998,
        "mag_err": 0.02,
        "locus_id": "SN2007ag"
    },
    "2": {
        "mjd": 54179.14000000013,
        "passband": 1,
        "mag": 19.555,
        "mag_err": 0.023,
        "locus_id": "SN2007ag"
    },
    "3": {
        "mjd": 54199.06999999983,
        "passband": 1,
        "mag": 20.379,
        "mag_err": 0.037000000000000005,
        "locus_id": "SN2007ag"
    },
    "4": {
        "mjd": 54169.16000000015,
        "passband": 2,
        "mag": 17.984,
        "mag_err": 0.012,
        "locus_id": "SN2007ag"
    },
    "5": {
        "mjd": 54174.14000000013,
        "passband": 2,
        "mag": 18.087,
        "mag_err": 0.011000000000000001,
        "locus_id": "SN2007ag"
    },
    "6": {
        "mjd": 54179.14000000013,
        "passband": 2,
        "mag": 18.307000000000002,
        "mag_err": 0.013999999999999999,
        "locus_id": "SN2007ag"
    },
    "7": {
        "mjd": 54199.06999999983,
        "passband": 2,
        "mag": 19.06,
        "mag_err": 0.018000000000000002,
        "locus_id": "SN2007ag"
    }
}