{
    "0": {
        "mjd": 58734.1376273,
        "passband": 2,
        "mag": 18.4781,
        "mag_err": 0.0778496,
        "locus_id": "ZTF19abxdnzt"
    },
    "1": {
        "mjd": 58734.20583330001,
        "passband": 1,
        "mag": 18.2631,
        "mag_err": 0.107135,
        "locus_id": "ZTF19abxdnzt"
    },
    "2": {
        "mjd": 58737.1653125,
        "passband": 1,
        "mag": 17.4204,
        "mag_err": 0.0539909,
        "locus_id": "ZTF19abxdnzt"
    },
    "3": {
        "mjd": 58737.1826968,
        "passband": 2,
        "mag": 17.6645,
        "mag_err": 0.06952480000000001,
        "locus_id": "ZTF19abxdnzt"
    },
    "4": {
        "mjd": 58741.1348727,
        "passband": 1,
        "mag": 16.8859,
        "mag_err": 0.049510000000000005,
        "locus_id": "ZTF19abxdnzt"
    },
    "5": {
        "mjd": 58744.1254051,
        "passband": 2,
        "mag": 16.9875,
        "mag_err": 0.0514399,
        "locus_id": "ZTF19abxdnzt"
    },
    "6": {
        "mjd": 58744.1384375,
        "passband": 1,
        "mag": 16.7263,
        "mag_err": 0.039890800000000004,
        "locus_id": "ZTF19abxdnzt"
    },
    "7": {
        "mjd": 58747.14,
        "passband": 1,
        "mag": 16.6509,
        "mag_err": 0.035455900000000005,
        "locus_id": "ZTF19abxdnzt"
    },
    "8": {
        "mjd": 58750.143854199996,
        "passband": 1,
        "mag": 16.7545,
        "mag_err": 0.042330599999999996,
        "locus_id": "ZTF19abxdnzt"
    },
    "9": {
        "mjd": 58760.14122690001,
        "passband": 1,
        "mag": 17.3366,
        "mag_err": 0.05829019999999999,
        "locus_id": "ZTF19abxdnzt"
    },
    "10": {
        "mjd": 58768.124039400005,
        "passband": 2,
        "mag": 17.660999999999998,
        "mag_err": 0.071713,
        "locus_id": "ZTF19abxdnzt"
    },
    "11": {
        "mjd": 58771.1037153,
        "passband": 2,
        "mag": 17.692,
        "mag_err": 0.07203839999999999,
        "locus_id": "ZTF19abxdnzt"
    },
    "12": {
        "mjd": 58771.1124421,
        "passband": 1,
        "mag": 18.4018,
        "mag_err": 0.13733099999999998,
        "locus_id": "ZTF19abxdnzt"
    },
    "13": {
        "mjd": 58775.095729199995,
        "passband": 2,
        "mag": 17.8149,
        "mag_err": 0.06836160000000001,
        "locus_id": "ZTF19abxdnzt"
    },
    "14": {
        "mjd": 58775.1157755,
        "passband": 1,
        "mag": 18.7959,
        "mag_err": 0.107412,
        "locus_id": "ZTF19abxdnzt"
    },
    "15": {
        "mjd": 58778.1199074,
        "passband": 1,
        "mag": 18.9229,
        "mag_err": 0.122379,
        "locus_id": "ZTF19abxdnzt"
    },
    "16": {
        "mjd": 58781.09295140001,
        "passband": 2,
        "mag": 17.9469,
        "mag_err": 0.132616,
        "locus_id": "ZTF19abxdnzt"
    },
    "17": {
        "mjd": 58781.1144444,
        "passband": 1,
        "mag": 19.1478,
        "mag_err": 0.231917,
        "locus_id": "ZTF19abxdnzt"
    },
    "18": {
        "mjd": 58785.11730319999,
        "passband": 1,
        "mag": 19.4182,
        "mag_err": 0.202011,
        "locus_id": "ZTF19abxdnzt"
    },
    "19": {
        "mjd": 58789.1234954,
        "passband": 1,
        "mag": 19.609,
        "mag_err": 0.41331,
        "locus_id": "ZTF19abxdnzt"
    },
    "20": {
        "mjd": 58792.111898099996,
        "passband": 2,
        "mag": 18.7477,
        "mag_err": 0.12906199999999998,
        "locus_id": "ZTF19abxdnzt"
    },
    "21": {
        "mjd": 58851.5571528,
        "passband": 1,
        "mag": 20.302,
        "mag_err": 0.211723,
        "locus_id": "ZTF19abxdnzt"
    }
}