{
    "0": {
        "mjd": 58455.46300930001,
        "passband": 2,
        "mag": 19.3683,
        "mag_err": 0.142242,
        "locus_id": "ZTF18acsouxk"
    },
    "1": {
        "mjd": 58455.51695599999,
        "passband": 2,
        "mag": 19.43,
        "mag_err": 0.211848,
        "locus_id": "ZTF18acsouxk"
    },
    "2": {
        "mjd": 58461.4759722,
        "passband": 1,
        "mag": 18.5704,
        "mag_err": 0.08743530000000001,
        "locus_id": "ZTF18acsouxk"
    },
    "3": {
        "mjd": 58461.5416319,
        "passband": 2,
        "mag": 18.7696,
        "mag_err": 0.08257389999999999,
        "locus_id": "ZTF18acsouxk"
    },
    "4": {
        "mjd": 58464.469039400006,
        "passband": 1,
        "mag": 18.4714,
        "mag_err": 0.0700408,
        "locus_id": "ZTF18acsouxk"
    },
    "5": {
        "mjd": 58468.4986227,
        "passband": 2,
        "mag": 18.6827,
        "mag_err": 0.0875527,
        "locus_id": "ZTF18acsouxk"
    },
    "6": {
        "mjd": 58471.525544000004,
        "passband": 2,
        "mag": 18.7706,
        "mag_err": 0.09978250000000001,
        "locus_id": "ZTF18acsouxk"
    },
    "7": {
        "mjd": 58476.469479199994,
        "passband": 2,
        "mag": 19.0062,
        "mag_err": 0.12643800000000002,
        "locus_id": "ZTF18acsouxk"
    },
    "8": {
        "mjd": 58480.4520255,
        "passband": 2,
        "mag": 19.2774,
        "mag_err": 0.151558,
        "locus_id": "ZTF18acsouxk"
    },
    "9": {
        "mjd": 58481.4375347,
        "passband": 2,
        "mag": 19.3118,
        "mag_err": 0.11830999999999998,
        "locus_id": "ZTF18acsouxk"
    },
    "10": {
        "mjd": 58482.511713,
        "passband": 1,
        "mag": 19.5759,
        "mag_err": 0.18376099999999998,
        "locus_id": "ZTF18acsouxk"
    },
    "11": {
        "mjd": 58486.4755671,
        "passband": 2,
        "mag": 19.2585,
        "mag_err": 0.111366,
        "locus_id": "ZTF18acsouxk"
    },
    "12": {
        "mjd": 58493.439178199995,
        "passband": 2,
        "mag": 19.602999999999998,
        "mag_err": 0.15495599999999998,
        "locus_id": "ZTF18acsouxk"
    }
}