{
    "0": {
        "mjd": 58863.3514699,
        "passband": 2,
        "mag": 19.799,
        "mag_err": 0.200902,
        "locus_id": "ZTF17aadlxmv"
    },
    "1": {
        "mjd": 58864.20519680001,
        "passband": 1,
        "mag": 19.88,
        "mag_err": 0.177993,
        "locus_id": "ZTF17aadlxmv"
    },
    "2": {
        "mjd": 58866.3430671,
        "passband": 2,
        "mag": 19.0005,
        "mag_err": 0.104796,
        "locus_id": "ZTF17aadlxmv"
    },
    "3": {
        "mjd": 58867.3910764,
        "passband": 1,
        "mag": 18.785999999999998,
        "mag_err": 0.101484,
        "locus_id": "ZTF17aadlxmv"
    },
    "4": {
        "mjd": 58871.2648727,
        "passband": 2,
        "mag": 18.3491,
        "mag_err": 0.0628269,
        "locus_id": "ZTF17aadlxmv"
    },
    "5": {
        "mjd": 58873.2263194,
        "passband": 2,
        "mag": 18.1249,
        "mag_err": 0.054239300000000004,
        "locus_id": "ZTF17aadlxmv"
    },
    "6": {
        "mjd": 58874.2674306,
        "passband": 2,
        "mag": 18.0731,
        "mag_err": 0.06381970000000001,
        "locus_id": "ZTF17aadlxmv"
    },
    "7": {
        "mjd": 58879.1940972,
        "passband": 1,
        "mag": 17.9475,
        "mag_err": 0.0744518,
        "locus_id": "ZTF17aadlxmv"
    },
    "8": {
        "mjd": 58881.19583330001,
        "passband": 1,
        "mag": 18.0538,
        "mag_err": 0.078026,
        "locus_id": "ZTF17aadlxmv"
    },
    "9": {
        "mjd": 58881.2611806,
        "passband": 2,
        "mag": 17.9718,
        "mag_err": 0.05209169999999999,
        "locus_id": "ZTF17aadlxmv"
    },
    "10": {
        "mjd": 58882.17096059999,
        "passband": 2,
        "mag": 17.9604,
        "mag_err": 0.0609669,
        "locus_id": "ZTF17aadlxmv"
    },
    "11": {
        "mjd": 58884.17752309999,
        "passband": 2,
        "mag": 17.9513,
        "mag_err": 0.10830799999999999,
        "locus_id": "ZTF17aadlxmv"
    },
    "12": {
        "mjd": 58890.3058796,
        "passband": 1,
        "mag": 18.6278,
        "mag_err": 0.134941,
        "locus_id": "ZTF17aadlxmv"
    },
    "13": {
        "mjd": 58892.2588194,
        "passband": 2,
        "mag": 18.5119,
        "mag_err": 0.0740611,
        "locus_id": "ZTF17aadlxmv"
    },
    "14": {
        "mjd": 58898.23908559999,
        "passband": 1,
        "mag": 19.3458,
        "mag_err": 0.149403,
        "locus_id": "ZTF17aadlxmv"
    },
    "15": {
        "mjd": 58898.239537,
        "passband": 1,
        "mag": 19.381,
        "mag_err": 0.130711,
        "locus_id": "ZTF17aadlxmv"
    },
    "16": {
        "mjd": 58898.3017477,
        "passband": 2,
        "mag": 18.6597,
        "mag_err": 0.09962589999999999,
        "locus_id": "ZTF17aadlxmv"
    },
    "17": {
        "mjd": 58899.3100347,
        "passband": 2,
        "mag": 18.6894,
        "mag_err": 0.061396000000000006,
        "locus_id": "ZTF17aadlxmv"
    },
    "18": {
        "mjd": 58900.187523099994,
        "passband": 2,
        "mag": 18.0767,
        "mag_err": 0.201914,
        "locus_id": "ZTF17aadlxmv"
    },
    "19": {
        "mjd": 58900.29851849999,
        "passband": 1,
        "mag": 19.5747,
        "mag_err": 0.120468,
        "locus_id": "ZTF17aadlxmv"
    },
    "20": {
        "mjd": 58903.182580999994,
        "passband": 2,
        "mag": 18.7345,
        "mag_err": 0.06940199999999999,
        "locus_id": "ZTF17aadlxmv"
    },
    "21": {
        "mjd": 58903.2151505,
        "passband": 2,
        "mag": 18.6302,
        "mag_err": 0.0760819,
        "locus_id": "ZTF17aadlxmv"
    },
    "22": {
        "mjd": 58906.2165625,
        "passband": 2,
        "mag": 18.6465,
        "mag_err": 0.11158299999999999,
        "locus_id": "ZTF17aadlxmv"
    },
    "23": {
        "mjd": 58906.2608102,
        "passband": 1,
        "mag": 20.1923,
        "mag_err": 0.235598,
        "locus_id": "ZTF17aadlxmv"
    },
    "24": {
        "mjd": 58909.1210417,
        "passband": 2,
        "mag": 18.9303,
        "mag_err": 0.177825,
        "locus_id": "ZTF17aadlxmv"
    },
    "25": {
        "mjd": 58909.1525,
        "passband": 2,
        "mag": 18.6085,
        "mag_err": 0.185442,
        "locus_id": "ZTF17aadlxmv"
    },
    "26": {
        "mjd": 58912.2059954,
        "passband": 2,
        "mag": 19.0158,
        "mag_err": 0.121421,
        "locus_id": "ZTF17aadlxmv"
    }
}