{
    "0": {
        "mjd": 58425.464143499994,
        "passband": 2,
        "mag": 20.1201,
        "mag_err": 0.18537,
        "locus_id": "ZTF18accnbgw"
    },
    "1": {
        "mjd": 58428.4988194,
        "passband": 2,
        "mag": 19.2909,
        "mag_err": 0.150446,
        "locus_id": "ZTF18accnbgw"
    },
    "2": {
        "mjd": 58428.506944400004,
        "passband": 2,
        "mag": 19.3813,
        "mag_err": 0.102431,
        "locus_id": "ZTF18accnbgw"
    },
    "3": {
        "mjd": 58428.528078699994,
        "passband": 1,
        "mag": 19.2599,
        "mag_err": 0.130167,
        "locus_id": "ZTF18accnbgw"
    },
    "4": {
        "mjd": 58430.366875,
        "passband": 1,
        "mag": 18.9308,
        "mag_err": 0.0823833,
        "locus_id": "ZTF18accnbgw"
    },
    "5": {
        "mjd": 58431.4627546,
        "passband": 1,
        "mag": 18.7943,
        "mag_err": 0.07932389999999999,
        "locus_id": "ZTF18accnbgw"
    },
    "6": {
        "mjd": 58431.5096528,
        "passband": 2,
        "mag": 18.8177,
        "mag_err": 0.117127,
        "locus_id": "ZTF18accnbgw"
    },
    "7": {
        "mjd": 58431.514236099996,
        "passband": 2,
        "mag": 18.9109,
        "mag_err": 0.101485,
        "locus_id": "ZTF18accnbgw"
    },
    "8": {
        "mjd": 58434.428287,
        "passband": 1,
        "mag": 18.5207,
        "mag_err": 0.0822497,
        "locus_id": "ZTF18accnbgw"
    },
    "9": {
        "mjd": 58434.4509722,
        "passband": 2,
        "mag": 18.6023,
        "mag_err": 0.10357000000000001,
        "locus_id": "ZTF18accnbgw"
    },
    "10": {
        "mjd": 58434.46278940001,
        "passband": 2,
        "mag": 18.5634,
        "mag_err": 0.0853063,
        "locus_id": "ZTF18accnbgw"
    },
    "11": {
        "mjd": 58434.5113773,
        "passband": 1,
        "mag": 18.7676,
        "mag_err": 0.08804980000000001,
        "locus_id": "ZTF18accnbgw"
    },
    "12": {
        "mjd": 58437.3921875,
        "passband": 2,
        "mag": 18.4634,
        "mag_err": 0.0698271,
        "locus_id": "ZTF18accnbgw"
    },
    "13": {
        "mjd": 58437.467175900005,
        "passband": 1,
        "mag": 18.3909,
        "mag_err": 0.0672543,
        "locus_id": "ZTF18accnbgw"
    },
    "14": {
        "mjd": 58437.468125,
        "passband": 1,
        "mag": 18.5926,
        "mag_err": 0.0862861,
        "locus_id": "ZTF18accnbgw"
    },
    "15": {
        "mjd": 58437.5268519,
        "passband": 2,
        "mag": 18.3899,
        "mag_err": 0.0689462,
        "locus_id": "ZTF18accnbgw"
    },
    "16": {
        "mjd": 58440.4220139,
        "passband": 1,
        "mag": 18.3134,
        "mag_err": 0.21455100000000002,
        "locus_id": "ZTF18accnbgw"
    },
    "17": {
        "mjd": 58440.455335599996,
        "passband": 1,
        "mag": 18.5767,
        "mag_err": 0.0738929,
        "locus_id": "ZTF18accnbgw"
    },
    "18": {
        "mjd": 58440.5129282,
        "passband": 2,
        "mag": 18.428,
        "mag_err": 0.060272000000000006,
        "locus_id": "ZTF18accnbgw"
    },
    "19": {
        "mjd": 58440.51614580001,
        "passband": 2,
        "mag": 18.4306,
        "mag_err": 0.075028,
        "locus_id": "ZTF18accnbgw"
    },
    "20": {
        "mjd": 58443.4058449,
        "passband": 2,
        "mag": 18.4404,
        "mag_err": 0.07203839999999999,
        "locus_id": "ZTF18accnbgw"
    },
    "21": {
        "mjd": 58443.445625,
        "passband": 2,
        "mag": 18.4072,
        "mag_err": 0.06740460000000001,
        "locus_id": "ZTF18accnbgw"
    },
    "22": {
        "mjd": 58443.5108218,
        "passband": 1,
        "mag": 18.4228,
        "mag_err": 0.0609202,
        "locus_id": "ZTF18accnbgw"
    },
    "23": {
        "mjd": 58443.53011569999,
        "passband": 1,
        "mag": 18.7316,
        "mag_err": 0.0672841,
        "locus_id": "ZTF18accnbgw"
    },
    "24": {
        "mjd": 58447.420787,
        "passband": 2,
        "mag": 18.5672,
        "mag_err": 0.0793025,
        "locus_id": "ZTF18accnbgw"
    },
    "25": {
        "mjd": 58447.42125,
        "passband": 2,
        "mag": 18.5941,
        "mag_err": 0.10232999999999999,
        "locus_id": "ZTF18accnbgw"
    },
    "26": {
        "mjd": 58450.38824069999,
        "passband": 2,
        "mag": 18.7539,
        "mag_err": 0.09532189999999999,
        "locus_id": "ZTF18accnbgw"
    },
    "27": {
        "mjd": 58450.4403356,
        "passband": 1,
        "mag": 19.2185,
        "mag_err": 0.14361400000000002,
        "locus_id": "ZTF18accnbgw"
    },
    "28": {
        "mjd": 58450.443101900004,
        "passband": 1,
        "mag": 18.8926,
        "mag_err": 0.08898400000000001,
        "locus_id": "ZTF18accnbgw"
    },
    "29": {
        "mjd": 58450.5399653,
        "passband": 2,
        "mag": 18.7323,
        "mag_err": 0.0835946,
        "locus_id": "ZTF18accnbgw"
    },
    "30": {
        "mjd": 58455.485162,
        "passband": 2,
        "mag": 18.9639,
        "mag_err": 0.09448780000000001,
        "locus_id": "ZTF18accnbgw"
    },
    "31": {
        "mjd": 58455.488912,
        "passband": 2,
        "mag": 19.0611,
        "mag_err": 0.164972,
        "locus_id": "ZTF18accnbgw"
    },
    "32": {
        "mjd": 58461.5154745,
        "passband": 2,
        "mag": 19.1006,
        "mag_err": 0.10681500000000001,
        "locus_id": "ZTF18accnbgw"
    },
    "33": {
        "mjd": 58461.5245139,
        "passband": 2,
        "mag": 19.1313,
        "mag_err": 0.132227,
        "locus_id": "ZTF18accnbgw"
    },
    "34": {
        "mjd": 58464.2984375,
        "passband": 2,
        "mag": 19.1012,
        "mag_err": 0.153575,
        "locus_id": "ZTF18accnbgw"
    },
    "35": {
        "mjd": 58464.5304051,
        "passband": 2,
        "mag": 19.2097,
        "mag_err": 0.0889319,
        "locus_id": "ZTF18accnbgw"
    },
    "36": {
        "mjd": 58468.4168403,
        "passband": 1,
        "mag": 20.407,
        "mag_err": 0.197009,
        "locus_id": "ZTF18accnbgw"
    },
    "37": {
        "mjd": 58468.43182869999,
        "passband": 1,
        "mag": 20.497,
        "mag_err": 0.186751,
        "locus_id": "ZTF18accnbgw"
    },
    "38": {
        "mjd": 58472.4255208,
        "passband": 2,
        "mag": 19.5181,
        "mag_err": 0.147053,
        "locus_id": "ZTF18accnbgw"
    },
    "39": {
        "mjd": 58474.3386574,
        "passband": 2,
        "mag": 19.4605,
        "mag_err": 0.20611300000000002,
        "locus_id": "ZTF18accnbgw"
    },
    "40": {
        "mjd": 58480.44282409999,
        "passband": 2,
        "mag": 19.8096,
        "mag_err": 0.16245,
        "locus_id": "ZTF18accnbgw"
    },
    "41": {
        "mjd": 58481.4452662,
        "passband": 2,
        "mag": 20.1243,
        "mag_err": 0.194877,
        "locus_id": "ZTF18accnbgw"
    },
    "42": {
        "mjd": 58486.447951400005,
        "passband": 2,
        "mag": 20.0999,
        "mag_err": 0.21535,
        "locus_id": "ZTF18accnbgw"
    },
    "43": {
        "mjd": 58486.47,
        "passband": 2,
        "mag": 20.1342,
        "mag_err": 0.193409,
        "locus_id": "ZTF18accnbgw"
    },
    "44": {
        "mjd": 58490.2175579,
        "passband": 2,
        "mag": 20.2666,
        "mag_err": 0.193976,
        "locus_id": "ZTF18accnbgw"
    },
    "45": {
        "mjd": 58522.4277431,
        "passband": 1,
        "mag": 20.2409,
        "mag_err": 0.204732,
        "locus_id": "ZTF18accnbgw"
    },
    "46": {
        "mjd": 58541.2441319,
        "passband": 1,
        "mag": 20.1997,
        "mag_err": 0.197871,
        "locus_id": "ZTF18accnbgw"
    },
    "47": {
        "mjd": 58559.15153940001,
        "passband": 1,
        "mag": 20.1112,
        "mag_err": 0.31399499999999997,
        "locus_id": "ZTF18accnbgw"
    },
    "48": {
        "mjd": 58567.1964699,
        "passband": 1,
        "mag": 20.1261,