{
    "0": {
        "mjd": 58422.267604199995,
        "passband": 1,
        "mag": 19.095,
        "mag_err": 0.13181199999999998,
        "locus_id": "ZTF18acbufud"
    },
    "1": {
        "mjd": 58422.31751159999,
        "passband": 2,
        "mag": 18.9262,
        "mag_err": 0.0955108,
        "locus_id": "ZTF18acbufud"
    },
    "2": {
        "mjd": 58425.2714699,
        "passband": 2,
        "mag": 18.9648,
        "mag_err": 0.07847130000000001,
        "locus_id": "ZTF18acbufud"
    },
    "3": {
        "mjd": 58425.34188659999,
        "passband": 1,
        "mag": 19.2638,
        "mag_err": 0.090503,
        "locus_id": "ZTF18acbufud"
    },
    "4": {
        "mjd": 58428.21657409999,
        "passband": 1,
        "mag": 19.5359,
        "mag_err": 0.159019,
        "locus_id": "ZTF18acbufud"
    },
    "5": {
        "mjd": 58428.253356500005,
        "passband": 2,
        "mag": 19.1835,
        "mag_err": 0.10734400000000001,
        "locus_id": "ZTF18acbufud"
    },
    "6": {
        "mjd": 58434.3094329,
        "passband": 2,
        "mag": 19.2302,
        "mag_err": 0.166048,
        "locus_id": "ZTF18acbufud"
    },
    "7": {
        "mjd": 58437.2985995,
        "passband": 2,
        "mag": 19.6544,
        "mag_err": 0.139157,
        "locus_id": "ZTF18acbufud"
    }
}