{
    "0": {
        "mjd": 58733.49289349999,
        "passband": 1,
        "mag": 19.1384,
        "mag_err": 0.147455,
        "locus_id": "ZTF19abxvtmn"
    },
    "1": {
        "mjd": 58733.510983800006,
        "passband": 2,
        "mag": 19.0024,
        "mag_err": 0.114631,
        "locus_id": "ZTF19abxvtmn"
    },
    "2": {
        "mjd": 58736.48716440001,
        "passband": 1,
        "mag": 19.1319,
        "mag_err": 0.10543499999999999,
        "locus_id": "ZTF19abxvtmn"
    },
    "3": {
        "mjd": 58736.5087847,
        "passband": 2,
        "mag": 18.817999999999998,
        "mag_err": 0.0906908,
        "locus_id": "ZTF19abxvtmn"
    },
    "4": {
        "mjd": 58737.5065046,
        "passband": 1,
        "mag": 19.1509,
        "mag_err": 0.12103,
        "locus_id": "ZTF19abxvtmn"
    },
    "5": {
        "mjd": 58739.4684375,
        "passband": 2,
        "mag": 18.889,
        "mag_err": 0.20650300000000002,
        "locus_id": "ZTF19abxvtmn"
    },
    "6": {
        "mjd": 58745.4874074,
        "passband": 2,
        "mag": 18.82,
        "mag_err": 0.138098,
        "locus_id": "ZTF19abxvtmn"
    },
    "7": {
        "mjd": 58745.4892245,
        "passband": 2,
        "mag": 18.8055,
        "mag_err": 0.11568599999999998,
        "locus_id": "ZTF19abxvtmn"
    },
    "8": {
        "mjd": 58745.513078699994,
        "passband": 1,
        "mag": 19.2715,
        "mag_err": 0.187655,
        "locus_id": "ZTF19abxvtmn"
    },
    "9": {
        "mjd": 58745.51675930001,
        "passband": 1,
        "mag": 19.1678,
        "mag_err": 0.18428699999999998,
        "locus_id": "ZTF19abxvtmn"
    },
    "10": {
        "mjd": 58748.49229169999,
        "passband": 2,
        "mag": 18.7627,
        "mag_err": 0.10469300000000001,
        "locus_id": "ZTF19abxvtmn"
    },
    "11": {
        "mjd": 58748.495,
        "passband": 2,
        "mag": 18.8175,
        "mag_err": 0.087622,
        "locus_id": "ZTF19abxvtmn"
    },
    "12": {
        "mjd": 58748.512361099994,
        "passband": 1,
        "mag": 19.2156,
        "mag_err": 0.148355,
        "locus_id": "ZTF19abxvtmn"
    },
    "13": {
        "mjd": 58748.51326390001,
        "passband": 1,
        "mag": 19.1718,
        "mag_err": 0.14548599999999998,
        "locus_id": "ZTF19abxvtmn"
    },
    "14": {
        "mjd": 58751.4884259,
        "passband": 1,
        "mag": 19.1485,
        "mag_err": 0.146362,
        "locus_id": "ZTF19abxvtmn"
    },
    "15": {
        "mjd": 58751.48979169999,
        "passband": 1,
        "mag": 19.2357,
        "mag_err": 0.14240999999999998,
        "locus_id": "ZTF19abxvtmn"
    },
    "16": {
        "mjd": 58756.4532176,
        "passband": 1,
        "mag": 19.1703,
        "mag_err": 0.126519,
        "locus_id": "ZTF19abxvtmn"
    },
    "17": {
        "mjd": 58756.4722106,
        "passband": 1,
        "mag": 19.2584,
        "mag_err": 0.147532,
        "locus_id": "ZTF19abxvtmn"
    },
    "18": {
        "mjd": 58756.5146296,
        "passband": 2,
        "mag": 18.9249,
        "mag_err": 0.090804,
        "locus_id": "ZTF19abxvtmn"
    },
    "19": {
        "mjd": 58759.4496875,
        "passband": 1,
        "mag": 19.1887,
        "mag_err": 0.112095,
        "locus_id": "ZTF19abxvtmn"
    },
    "20": {
        "mjd": 58759.5094329,
        "passband": 2,
        "mag": 18.775,
        "mag_err": 0.073318,
        "locus_id": "ZTF19abxvtmn"
    },
    "21": {
        "mjd": 58763.4436921,
        "passband": 1,
        "mag": 19.2353,
        "mag_err": 0.15261,
        "locus_id": "ZTF19abxvtmn"
    },
    "22": {
        "mjd": 58763.468726900006,
        "passband": 1,
        "mag": 19.2689,
        "mag_err": 0.142842,
        "locus_id": "ZTF19abxvtmn"
    },
    "23": {
        "mjd": 58766.4361227,
        "passband": 1,
        "mag": 19.3257,
        "mag_err": 0.169971,
        "locus_id": "ZTF19abxvtmn"
    },
    "24": {
        "mjd": 58766.4676505,
        "passband": 1,
        "mag": 19.2493,
        "mag_err": 0.111196,
        "locus_id": "ZTF19abxvtmn"
    },
    "25": {
        "mjd": 58766.5316204,
        "passband": 2,
        "mag": 18.8321,
        "mag_err": 0.0825227,
        "locus_id": "ZTF19abxvtmn"
    },
    "26": {
        "mjd": 58766.53208330001,
        "passband": 2,
        "mag": 18.8013,
        "mag_err": 0.10371099999999998,
        "locus_id": "ZTF19abxvtmn"
    },
    "27": {
        "mjd": 58769.4728125,
        "passband": 2,
        "mag": 18.8323,
        "mag_err": 0.142235,
        "locus_id": "ZTF19abxvtmn"
    },
    "28": {
        "mjd": 58769.473287,
        "passband": 2,
        "mag": 18.7866,
        "mag_err": 0.0918467,
        "locus_id": "ZTF19abxvtmn"
    },
    "29": {
        "mjd": 58769.5181829,
        "passband": 1,
        "mag": 19.089000000000002,
        "mag_err": 0.163696,
        "locus_id": "ZTF19abxvtmn"
    },
    "30": {
        "mjd": 58775.4242245,
        "passband": 1,
        "mag": 19.2619,
        "mag_err": 0.162394,
        "locus_id": "ZTF19abxvtmn"
    },
    "31": {
        "mjd": 58776.5042824,
        "passband": 2,
        "mag": 18.8726,
        "mag_err": 0.119897,
        "locus_id": "ZTF19abxvtmn"
    },
    "32": {
        "mjd": 58776.53576390001,
        "passband": 1,
        "mag": 19.5104,
        "mag_err": 0.18848299999999998,
        "locus_id": "ZTF19abxvtmn"
    },
    "33": {
        "mjd": 58778.496794000006,
        "passband": 2,
        "mag": 18.9295,
        "mag_err": 0.140294,
        "locus_id": "ZTF19abxvtmn"
    },
    "34": {
        "mjd": 58778.525856500004,
        "passband": 1,
        "mag": 19.3586,
        "mag_err": 0.163222,
        "locus_id": "ZTF19abxvtmn"
    },
    "35": {
        "mjd": 58779.506550900005,
        "passband": 1,
        "mag": 19.3481,
        "mag_err": 0.12594,
        "locus_id": "ZTF19abxvtmn"
    },
    "36": {
        "mjd": 58781.4750926,
        "passband": 1,
        "mag": 19.45,
        "mag_err": 0.236895,
        "locus_id": "ZTF19abxvtmn"
    },
    "37": {
        "mjd": 58781.5067824,
        "passband": 2,
        "mag": 18.8866,
        "mag_err": 0.170165,
        "locus_id": "ZTF19abxvtmn"
    },
    "38": {
        "mjd": 58784.4862153,
        "passband": 1,
        "mag": 19.4984,
        "mag_err": 0.253817,
        "locus_id": "ZTF19abxvtmn"
    },
    "39": {
        "mjd": 58784.5353009,
        "passband": 2,
        "mag": 18.7874,
        "mag_err": 0.20188699999999998,
        "locus_id": "ZTF19abxvtmn"
    },
    "40": {
        "mjd": 58785.49626159999,
        "passband": 2,
        "mag": 18.8434,
        "mag_err": 0.09307819999999999,
        "locus_id": "ZTF19abxvtmn"
    },
    "41": {
        "mjd": 58785.5279051,
        "passband": 1,
        "mag": 19.3554,
        "mag_err": 0.129422,
        "locus_id": "ZTF19abxvtmn"
    },
    "42": {
        "mjd": 58788.5091898,
        "passband": 1,
        "mag": 19.6184,
        "mag_err": 0.147558,
        "locus_id": "ZTF19abxvtmn"
    },
    "43": {
        "mjd": 58788.5129977,
        "passband": 1,
        "mag": 19.5647,
        "mag_err": 0.149173,
        "locus_id": "ZTF19abxvtmn"
    },
    "44": {
        "mjd": 58788.53667819999,
        "passband": 2,
        "mag": 18.935,
        "mag_err": 0.106956,
        "locus_id": "ZTF19abxvtmn"
    },
    "45": {
        "mjd": 58788.53898150001,
        "passband": 2,
        "mag": 18.9332,
        "mag_err": 0.0983135,
        "locus_id": "ZTF19abxvtmn"
    },
    "46": {
        "mjd": 58791.4985995,
        "passband": 2,
        "mag": 18.9601,
        "mag_err": 0.09321900000000001,
        "locus_id": "ZTF19abxvtmn"
    },
    "47": {
        "mjd": 58791.506770800006,
        "passband": 2,
        "mag": 19.0739,
        "mag_err": 0.0985563,
        "locus_id": "ZTF19abxvtmn"
    },
    "48": {
        "mjd": 58791.5109722,
        "passband": 2,
        "mag": 18.9357,