{
    "0": {
        "mjd": 58749.2994444,
        "passband": 2,
        "mag": 20.7143,
        "mag_err": 0.224883,
        "locus_id": "ZTF19acanzwg"
    },
    "1": {
        "mjd": 58757.3322222,
        "passband": 2,
        "mag": 20.1263,
        "mag_err": 0.191615,
        "locus_id": "ZTF19acanzwg"
    },
    "2": {
        "mjd": 58760.326516199995,
        "passband": 2,
        "mag": 20.0394,
        "mag_err": 0.174626,
        "locus_id": "ZTF19acanzwg"
    },
    "3": {
        "mjd": 58760.371736099994,
        "passband": 1,
        "mag": 20.5406,
        "mag_err": 0.22075100000000003,
        "locus_id": "ZTF19acanzwg"
    },
    "4": {
        "mjd": 58763.336817100004,
        "passband": 2,
        "mag": 20.1285,
        "mag_err": 0.204147,
        "locus_id": "ZTF19acanzwg"
    },
    "5": {
        "mjd": 58763.392199099995,
        "passband": 1,
        "mag": 20.4314,
        "mag_err": 0.197148,
        "locus_id": "ZTF19acanzwg"
    },
    "6": {
        "mjd": 58764.135046300005,
        "passband": 2,
        "mag": 19.8691,
        "mag_err": 0.283516,
        "locus_id": "ZTF19acanzwg"
    },
    "7": {
        "mjd": 58764.1684028,
        "passband": 1,
        "mag": 20.3854,
        "mag_err": 0.282958,
        "locus_id": "ZTF19acanzwg"
    },
    "8": {
        "mjd": 58765.1352431,
        "passband": 2,
        "mag": 19.866,
        "mag_err": 0.286981,
        "locus_id": "ZTF19acanzwg"
    },
    "9": {
        "mjd": 58774.1368519,
        "passband": 2,
        "mag": 20.1053,
        "mag_err": 0.290905,
        "locus_id": "ZTF19acanzwg"
    },
    "10": {
        "mjd": 58775.1365856,
        "passband": 2,
        "mag": 20.2781,
        "mag_err": 0.23026999999999997,
        "locus_id": "ZTF19acanzwg"
    },
    "11": {
        "mjd": 58775.1650926,
        "passband": 1,
        "mag": 21.0734,
        "mag_err": 0.343003,
        "locus_id": "ZTF19acanzwg"
    },
    "12": {
        "mjd": 58776.1363773,
        "passband": 2,
        "mag": 20.2461,
        "mag_err": 0.242085,
        "locus_id": "ZTF19acanzwg"
    },
    "13": {
        "mjd": 58777.136794000005,
        "passband": 2,
        "mag": 19.875999999999998,
        "mag_err": 0.203148,
        "locus_id": "ZTF19acanzwg"
    },
    "14": {
        "mjd": 58781.1366898,
        "passband": 2,
        "mag": 20.0148,
        "mag_err": 0.246277,
        "locus_id": "ZTF19acanzwg"
    },
    "15": {
        "mjd": 58782.16355319999,
        "passband": 1,
        "mag": 20.7176,
        "mag_err": 0.30955,
        "locus_id": "ZTF19acanzwg"
    },
    "16": {
        "mjd": 58783.1370023,
        "passband": 2,
        "mag": 20.0363,
        "mag_err": 0.188724,
        "locus_id": "ZTF19acanzwg"
    },
    "17": {
        "mjd": 58783.1650926,
        "passband": 1,
        "mag": 20.9732,
        "mag_err": 0.393915,
        "locus_id": "ZTF19acanzwg"
    },
    "18": {
        "mjd": 58785.164803199994,
        "passband": 1,
        "mag": 20.7437,
        "mag_err": 0.204538,
        "locus_id": "ZTF19acanzwg"
    },
    "19": {
        "mjd": 58786.143553199996,
        "passband": 2,
        "mag": 19.9335,
        "mag_err": 0.251316,
        "locus_id": "ZTF19acanzwg"
    },
    "20": {
        "mjd": 58786.1717824,
        "passband": 1,
        "mag": 20.4984,
        "mag_err": 0.258793,
        "locus_id": "ZTF19acanzwg"
    },
    "21": {
        "mjd": 58787.13591440001,
        "passband": 2,
        "mag": 19.9035,
        "mag_err": 0.265858,
        "locus_id": "ZTF19acanzwg"
    },
    "22": {
        "mjd": 58788.1368056,
        "passband": 2,
        "mag": 19.7518,
        "mag_err": 0.26366799999999996,
        "locus_id": "ZTF19acanzwg"
    },
    "23": {
        "mjd": 58788.1650347,
        "passband": 1,
        "mag": 20.5114,
        "mag_err": 0.27124899999999996,
        "locus_id": "ZTF19acanzwg"
    },
    "24": {
        "mjd": 58789.13719909999,
        "passband": 2,
        "mag": 19.5002,
        "mag_err": 0.162153,
        "locus_id": "ZTF19acanzwg"
    },
    "25": {
        "mjd": 58789.1654398,
        "passband": 1,
        "mag": 20.4278,
        "mag_err": 0.237826,
        "locus_id": "ZTF19acanzwg"
    },
    "26": {
        "mjd": 58789.266921300004,
        "passband": 2,
        "mag": 19.4539,
        "mag_err": 0.151695,
        "locus_id": "ZTF19acanzwg"
    },
    "27": {
        "mjd": 58789.3696296,
        "passband": 1,
        "mag": 20.4915,
        "mag_err": 0.30041100000000004,
        "locus_id": "ZTF19acanzwg"
    },
    "28": {
        "mjd": 58790.1913194,
        "passband": 2,
        "mag": 19.5745,
        "mag_err": 0.112528,
        "locus_id": "ZTF19acanzwg"
    },
    "29": {
        "mjd": 58791.27898150001,
        "passband": 1,
        "mag": 20.1791,
        "mag_err": 0.165759,
        "locus_id": "ZTF19acanzwg"
    },
    "30": {
        "mjd": 58791.3459375,
        "passband": 2,
        "mag": 19.5393,
        "mag_err": 0.13076300000000002,
        "locus_id": "ZTF19acanzwg"
    },
    "31": {
        "mjd": 58793.1868403,
        "passband": 1,
        "mag": 19.9144,
        "mag_err": 0.188891,
        "locus_id": "ZTF19acanzwg"
    },
    "32": {
        "mjd": 58794.3192477,
        "passband": 2,
        "mag": 19.4579,
        "mag_err": 0.150395,
        "locus_id": "ZTF19acanzwg"
    },
    "33": {
        "mjd": 58797.2281944,
        "passband": 1,
        "mag": 19.7869,
        "mag_err": 0.23958600000000002,
        "locus_id": "ZTF19acanzwg"
    },
    "34": {
        "mjd": 58799.305787,
        "passband": 2,
        "mag": 19.274,
        "mag_err": 0.246177,
        "locus_id": "ZTF19acanzwg"
    },
    "35": {
        "mjd": 58800.217870399996,
        "passband": 1,
        "mag": 19.4814,
        "mag_err": 0.22819699999999998,
        "locus_id": "ZTF19acanzwg"
    },
    "36": {
        "mjd": 58801.2014352,
        "passband": 1,
        "mag": 19.5297,
        "mag_err": 0.206407,
        "locus_id": "ZTF19acanzwg"
    },
    "37": {
        "mjd": 58802.2353125,
        "passband": 1,
        "mag": 19.4,
        "mag_err": 0.15443900000000002,
        "locus_id": "ZTF19acanzwg"
    },
    "38": {
        "mjd": 58803.2815625,
        "passband": 2,
        "mag": 18.9186,
        "mag_err": 0.0812534,
        "locus_id": "ZTF19acanzwg"
    },
    "39": {
        "mjd": 58806.1977778,
        "passband": 1,
        "mag": 19.2934,
        "mag_err": 0.08247589999999999,
        "locus_id": "ZTF19acanzwg"
    },
    "40": {
        "mjd": 58806.214479199996,
        "passband": 2,
        "mag": 18.7748,
        "mag_err": 0.062352599999999994,
        "locus_id": "ZTF19acanzwg"
    },
    "41": {
        "mjd": 58811.1620602,
        "passband": 2,
        "mag": 18.6487,
        "mag_err": 0.0719466,
        "locus_id": "ZTF19acanzwg"
    },
    "42": {
        "mjd": 58811.227199099994,
        "passband": 1,
        "mag": 19.1779,
        "mag_err": 0.100347,
        "locus_id": "ZTF19acanzwg"
    },
    "43": {
        "mjd": 58811.2295255,
        "passband": 1,
        "mag": 19.2467,
        "mag_err": 0.102985,
        "locus_id": "ZTF19acanzwg"
    },
    "44": {
        "mjd": 58812.1993171,
        "passband": 2,
        "mag": 18.6419,
        "mag_err": 0.0781037,
        "locus_id": "ZTF19acanzwg"
    },
    "45": {
        "mjd": 58813.1796875,
        "passband": 1,
        "mag": 19.1221,
        "mag_err": 0.127611,
        "locus_id": "ZTF19acanzwg"
    },
    "46": {
        "mjd": 58814.1761574,
        "passband": 2,
        "mag": 18.625,
        "mag_err": 0.178398,
        "locus_id": "ZTF19acanzwg"
    },
    "47": {
        "mjd": 58814.2055324,
        "passband": 2,
        "mag": 18.5924,
        "mag_err": 0.07322469999999999,
        "locus_id": "ZTF19acanzwg"
    },
    "48": {
        "mjd": 58814.2375,
        "passband": 1,
        "mag": 19.1404,