{
    "0": {
        "mjd": 58684.1835995,
        "passband": 2,
        "mag": 19.2032,
        "mag_err": 0.104058,
        "locus_id": "ZTF19abgppki"
    },
    "1": {
        "mjd": 58684.202488400006,
        "passband": 1,
        "mag": 19.0951,
        "mag_err": 0.0848455,
        "locus_id": "ZTF19abgppki"
    },
    "2": {
        "mjd": 58691.207395800004,
        "passband": 2,
        "mag": 18.625,
        "mag_err": 0.0862217,
        "locus_id": "ZTF19abgppki"
    },
    "3": {
        "mjd": 58691.2247222,
        "passband": 1,
        "mag": 18.523,
        "mag_err": 0.0694376,
        "locus_id": "ZTF19abgppki"
    },
    "4": {
        "mjd": 58694.206875,
        "passband": 2,
        "mag": 18.4298,
        "mag_err": 0.0703509,
        "locus_id": "ZTF19abgppki"
    },
    "5": {
        "mjd": 58694.22594909999,
        "passband": 1,
        "mag": 18.5254,
        "mag_err": 0.0699808,
        "locus_id": "ZTF19abgppki"
    },
    "6": {
        "mjd": 58697.17179400001,
        "passband": 2,
        "mag": 18.5416,
        "mag_err": 0.0784886,
        "locus_id": "ZTF19abgppki"
    },
    "7": {
        "mjd": 58697.201759300006,
        "passband": 1,
        "mag": 18.6263,
        "mag_err": 0.0677642,
        "locus_id": "ZTF19abgppki"
    },
    "8": {
        "mjd": 58700.1782523,
        "passband": 2,
        "mag": 18.6781,
        "mag_err": 0.08913710000000001,
        "locus_id": "ZTF19abgppki"
    },
    "9": {
        "mjd": 58705.1791551,
        "passband": 2,
        "mag": 18.9603,
        "mag_err": 0.112424,
        "locus_id": "ZTF19abgppki"
    },
    "10": {
        "mjd": 58711.282951400004,
        "passband": 2,
        "mag": 18.8595,
        "mag_err": 0.144645,
        "locus_id": "ZTF19abgppki"
    },
    "11": {
        "mjd": 58714.152580999995,
        "passband": 1,
        "mag": 20.1852,
        "mag_err": 0.198176,
        "locus_id": "ZTF19abgppki"
    },
    "12": {
        "mjd": 58724.15841440001,
        "passband": 2,
        "mag": 19.5968,
        "mag_err": 0.155973,
        "locus_id": "ZTF19abgppki"
    }
}