{
    "0": {
        "mjd": 58721.26142359999,
        "passband": 2,
        "mag": 20.4453,
        "mag_err": 0.314631,
        "locus_id": "ZTF19abtnftd"
    },
    "1": {
        "mjd": 58722.2613194,
        "passband": 2,
        "mag": 20.1712,
        "mag_err": 0.164936,
        "locus_id": "ZTF19abtnftd"
    },
    "2": {
        "mjd": 58722.28729169999,
        "passband": 1,
        "mag": 20.0776,
        "mag_err": 0.170652,
        "locus_id": "ZTF19abtnftd"
    },
    "3": {
        "mjd": 58723.285821800004,
        "passband": 2,
        "mag": 19.9232,
        "mag_err": 0.13933399999999999,
        "locus_id": "ZTF19abtnftd"
    },
    "4": {
        "mjd": 58723.3098148,
        "passband": 1,
        "mag": 19.8311,
        "mag_err": 0.144598,
        "locus_id": "ZTF19abtnftd"
    },
    "5": {
        "mjd": 58724.2858796,
        "passband": 2,
        "mag": 19.6464,
        "mag_err": 0.122202,
        "locus_id": "ZTF19abtnftd"
    },
    "6": {
        "mjd": 58724.3098495,
        "passband": 1,
        "mag": 19.6675,
        "mag_err": 0.130685,
        "locus_id": "ZTF19abtnftd"
    },
    "7": {
        "mjd": 58725.2598148,
        "passband": 2,
        "mag": 19.4595,
        "mag_err": 0.10773900000000002,
        "locus_id": "ZTF19abtnftd"
    },
    "8": {
        "mjd": 58725.2860532,
        "passband": 1,
        "mag": 19.4538,
        "mag_err": 0.10816500000000001,
        "locus_id": "ZTF19abtnftd"
    },
    "9": {
        "mjd": 58726.2612731,
        "passband": 2,
        "mag": 19.3417,
        "mag_err": 0.107,
        "locus_id": "ZTF19abtnftd"
    },
    "10": {
        "mjd": 58726.2874421,
        "passband": 1,
        "mag": 19.2621,
        "mag_err": 0.10379200000000001,
        "locus_id": "ZTF19abtnftd"
    },
    "11": {
        "mjd": 58727.2860301,
        "passband": 2,
        "mag": 19.2429,
        "mag_err": 0.0931842,
        "locus_id": "ZTF19abtnftd"
    },
    "12": {
        "mjd": 58727.30939809999,
        "passband": 1,
        "mag": 19.1716,
        "mag_err": 0.126692,
        "locus_id": "ZTF19abtnftd"
    },
    "13": {
        "mjd": 58732.260162,
        "passband": 2,
        "mag": 18.9786,
        "mag_err": 0.10346500000000002,
        "locus_id": "ZTF19abtnftd"
    },
    "14": {
        "mjd": 58732.284421300006,
        "passband": 1,
        "mag": 18.9384,
        "mag_err": 0.08864760000000001,
        "locus_id": "ZTF19abtnftd"
    },
    "15": {
        "mjd": 58733.25976849999,
        "passband": 2,
        "mag": 18.9248,
        "mag_err": 0.0847616,
        "locus_id": "ZTF19abtnftd"
    },
    "16": {
        "mjd": 58733.28375,
        "passband": 1,
        "mag": 18.8326,
        "mag_err": 0.09962649999999999,
        "locus_id": "ZTF19abtnftd"
    },
    "17": {
        "mjd": 58734.261481500005,
        "passband": 2,
        "mag": 18.8861,
        "mag_err": 0.07640330000000001,
        "locus_id": "ZTF19abtnftd"
    },
    "18": {
        "mjd": 58734.28498840001,
        "passband": 1,
        "mag": 18.8997,
        "mag_err": 0.10813299999999999,
        "locus_id": "ZTF19abtnftd"
    },
    "19": {
        "mjd": 58735.260162,
        "passband": 2,
        "mag": 18.9495,
        "mag_err": 0.10518,
        "locus_id": "ZTF19abtnftd"
    },
    "20": {
        "mjd": 58735.283564800004,
        "passband": 1,
        "mag": 19.0275,
        "mag_err": 0.117229,
        "locus_id": "ZTF19abtnftd"
    },
    "21": {
        "mjd": 58736.269861099994,
        "passband": 2,
        "mag": 18.9963,
        "mag_err": 0.115221,
        "locus_id": "ZTF19abtnftd"
    },
    "22": {
        "mjd": 58736.2931597,
        "passband": 1,
        "mag": 18.9014,
        "mag_err": 0.11636700000000001,
        "locus_id": "ZTF19abtnftd"
    },
    "23": {
        "mjd": 58737.284479199996,
        "passband": 2,
        "mag": 18.8893,
        "mag_err": 0.139511,
        "locus_id": "ZTF19abtnftd"
    },
    "24": {
        "mjd": 58737.3060648,
        "passband": 1,
        "mag": 19.0305,
        "mag_err": 0.142145,
        "locus_id": "ZTF19abtnftd"
    },
    "25": {
        "mjd": 58738.14436340001,
        "passband": 1,
        "mag": 19.086,
        "mag_err": 0.14126,
        "locus_id": "ZTF19abtnftd"
    },
    "26": {
        "mjd": 58741.143669000005,
        "passband": 1,
        "mag": 19.1908,
        "mag_err": 0.176238,
        "locus_id": "ZTF19abtnftd"
    },
    "27": {
        "mjd": 58747.134826400004,
        "passband": 1,
        "mag": 19.6986,
        "mag_err": 0.15768,
        "locus_id": "ZTF19abtnftd"
    },
    "28": {
        "mjd": 58750.2660764,
        "passband": 2,
        "mag": 19.465,
        "mag_err": 0.157053,
        "locus_id": "ZTF19abtnftd"
    },
    "29": {
        "mjd": 58754.140613400006,
        "passband": 2,
        "mag": 19.6208,
        "mag_err": 0.120301,
        "locus_id": "ZTF19abtnftd"
    },
    "30": {
        "mjd": 58757.2069792,
        "passband": 1,
        "mag": 20.9365,
        "mag_err": 0.304085,
        "locus_id": "ZTF19abtnftd"
    },
    "31": {
        "mjd": 58761.1405903,
        "passband": 2,
        "mag": 19.9366,
        "mag_err": 0.18899999999999997,
        "locus_id": "ZTF19abtnftd"
    },
    "32": {
        "mjd": 58764.1225579,
        "passband": 2,
        "mag": 20.0291,
        "mag_err": 0.20744200000000002,
        "locus_id": "ZTF19abtnftd"
    }
}