{
    "0": {
        "mjd": 58758.1555671,
        "passband": 2,
        "mag": 19.1824,
        "mag_err": 0.12438099999999999,
        "locus_id": "ZTF19acbwouf"
    },
    "1": {
        "mjd": 58758.1843403,
        "passband": 1,
        "mag": 18.9488,
        "mag_err": 0.0945671,
        "locus_id": "ZTF19acbwouf"
    },
    "2": {
        "mjd": 58760.14804400001,
        "passband": 2,
        "mag": 19.0157,
        "mag_err": 0.0843745,
        "locus_id": "ZTF19acbwouf"
    },
    "3": {
        "mjd": 58760.176759300004,
        "passband": 1,
        "mag": 18.8638,
        "mag_err": 0.115684,
        "locus_id": "ZTF19acbwouf"
    },
    "4": {
        "mjd": 58761.1470255,
        "passband": 2,
        "mag": 18.8635,
        "mag_err": 0.10369500000000001,
        "locus_id": "ZTF19acbwouf"
    },
    "5": {
        "mjd": 58761.175763900006,
        "passband": 1,
        "mag": 18.8056,
        "mag_err": 0.140368,
        "locus_id": "ZTF19acbwouf"
    },
    "6": {
        "mjd": 58762.1467477,
        "passband": 2,
        "mag": 18.9008,
        "mag_err": 0.0802708,
        "locus_id": "ZTF19acbwouf"
    },
    "7": {
        "mjd": 58762.1755208,
        "passband": 1,
        "mag": 18.8011,
        "mag_err": 0.126573,
        "locus_id": "ZTF19acbwouf"
    },
    "8": {
        "mjd": 58763.14800930001,
        "passband": 2,
        "mag": 18.8066,
        "mag_err": 0.11144000000000001,
        "locus_id": "ZTF19acbwouf"
    },
    "9": {
        "mjd": 58763.1768519,
        "passband": 1,
        "mag": 18.7504,
        "mag_err": 0.09414650000000001,
        "locus_id": "ZTF19acbwouf"
    },
    "10": {
        "mjd": 58764.3579051,
        "passband": 1,
        "mag": 18.8178,
        "mag_err": 0.0926237,
        "locus_id": "ZTF19acbwouf"
    },
    "11": {
        "mjd": 58764.412708300006,
        "passband": 2,
        "mag": 18.787,
        "mag_err": 0.0719775,
        "locus_id": "ZTF19acbwouf"
    },
    "12": {
        "mjd": 58767.204791699995,
        "passband": 2,
        "mag": 18.9872,
        "mag_err": 0.292756,
        "locus_id": "ZTF19acbwouf"
    },
    "13": {
        "mjd": 58771.2701042,
        "passband": 2,
        "mag": 18.6018,
        "mag_err": 0.091726,
        "locus_id": "ZTF19acbwouf"
    },
    "14": {
        "mjd": 58774.2020023,
        "passband": 2,
        "mag": 18.7001,
        "mag_err": 0.0788874,
        "locus_id": "ZTF19acbwouf"
    },
    "15": {
        "mjd": 58777.2002778,
        "passband": 2,
        "mag": 18.6839,
        "mag_err": 0.08862130000000001,
        "locus_id": "ZTF19acbwouf"
    },
    "16": {
        "mjd": 58781.24638890001,
        "passband": 2,
        "mag": 18.7439,
        "mag_err": 0.07625169999999999,
        "locus_id": "ZTF19acbwouf"
    },
    "17": {
        "mjd": 58785.213229199995,
        "passband": 1,
        "mag": 19.1754,
        "mag_err": 0.12959500000000002,
        "locus_id": "ZTF19acbwouf"
    },
    "18": {
        "mjd": 58788.191041699996,
        "passband": 1,
        "mag": 19.1777,
        "mag_err": 0.122706,
        "locus_id": "ZTF19acbwouf"
    },
    "19": {
        "mjd": 58788.212546300005,
        "passband": 2,
        "mag": 18.7354,
        "mag_err": 0.106592,
        "locus_id": "ZTF19acbwouf"
    },
    "20": {
        "mjd": 58790.144838,
        "passband": 2,
        "mag": 18.762999999999998,
        "mag_err": 0.0784823,
        "locus_id": "ZTF19acbwouf"
    },
    "21": {
        "mjd": 58791.1110069,
        "passband": 2,
        "mag": 18.685,
        "mag_err": 0.08739069999999999,
        "locus_id": "ZTF19acbwouf"
    },
    "22": {
        "mjd": 58791.20322919999,
        "passband": 1,
        "mag": 19.2098,
        "mag_err": 0.142905,
        "locus_id": "ZTF19acbwouf"
    },
    "23": {
        "mjd": 58791.27844909999,
        "passband": 1,
        "mag": 19.2973,
        "mag_err": 0.122776,
        "locus_id": "ZTF19acbwouf"
    },
    "24": {
        "mjd": 58792.1822569,
        "passband": 2,
        "mag": 18.768,
        "mag_err": 0.08612769999999999,
        "locus_id": "ZTF19acbwouf"
    },
    "25": {
        "mjd": 58794.119513900005,
        "passband": 2,
        "mag": 18.7783,
        "mag_err": 0.108267,
        "locus_id": "ZTF19acbwouf"
    },
    "26": {
        "mjd": 58794.201550900005,
        "passband": 1,
        "mag": 19.2547,
        "mag_err": 0.193573,
        "locus_id": "ZTF19acbwouf"
    },
    "27": {
        "mjd": 58796.180648099995,
        "passband": 1,
        "mag": 19.3729,
        "mag_err": 0.258422,
        "locus_id": "ZTF19acbwouf"
    },
    "28": {
        "mjd": 58797.1124306,
        "passband": 2,
        "mag": 18.7181,
        "mag_err": 0.12184400000000001,
        "locus_id": "ZTF19acbwouf"
    },
    "29": {
        "mjd": 58797.190115699996,
        "passband": 1,
        "mag": 19.1544,
        "mag_err": 0.174503,
        "locus_id": "ZTF19acbwouf"
    },
    "30": {
        "mjd": 58797.2038079,
        "passband": 1,
        "mag": 19.0299,
        "mag_err": 0.203496,
        "locus_id": "ZTF19acbwouf"
    },
    "31": {
        "mjd": 58799.27076390001,
        "passband": 2,
        "mag": 18.7527,
        "mag_err": 0.16539600000000002,
        "locus_id": "ZTF19acbwouf"
    },
    "32": {
        "mjd": 58801.266713,
        "passband": 2,
        "mag": 18.6638,
        "mag_err": 0.148051,
        "locus_id": "ZTF19acbwouf"
    },
    "33": {
        "mjd": 58802.2195255,
        "passband": 1,
        "mag": 19.2371,
        "mag_err": 0.154692,
        "locus_id": "ZTF19acbwouf"
    },
    "34": {
        "mjd": 58803.1749306,
        "passband": 1,
        "mag": 19.2335,
        "mag_err": 0.143708,
        "locus_id": "ZTF19acbwouf"
    },
    "35": {
        "mjd": 58803.247696800005,
        "passband": 2,
        "mag": 18.6512,
        "mag_err": 0.166506,
        "locus_id": "ZTF19acbwouf"
    },
    "36": {
        "mjd": 58806.2275,
        "passband": 2,
        "mag": 18.7592,
        "mag_err": 0.084918,
        "locus_id": "ZTF19acbwouf"
    },
    "37": {
        "mjd": 58811.1279745,
        "passband": 2,
        "mag": 18.8335,
        "mag_err": 0.109367,
        "locus_id": "ZTF19acbwouf"
    },
    "38": {
        "mjd": 58811.192106500006,
        "passband": 1,
        "mag": 19.3119,
        "mag_err": 0.165955,
        "locus_id": "ZTF19acbwouf"
    },
    "39": {
        "mjd": 58812.15892359999,
        "passband": 1,
        "mag": 19.3537,
        "mag_err": 0.1145,
        "locus_id": "ZTF19acbwouf"
    },
    "40": {
        "mjd": 58812.243773099995,
        "passband": 2,
        "mag": 18.8,
        "mag_err": 0.07862480000000001,
        "locus_id": "ZTF19acbwouf"
    },
    "41": {
        "mjd": 58814.14835650001,
        "passband": 2,
        "mag": 18.8564,
        "mag_err": 0.126629,
        "locus_id": "ZTF19acbwouf"
    },
    "42": {
        "mjd": 58828.2075694,
        "passband": 2,
        "mag": 18.9305,
        "mag_err": 0.18962,
        "locus_id": "ZTF19acbwouf"
    },
    "43": {
        "mjd": 58833.0854977,
        "passband": 2,
        "mag": 18.7629,
        "mag_err": 0.08120930000000001,
        "locus_id": "ZTF19acbwouf"
    },
    "44": {
        "mjd": 58833.127615699996,
        "passband": 1,
        "mag": 19.3753,
        "mag_err": 0.128938,
        "locus_id": "ZTF19acbwouf"
    },
    "45": {
        "mjd": 58837.087858800005,
        "passband": 2,
        "mag": 18.732,
        "mag_err": 0.090288,
        "locus_id": "ZTF19acbwouf"
    },
    "46": {
        "mjd": 58837.1092014,
        "passband": 1,
        "mag": 19.3698,
        "mag_err": 0.11878499999999999,
        "locus_id": "ZTF19acbwouf"
    },
    "47": {
        "mjd": 58846.1002199,
        "passband": 1,
        "mag": 19.4083,
        "mag_err": 0.128813,
        "locus_id": "ZTF19acbwouf"
    },
    "48": {
        "mjd": 58846.1120718,