{
    "0": {
        "mjd": 58720.3709606,
        "passband": 2,
        "mag": 18.8622,
        "mag_err": 0.086582,
        "locus_id": "ZTF19abrsssx"
    },
    "1": {
        "mjd": 58720.3993287,
        "passband": 1,
        "mag": 18.9778,
        "mag_err": 0.133522,
        "locus_id": "ZTF19abrsssx"
    },
    "2": {
        "mjd": 58724.3718056,
        "passband": 2,
        "mag": 17.773,
        "mag_err": 0.05841659999999999,
        "locus_id": "ZTF19abrsssx"
    },
    "3": {
        "mjd": 58732.2303472,
        "passband": 2,
        "mag": 17.0525,
        "mag_err": 0.040856300000000005,
        "locus_id": "ZTF19abrsssx"
    },
    "4": {
        "mjd": 58732.300115699996,
        "passband": 1,
        "mag": 17.044,
        "mag_err": 0.05187669999999999,
        "locus_id": "ZTF19abrsssx"
    },
    "5": {
        "mjd": 58735.3044444,
        "passband": 2,
        "mag": 16.9904,
        "mag_err": 0.0368416,
        "locus_id": "ZTF19abrsssx"
    },
    "6": {
        "mjd": 58740.35504630001,
        "passband": 2,
        "mag": 17.0487,
        "mag_err": 0.055365099999999993,
        "locus_id": "ZTF19abrsssx"
    },
    "7": {
        "mjd": 58744.3577431,
        "passband": 2,
        "mag": 17.2443,
        "mag_err": 0.0505004,
        "locus_id": "ZTF19abrsssx"
    },
    "8": {
        "mjd": 58747.25339119999,
        "passband": 2,
        "mag": 17.4445,
        "mag_err": 0.059945000000000005,
        "locus_id": "ZTF19abrsssx"
    },
    "9": {
        "mjd": 58747.29892359999,
        "passband": 1,
        "mag": 17.5209,
        "mag_err": 0.056628,
        "locus_id": "ZTF19abrsssx"
    },
    "10": {
        "mjd": 58750.255787,
        "passband": 2,
        "mag": 17.6413,
        "mag_err": 0.06916760000000001,
        "locus_id": "ZTF19abrsssx"
    },
    "11": {
        "mjd": 58758.29471059999,
        "passband": 2,
        "mag": 17.7895,
        "mag_err": 0.0451435,
        "locus_id": "ZTF19abrsssx"
    },
    "12": {
        "mjd": 58761.204826400004,
        "passband": 2,
        "mag": 17.8139,
        "mag_err": 0.0569871,
        "locus_id": "ZTF19abrsssx"
    },
    "13": {
        "mjd": 58771.2532176,
        "passband": 2,
        "mag": 18.2108,
        "mag_err": 0.08596419999999999,
        "locus_id": "ZTF19abrsssx"
    },
    "14": {
        "mjd": 58774.1826968,
        "passband": 1,
        "mag": 19.37,
        "mag_err": 0.22866799999999998,
        "locus_id": "ZTF19abrsssx"
    },
    "15": {
        "mjd": 58774.1910995,
        "passband": 2,
        "mag": 18.3174,
        "mag_err": 0.10093400000000001,
        "locus_id": "ZTF19abrsssx"
    },
    "16": {
        "mjd": 58777.1216898,
        "passband": 1,
        "mag": 19.5429,
        "mag_err": 0.17768599999999998,
        "locus_id": "ZTF19abrsssx"
    },
    "17": {
        "mjd": 58777.18954859999,
        "passband": 2,
        "mag": 18.4854,
        "mag_err": 0.0871717,
        "locus_id": "ZTF19abrsssx"
    },
    "18": {
        "mjd": 58785.232581,
        "passband": 2,
        "mag": 18.8035,
        "mag_err": 0.11438699999999999,
        "locus_id": "ZTF19abrsssx"
    }
}