{
    "0": {
        "mjd": 58425.3881597,
        "passband": 1,
        "mag": 19.1787,
        "mag_err": 0.0912293,
        "locus_id": "ZTF18acclexy"
    },
    "1": {
        "mjd": 58426.34026619999,
        "passband": 1,
        "mag": 19.0328,
        "mag_err": 0.09821389999999999,
        "locus_id": "ZTF18acclexy"
    },
    "2": {
        "mjd": 58428.25564809999,
        "passband": 2,
        "mag": 19.0766,
        "mag_err": 0.0966867,
        "locus_id": "ZTF18acclexy"
    },
    "3": {
        "mjd": 58428.295891199996,
        "passband": 1,
        "mag": 18.8023,
        "mag_err": 0.06538340000000001,
        "locus_id": "ZTF18acclexy"
    },
    "4": {
        "mjd": 58430.2777546,
        "passband": 1,
        "mag": 18.6406,
        "mag_err": 0.08073960000000001,
        "locus_id": "ZTF18acclexy"
    },
    "5": {
        "mjd": 58431.2406829,
        "passband": 1,
        "mag": 18.5681,
        "mag_err": 0.108509,
        "locus_id": "ZTF18acclexy"
    },
    "6": {
        "mjd": 58431.27583330001,
        "passband": 2,
        "mag": 18.74,
        "mag_err": 0.136657,
        "locus_id": "ZTF18acclexy"
    },
    "7": {
        "mjd": 58434.2656944,
        "passband": 1,
        "mag": 18.555999999999997,
        "mag_err": 0.0928043,
        "locus_id": "ZTF18acclexy"
    },
    "8": {
        "mjd": 58434.30848380001,
        "passband": 2,
        "mag": 18.6488,
        "mag_err": 0.0985466,
        "locus_id": "ZTF18acclexy"
    },
    "9": {
        "mjd": 58437.244294000004,
        "passband": 1,
        "mag": 18.5566,
        "mag_err": 0.0879728,
        "locus_id": "ZTF18acclexy"
    },
    "10": {
        "mjd": 58437.2972222,
        "passband": 2,
        "mag": 18.654,
        "mag_err": 0.0801423,
        "locus_id": "ZTF18acclexy"
    },
    "11": {
        "mjd": 58441.30354169999,
        "passband": 2,
        "mag": 18.7104,
        "mag_err": 0.10369600000000001,
        "locus_id": "ZTF18acclexy"
    },
    "12": {
        "mjd": 58447.3553356,
        "passband": 2,
        "mag": 18.8298,
        "mag_err": 0.150851,
        "locus_id": "ZTF18acclexy"
    },
    "13": {
        "mjd": 58455.303738400005,
        "passband": 2,
        "mag": 19.3859,
        "mag_err": 0.14332999999999999,
        "locus_id": "ZTF18acclexy"
    },
    "14": {
        "mjd": 58456.2017245,
        "passband": 2,
        "mag": 19.4398,
        "mag_err": 0.1272,
        "locus_id": "ZTF18acclexy"
    },
    "15": {
        "mjd": 58457.1825579,
        "passband": 2,
        "mag": 19.6099,
        "mag_err": 0.16333699999999998,
        "locus_id": "ZTF18acclexy"
    },
    "16": {
        "mjd": 58461.262580999995,
        "passband": 2,
        "mag": 19.4203,
        "mag_err": 0.119248,
        "locus_id": "ZTF18acclexy"
    },
    "17": {
        "mjd": 58464.2785301,
        "passband": 2,
        "mag": 19.5629,
        "mag_err": 0.143309,
        "locus_id": "ZTF18acclexy"
    },
    "18": {
        "mjd": 58763.374131900004,
        "passband": 2,
        "mag": 20.3863,
        "mag_err": 0.26965700000000004,
        "locus_id": "ZTF18acclexy"
    },
    "19": {
        "mjd": 58766.4935069,
        "passband": 2,
        "mag": 20.2162,
        "mag_err": 0.23780300000000001,
        "locus_id": "ZTF18acclexy"
    },
    "20": {
        "mjd": 58791.35658559999,
        "passband": 2,
        "mag": 20.0801,
        "mag_err": 0.191098,
        "locus_id": "ZTF18acclexy"
    }
}