{
    "0": {
        "mjd": 58820.2237153,
        "passband": 1,
        "mag": 19.2574,
        "mag_err": 0.156599,
        "locus_id": "ZTF19acxhkvc"
    },
    "1": {
        "mjd": 58827.2494329,
        "passband": 2,
        "mag": 18.8334,
        "mag_err": 0.122171,
        "locus_id": "ZTF19acxhkvc"
    },
    "2": {
        "mjd": 58828.1100347,
        "passband": 1,
        "mag": 18.855999999999998,
        "mag_err": 0.249968,
        "locus_id": "ZTF19acxhkvc"
    },
    "3": {
        "mjd": 58828.3282523,
        "passband": 2,
        "mag": 18.7637,
        "mag_err": 0.103782,
        "locus_id": "ZTF19acxhkvc"
    },
    "4": {
        "mjd": 58830.247453699994,
        "passband": 2,
        "mag": 18.8021,
        "mag_err": 0.0830429,
        "locus_id": "ZTF19acxhkvc"
    },
    "5": {
        "mjd": 58830.3122338,
        "passband": 2,
        "mag": 18.8082,
        "mag_err": 0.101701,
        "locus_id": "ZTF19acxhkvc"
    },
    "6": {
        "mjd": 58833.1853125,
        "passband": 1,
        "mag": 19.3129,
        "mag_err": 0.11417000000000001,
        "locus_id": "ZTF19acxhkvc"
    },
    "7": {
        "mjd": 58833.2170602,
        "passband": 2,
        "mag": 19.0127,
        "mag_err": 0.12650699999999998,
        "locus_id": "ZTF19acxhkvc"
    },
    "8": {
        "mjd": 58833.2818403,
        "passband": 2,
        "mag": 18.9986,
        "mag_err": 0.12699100000000002,
        "locus_id": "ZTF19acxhkvc"
    },
    "9": {
        "mjd": 58836.4250231,
        "passband": 2,
        "mag": 19.0754,
        "mag_err": 0.116638,
        "locus_id": "ZTF19acxhkvc"
    },
    "10": {
        "mjd": 58846.135115699995,
        "passband": 2,
        "mag": 19.5193,
        "mag_err": 0.16877899999999998,
        "locus_id": "ZTF19acxhkvc"
    },
    "11": {
        "mjd": 58846.221064800004,
        "passband": 1,
        "mag": 20.3913,
        "mag_err": 0.194251,
        "locus_id": "ZTF19acxhkvc"
    },
    "12": {
        "mjd": 58849.098703699994,
        "passband": 1,
        "mag": 20.5099,
        "mag_err": 0.238583,
        "locus_id": "ZTF19acxhkvc"
    },
    "13": {
        "mjd": 58849.138738400005,
        "passband": 1,
        "mag": 20.5391,
        "mag_err": 0.282509,
        "locus_id": "ZTF19acxhkvc"
    },
    "14": {
        "mjd": 58849.15863430001,
        "passband": 2,
        "mag": 19.6017,
        "mag_err": 0.11823900000000001,
        "locus_id": "ZTF19acxhkvc"
    },
    "15": {
        "mjd": 58849.180625,
        "passband": 2,
        "mag": 19.511,
        "mag_err": 0.11343699999999998,
        "locus_id": "ZTF19acxhkvc"
    },
    "16": {
        "mjd": 58850.1197222,
        "passband": 2,
        "mag": 19.7507,
        "mag_err": 0.221451,
        "locus_id": "ZTF19acxhkvc"
    },
    "17": {
        "mjd": 58852.17567130001,
        "passband": 2,
        "mag": 19.7039,
        "mag_err": 0.161637,
        "locus_id": "ZTF19acxhkvc"
    },
    "18": {
        "mjd": 58852.1874421,
        "passband": 2,
        "mag": 19.793,
        "mag_err": 0.16315,
        "locus_id": "ZTF19acxhkvc"
    },
    "19": {
        "mjd": 58854.180428199994,
        "passband": 2,
        "mag": 19.6492,
        "mag_err": 0.248106,
        "locus_id": "ZTF19acxhkvc"
    },
    "20": {
        "mjd": 58855.20188659999,
        "passband": 2,
        "mag": 19.6843,
        "mag_err": 0.216257,
        "locus_id": "ZTF19acxhkvc"
    },
    "21": {
        "mjd": 58856.1823843,
        "passband": 2,
        "mag": 19.6064,
        "mag_err": 0.15168399999999999,
        "locus_id": "ZTF19acxhkvc"
    },
    "22": {
        "mjd": 58859.19410880001,
        "passband": 2,
        "mag": 19.9911,
        "mag_err": 0.243017,
        "locus_id": "ZTF19acxhkvc"
    },
    "23": {
        "mjd": 58861.1625579,
        "passband": 2,
        "mag": 20.004,
        "mag_err": 0.180756,
        "locus_id": "ZTF19acxhkvc"
    },
    "24": {
        "mjd": 58874.1335301,
        "passband": 2,
        "mag": 20.2448,
        "mag_err": 0.211875,
        "locus_id": "ZTF19acxhkvc"
    }
}