{
    "0": {
        "mjd": 58377.47326390001,
        "passband": 2,
        "mag": 19.7631,
        "mag_err": 0.140421,
        "locus_id": "ZTF18abwkzuc"
    },
    "1": {
        "mjd": 58377.511955999995,
        "passband": 1,
        "mag": 19.687,
        "mag_err": 0.127901,
        "locus_id": "ZTF18abwkzuc"
    },
    "2": {
        "mjd": 58380.5100347,
        "passband": 1,
        "mag": 18.9849,
        "mag_err": 0.09513710000000002,
        "locus_id": "ZTF18abwkzuc"
    },
    "3": {
        "mjd": 58383.49489580001,
        "passband": 1,
        "mag": 18.687,
        "mag_err": 0.0802205,
        "locus_id": "ZTF18abwkzuc"
    },
    "4": {
        "mjd": 58386.448553199996,
        "passband": 2,
        "mag": 18.512999999999998,
        "mag_err": 0.09822410000000001,
        "locus_id": "ZTF18abwkzuc"
    },
    "5": {
        "mjd": 58389.4643866,
        "passband": 1,
        "mag": 18.6326,
        "mag_err": 0.109248,
        "locus_id": "ZTF18abwkzuc"
    },
    "6": {
        "mjd": 58389.503171300006,
        "passband": 2,
        "mag": 18.5307,
        "mag_err": 0.0695017,
        "locus_id": "ZTF18abwkzuc"
    },
    "7": {
        "mjd": 58397.496828699994,
        "passband": 1,
        "mag": 19.1222,
        "mag_err": 0.077136,
        "locus_id": "ZTF18abwkzuc"
    }
}