{
    "0": {
        "mjd": 58830.30601849999,
        "passband": 2,
        "mag": 19.4706,
        "mag_err": 0.200444,
        "locus_id": "ZTF19acygjgx"
    },
    "1": {
        "mjd": 58833.2780556,
        "passband": 2,
        "mag": 19.5297,
        "mag_err": 0.22002800000000003,
        "locus_id": "ZTF19acygjgx"
    },
    "2": {
        "mjd": 58833.355393499995,
        "passband": 2,
        "mag": 19.3185,
        "mag_err": 0.175095,
        "locus_id": "ZTF19acygjgx"
    },
    "3": {
        "mjd": 58836.4524653,
        "passband": 2,
        "mag": 18.9418,
        "mag_err": 0.07415269999999999,
        "locus_id": "ZTF19acygjgx"
    },
    "4": {
        "mjd": 58846.245080999994,
        "passband": 1,
        "mag": 19.3085,
        "mag_err": 0.0910113,
        "locus_id": "ZTF19acygjgx"
    },
    "5": {
        "mjd": 58846.2841319,
        "passband": 2,
        "mag": 19.0886,
        "mag_err": 0.0858689,
        "locus_id": "ZTF19acygjgx"
    },
    "6": {
        "mjd": 58849.47664349999,
        "passband": 1,
        "mag": 19.5692,
        "mag_err": 0.151748,
        "locus_id": "ZTF19acygjgx"
    },
    "7": {
        "mjd": 58850.4560995,
        "passband": 2,
        "mag": 19.3857,
        "mag_err": 0.15270899999999998,
        "locus_id": "ZTF19acygjgx"
    },
    "8": {
        "mjd": 58851.179363400006,
        "passband": 1,
        "mag": 19.4483,
        "mag_err": 0.203047,
        "locus_id": "ZTF19acygjgx"
    },
    "9": {
        "mjd": 58851.42710650001,
        "passband": 2,
        "mag": 19.3772,
        "mag_err": 0.131214,
        "locus_id": "ZTF19acygjgx"
    },
    "10": {
        "mjd": 58852.4728009,
        "passband": 1,
        "mag": 19.9215,
        "mag_err": 0.150331,
        "locus_id": "ZTF19acygjgx"
    },
    "11": {
        "mjd": 58853.46333330001,
        "passband": 1,
        "mag": 19.8231,
        "mag_err": 0.148816,
        "locus_id": "ZTF19acygjgx"
    },
    "12": {
        "mjd": 58854.1739352,
        "passband": 2,
        "mag": 19.4983,
        "mag_err": 0.31453200000000003,
        "locus_id": "ZTF19acygjgx"
    },
    "13": {
        "mjd": 58854.447419000004,
        "passband": 2,
        "mag": 19.4352,
        "mag_err": 0.288752,
        "locus_id": "ZTF19acygjgx"
    },
    "14": {
        "mjd": 58854.4885995,
        "passband": 1,
        "mag": 20.0975,
        "mag_err": 0.367249,
        "locus_id": "ZTF19acygjgx"
    },
    "15": {
        "mjd": 58856.19776619999,
        "passband": 2,
        "mag": 19.4858,
        "mag_err": 0.19831400000000002,
        "locus_id": "ZTF19acygjgx"
    },
    "16": {
        "mjd": 58859.2308449,
        "passband": 2,
        "mag": 19.465,
        "mag_err": 0.20081500000000002,
        "locus_id": "ZTF19acygjgx"
    },
    "17": {
        "mjd": 58859.2503819,
        "passband": 2,
        "mag": 19.3565,
        "mag_err": 0.200878,
        "locus_id": "ZTF19acygjgx"
    },
    "18": {
        "mjd": 58860.2788773,
        "passband": 2,
        "mag": 19.5412,
        "mag_err": 0.20997,
        "locus_id": "ZTF19acygjgx"
    },
    "19": {
        "mjd": 58861.139745399996,
        "passband": 2,
        "mag": 19.7109,
        "mag_err": 0.31022,
        "locus_id": "ZTF19acygjgx"
    },
    "20": {
        "mjd": 58861.2078819,
        "passband": 2,
        "mag": 19.6478,
        "mag_err": 0.211975,
        "locus_id": "ZTF19acygjgx"
    },
    "21": {
        "mjd": 58862.2127315,
        "passband": 2,
        "mag": 19.701,
        "mag_err": 0.143095,
        "locus_id": "ZTF19acygjgx"
    },
    "22": {
        "mjd": 58862.3075,
        "passband": 2,
        "mag": 19.7487,
        "mag_err": 0.161324,
        "locus_id": "ZTF19acygjgx"
    },
    "23": {
        "mjd": 58864.15513890001,
        "passband": 1,
        "mag": 20.9478,
        "mag_err": 0.277922,
        "locus_id": "ZTF19acygjgx"
    },
    "24": {
        "mjd": 58864.170300900005,
        "passband": 1,
        "mag": 21.1456,
        "mag_err": 0.32021,
        "locus_id": "ZTF19acygjgx"
    },
    "25": {
        "mjd": 58864.2220255,
        "passband": 2,
        "mag": 19.9534,
        "mag_err": 0.137461,
        "locus_id": "ZTF19acygjgx"
    },
    "26": {
        "mjd": 58867.26622690001,
        "passband": 2,
        "mag": 20.0298,
        "mag_err": 0.160892,
        "locus_id": "ZTF19acygjgx"
    }
}