{
    "0": {
        "mjd": 58276.26214119999,
        "passband": 1,
        "mag": 20.3747,
        "mag_err": 0.17063299999999998,
        "locus_id": "ZTF18aayjyub"
    },
    "1": {
        "mjd": 58276.285138900006,
        "passband": 2,
        "mag": 20.1674,
        "mag_err": 0.19221300000000002,
        "locus_id": "ZTF18aayjyub"
    },
    "2": {
        "mjd": 58279.22482640001,
        "passband": 1,
        "mag": 18.7435,
        "mag_err": 0.0402087,
        "locus_id": "ZTF18aayjyub"
    },
    "3": {
        "mjd": 58279.2257523,
        "passband": 1,
        "mag": 18.8064,
        "mag_err": 0.045105400000000004,
        "locus_id": "ZTF18aayjyub"
    },
    "4": {
        "mjd": 58279.2454745,
        "passband": 2,
        "mag": 18.979,
        "mag_err": 0.05995369999999999,
        "locus_id": "ZTF18aayjyub"
    },
    "5": {
        "mjd": 58279.2627199,
        "passband": 2,
        "mag": 18.9617,
        "mag_err": 0.0644384,
        "locus_id": "ZTF18aayjyub"
    },
    "6": {
        "mjd": 58282.2220833,
        "passband": 2,
        "mag": 18.0953,
        "mag_err": 0.026868799999999998,
        "locus_id": "ZTF18aayjyub"
    },
    "7": {
        "mjd": 58282.2253704,
        "passband": 2,
        "mag": 18.1232,
        "mag_err": 0.0292579,
        "locus_id": "ZTF18aayjyub"
    },
    "8": {
        "mjd": 58282.2662847,
        "passband": 1,
        "mag": 17.8827,
        "mag_err": 0.020729,
        "locus_id": "ZTF18aayjyub"
    },
    "9": {
        "mjd": 58285.1784722,
        "passband": 2,
        "mag": 17.3401,
        "mag_err": 0.0947116,
        "locus_id": "ZTF18aayjyub"
    },
    "10": {
        "mjd": 58288.22079859999,
        "passband": 1,
        "mag": 17.2043,
        "mag_err": 0.0373449,
        "locus_id": "ZTF18aayjyub"
    },
    "11": {
        "mjd": 58288.2241898,
        "passband": 1,
        "mag": 17.1854,
        "mag_err": 0.0581288,
        "locus_id": "ZTF18aayjyub"
    },
    "12": {
        "mjd": 58288.24332180001,
        "passband": 2,
        "mag": 17.38,
        "mag_err": 0.0419446,
        "locus_id": "ZTF18aayjyub"
    },
    "13": {
        "mjd": 58288.26151619999,
        "passband": 2,
        "mag": 17.3954,
        "mag_err": 0.05556319999999999,
        "locus_id": "ZTF18aayjyub"
    },
    "14": {
        "mjd": 58291.2466667,
        "passband": 2,
        "mag": 17.2456,
        "mag_err": 0.0561525,
        "locus_id": "ZTF18aayjyub"
    },
    "15": {
        "mjd": 58291.2475926,
        "passband": 2,
        "mag": 17.2895,
        "mag_err": 0.0392819,
        "locus_id": "ZTF18aayjyub"
    },
    "16": {
        "mjd": 58294.2035764,
        "passband": 1,
        "mag": 17.1283,
        "mag_err": 0.055877199999999995,
        "locus_id": "ZTF18aayjyub"
    },
    "17": {
        "mjd": 58294.2059375,
        "passband": 1,
        "mag": 17.1163,
        "mag_err": 0.0423957,
        "locus_id": "ZTF18aayjyub"
    },
    "18": {
        "mjd": 58294.2376852,
        "passband": 2,
        "mag": 17.2914,
        "mag_err": 0.0403556,
        "locus_id": "ZTF18aayjyub"
    },
    "19": {
        "mjd": 58294.2404398,
        "passband": 2,
        "mag": 17.2622,
        "mag_err": 0.0551957,
        "locus_id": "ZTF18aayjyub"
    },
    "20": {
        "mjd": 58297.2023727,
        "passband": 1,
        "mag": 17.2262,
        "mag_err": 0.0603707,
        "locus_id": "ZTF18aayjyub"
    },
    "21": {
        "mjd": 58297.2823727,
        "passband": 2,
        "mag": 17.2758,
        "mag_err": 0.0579493,
        "locus_id": "ZTF18aayjyub"
    },
    "22": {
        "mjd": 58297.2833102,
        "passband": 2,
        "mag": 17.3342,
        "mag_err": 0.0463019,
        "locus_id": "ZTF18aayjyub"
    },
    "23": {
        "mjd": 58300.1855671,
        "passband": 2,
        "mag": 17.4442,
        "mag_err": 0.0410295,
        "locus_id": "ZTF18aayjyub"
    },
    "24": {
        "mjd": 58300.223738400004,
        "passband": 1,
        "mag": 17.3791,
        "mag_err": 0.0514684,
        "locus_id": "ZTF18aayjyub"
    },
    "25": {
        "mjd": 58300.3075694,
        "passband": 1,
        "mag": 17.3456,
        "mag_err": 0.0542082,
        "locus_id": "ZTF18aayjyub"
    },
    "26": {
        "mjd": 58300.3214352,
        "passband": 2,
        "mag": 17.47,
        "mag_err": 0.05769969999999999,
        "locus_id": "ZTF18aayjyub"
    },
    "27": {
        "mjd": 58319.2152431,
        "passband": 2,
        "mag": 18.1782,
        "mag_err": 0.0752926,
        "locus_id": "ZTF18aayjyub"
    },
    "28": {
        "mjd": 58321.1807176,
        "passband": 1,
        "mag": 18.9004,
        "mag_err": 0.17285699999999998,
        "locus_id": "ZTF18aayjyub"
    },
    "29": {
        "mjd": 58321.2177431,
        "passband": 2,
        "mag": 18.184,
        "mag_err": 0.07649299999999999,
        "locus_id": "ZTF18aayjyub"
    },
    "30": {
        "mjd": 58324.1804745,
        "passband": 2,
        "mag": 18.2046,
        "mag_err": 0.0897091,
        "locus_id": "ZTF18aayjyub"
    },
    "31": {
        "mjd": 58324.27980319999,
        "passband": 1,
        "mag": 19.1616,
        "mag_err": 0.204597,
        "locus_id": "ZTF18aayjyub"
    },
    "32": {
        "mjd": 58325.2140741,
        "passband": 2,
        "mag": 18.2405,
        "mag_err": 0.0649634,
        "locus_id": "ZTF18aayjyub"
    },
    "33": {
        "mjd": 58332.17846059999,
        "passband": 1,
        "mag": 19.6935,
        "mag_err": 0.149614,
        "locus_id": "ZTF18aayjyub"
    },
    "34": {
        "mjd": 58334.1607407,
        "passband": 2,
        "mag": 18.8281,
        "mag_err": 0.148764,
        "locus_id": "ZTF18aayjyub"
    },
    "35": {
        "mjd": 58334.182106500004,
        "passband": 1,
        "mag": 19.7793,
        "mag_err": 0.167052,
        "locus_id": "ZTF18aayjyub"
    },
    "36": {
        "mjd": 58336.18239580001,
        "passband": 1,
        "mag": 19.8111,
        "mag_err": 0.166674,
        "locus_id": "ZTF18aayjyub"
    },
    "37": {
        "mjd": 58336.203287000004,
        "passband": 2,
        "mag": 18.9443,
        "mag_err": 0.0904702,
        "locus_id": "ZTF18aayjyub"
    },
    "38": {
        "mjd": 58337.176736099995,
        "passband": 1,
        "mag": 19.8551,
        "mag_err": 0.194163,
        "locus_id": "ZTF18aayjyub"
    },
    "39": {
        "mjd": 58337.19736109999,
        "passband": 2,
        "mag": 19.0318,
        "mag_err": 0.112222,
        "locus_id": "ZTF18aayjyub"
    },
    "40": {
        "mjd": 58346.1740046,
        "passband": 2,
        "mag": 19.3164,
        "mag_err": 0.12568800000000002,
        "locus_id": "ZTF18aayjyub"
    },
    "41": {
        "mjd": 58351.149166699994,
        "passband": 2,
        "mag": 19.3204,
        "mag_err": 0.15398299999999998,
        "locus_id": "ZTF18aayjyub"
    }
}