{
    "0": {
        "mjd": 58836.50841440001,
        "passband": 2,
        "mag": 20.3502,
        "mag_err": 0.22598200000000002,
        "locus_id": "ZTF19adakcrw"
    },
    "1": {
        "mjd": 58836.55673609999,
        "passband": 1,
        "mag": 20.2399,
        "mag_err": 0.19149000000000002,
        "locus_id": "ZTF19adakcrw"
    },
    "2": {
        "mjd": 58836.5741204,
        "passband": 1,
        "mag": 20.4182,
        "mag_err": 0.362892,
        "locus_id": "ZTF19adakcrw"
    },
    "3": {
        "mjd": 58846.4661574,
        "passband": 2,
        "mag": 20.339000000000002,
        "mag_err": 0.171829,
        "locus_id": "ZTF19adakcrw"
    }
}