{
    "0": {
        "mjd": 58580.242743099996,
        "passband": 1,
        "mag": 19.6478,
        "mag_err": 0.167189,
        "locus_id": "ZTF19aaoyech"
    },
    "1": {
        "mjd": 58580.256759300006,
        "passband": 1,
        "mag": 19.74,
        "mag_err": 0.12754100000000002,
        "locus_id": "ZTF19aaoyech"
    },
    "2": {
        "mjd": 58580.2814931,
        "passband": 2,
        "mag": 20.0731,
        "mag_err": 0.146626,
        "locus_id": "ZTF19aaoyech"
    },
    "3": {
        "mjd": 58580.34795140001,
        "passband": 2,
        "mag": 19.9263,
        "mag_err": 0.160438,
        "locus_id": "ZTF19aaoyech"
    },
    "4": {
        "mjd": 58582.22482640001,
        "passband": 2,
        "mag": 19.4157,
        "mag_err": 0.121573,
        "locus_id": "ZTF19aaoyech"
    },
    "5": {
        "mjd": 58583.276296300006,
        "passband": 2,
        "mag": 19.0774,
        "mag_err": 0.10323099999999999,
        "locus_id": "ZTF19aaoyech"
    },
    "6": {
        "mjd": 58585.2266204,
        "passband": 1,
        "mag": 18.7283,
        "mag_err": 0.0814471,
        "locus_id": "ZTF19aaoyech"
    },
    "7": {
        "mjd": 58586.233125,
        "passband": 2,
        "mag": 18.886,
        "mag_err": 0.0756483,
        "locus_id": "ZTF19aaoyech"
    },
    "8": {
        "mjd": 58586.2584028,
        "passband": 1,
        "mag": 18.623,
        "mag_err": 0.0754197,
        "locus_id": "ZTF19aaoyech"
    },
    "9": {
        "mjd": 58589.2575347,
        "passband": 2,
        "mag": 18.6963,
        "mag_err": 0.141047,
        "locus_id": "ZTF19aaoyech"
    },
    "10": {
        "mjd": 58592.1915278,
        "passband": 1,
        "mag": 18.2369,
        "mag_err": 0.11864100000000001,
        "locus_id": "ZTF19aaoyech"
    },
    "11": {
        "mjd": 58593.2797569,
        "passband": 2,
        "mag": 18.5381,
        "mag_err": 0.09239580000000001,
        "locus_id": "ZTF19aaoyech"
    },
    "12": {
        "mjd": 58596.212523099995,
        "passband": 1,
        "mag": 18.5258,
        "mag_err": 0.0745946,
        "locus_id": "ZTF19aaoyech"
    },
    "13": {
        "mjd": 58596.2550926,
        "passband": 2,
        "mag": 18.6329,
        "mag_err": 0.07952769999999999,
        "locus_id": "ZTF19aaoyech"
    },
    "14": {
        "mjd": 58597.2478125,
        "passband": 2,
        "mag": 18.6167,
        "mag_err": 0.0708638,
        "locus_id": "ZTF19aaoyech"
    },
    "15": {
        "mjd": 58599.191076400006,
        "passband": 1,
        "mag": 18.5727,
        "mag_err": 0.0800691,
        "locus_id": "ZTF19aaoyech"
    },
    "16": {
        "mjd": 58602.27570599999,
        "passband": 2,
        "mag": 18.9289,
        "mag_err": 0.09980499999999999,
        "locus_id": "ZTF19aaoyech"
    },
    "17": {
        "mjd": 58606.2047801,
        "passband": 2,
        "mag": 19.1458,
        "mag_err": 0.07951749999999999,
        "locus_id": "ZTF19aaoyech"
    },
    "18": {
        "mjd": 58606.206169000005,
        "passband": 2,
        "mag": 18.9904,
        "mag_err": 0.108293,
        "locus_id": "ZTF19aaoyech"
    },
    "19": {
        "mjd": 58606.3961574,
        "passband": 1,
        "mag": 19.0821,
        "mag_err": 0.100424,
        "locus_id": "ZTF19aaoyech"
    },
    "20": {
        "mjd": 58609.2112153,
        "passband": 1,
        "mag": 19.2592,
        "mag_err": 0.110704,
        "locus_id": "ZTF19aaoyech"
    },
    "21": {
        "mjd": 58612.211608800004,
        "passband": 2,
        "mag": 19.3039,
        "mag_err": 0.0898183,
        "locus_id": "ZTF19aaoyech"
    },
    "22": {
        "mjd": 58612.25596059999,
        "passband": 1,
        "mag": 19.5411,
        "mag_err": 0.11355,
        "locus_id": "ZTF19aaoyech"
    },
    "23": {
        "mjd": 58616.1528356,
        "passband": 2,
        "mag": 19.4634,
        "mag_err": 0.197849,
        "locus_id": "ZTF19aaoyech"
    },
    "24": {
        "mjd": 58616.2107639,
        "passband": 1,
        "mag": 19.5195,
        "mag_err": 0.283733,
        "locus_id": "ZTF19aaoyech"
    },
    "25": {
        "mjd": 58628.309236099994,
        "passband": 2,
        "mag": 19.8852,
        "mag_err": 0.17515799999999998,
        "locus_id": "ZTF19aaoyech"
    },
    "26": {
        "mjd": 58633.200300900004,
        "passband": 2,
        "mag": 20.0057,
        "mag_err": 0.141413,
        "locus_id": "ZTF19aaoyech"
    },
    "27": {
        "mjd": 58633.24625,
        "passband": 1,
        "mag": 20.8356,
        "mag_err": 0.294914,
        "locus_id": "ZTF19aaoyech"
    },
    "28": {
        "mjd": 58636.20877309999,
        "passband": 2,
        "mag": 20.3325,
        "mag_err": 0.181275,
        "locus_id": "ZTF19aaoyech"
    },
    "29": {
        "mjd": 58639.17670140001,
        "passband": 2,
        "mag": 20.4883,
        "mag_err": 0.186325,
        "locus_id": "ZTF19aaoyech"
    }
}