{
    "0": {
        "mjd": 58469.4734259,
        "passband": 2,
        "mag": 18.8963,
        "mag_err": 0.08672510000000001,
        "locus_id": "ZTF18acxwtyx"
    },
    "1": {
        "mjd": 58469.4834838,
        "passband": 1,
        "mag": 18.7921,
        "mag_err": 0.121431,
        "locus_id": "ZTF18acxwtyx"
    },
    "2": {
        "mjd": 58472.43,
        "passband": 2,
        "mag": 18.8799,
        "mag_err": 0.0976703,
        "locus_id": "ZTF18acxwtyx"
    },
    "3": {
        "mjd": 58472.4628472,
        "passband": 1,
        "mag": 18.7455,
        "mag_err": 0.09174910000000001,
        "locus_id": "ZTF18acxwtyx"
    },
    "4": {
        "mjd": 58480.419270800005,
        "passband": 2,
        "mag": 19.038,
        "mag_err": 0.1388,
        "locus_id": "ZTF18acxwtyx"
    },
    "5": {
        "mjd": 58480.4603472,
        "passband": 1,
        "mag": 19.0835,
        "mag_err": 0.20876999999999998,
        "locus_id": "ZTF18acxwtyx"
    },
    "6": {
        "mjd": 58487.4230903,
        "passband": 2,
        "mag": 19.5331,
        "mag_err": 0.20729499999999998,
        "locus_id": "ZTF18acxwtyx"
    },
    "7": {
        "mjd": 58487.4455556,
        "passband": 1,
        "mag": 19.5697,
        "mag_err": 0.131027,
        "locus_id": "ZTF18acxwtyx"
    }
}