{
    "0": {
        "mjd": 58836.5153819,
        "passband": 2,
        "mag": 18.816,
        "mag_err": 0.0838433,
        "locus_id": "ZTF19adajqcq"
    },
    "1": {
        "mjd": 58850.5108796,
        "passband": 2,
        "mag": 17.5778,
        "mag_err": 0.0500163,
        "locus_id": "ZTF19adajqcq"
    },
    "2": {
        "mjd": 58850.555648099995,
        "passband": 1,
        "mag": 17.4775,
        "mag_err": 0.0517673,
        "locus_id": "ZTF19adajqcq"
    },
    "3": {
        "mjd": 58853.5341898,
        "passband": 1,
        "mag": 17.6058,
        "mag_err": 0.061446900000000006,
        "locus_id": "ZTF19adajqcq"
    },
    "4": {
        "mjd": 58856.550416699996,
        "passband": 1,
        "mag": 17.7609,
        "mag_err": 0.051336900000000005,
        "locus_id": "ZTF19adajqcq"
    },
    "5": {
        "mjd": 58856.568923599996,
        "passband": 2,
        "mag": 17.7668,
        "mag_err": 0.0480739,
        "locus_id": "ZTF19adajqcq"
    },
    "6": {
        "mjd": 58861.51429400001,
        "passband": 1,
        "mag": 18.0487,
        "mag_err": 0.0813596,
        "locus_id": "ZTF19adajqcq"
    },
    "7": {
        "mjd": 58861.5472569,
        "passband": 2,
        "mag": 18.1411,
        "mag_err": 0.06423290000000001,
        "locus_id": "ZTF19adajqcq"
    },
    "8": {
        "mjd": 58864.46855319999,
        "passband": 1,
        "mag": 18.4038,
        "mag_err": 0.0727409,
        "locus_id": "ZTF19adajqcq"
    },
    "9": {
        "mjd": 58864.5074306,
        "passband": 2,
        "mag": 18.2323,
        "mag_err": 0.09470139999999999,
        "locus_id": "ZTF19adajqcq"
    },
    "10": {
        "mjd": 58872.432858800006,
        "passband": 1,
        "mag": 19.1268,
        "mag_err": 0.0894677,
        "locus_id": "ZTF19adajqcq"
    },
    "11": {
        "mjd": 58872.56814809999,
        "passband": 2,
        "mag": 18.354,
        "mag_err": 0.054858300000000006,
        "locus_id": "ZTF19adajqcq"
    },
    "12": {
        "mjd": 58875.48982640001,
        "passband": 1,
        "mag": 19.4052,
        "mag_err": 0.127695,
        "locus_id": "ZTF19adajqcq"
    },
    "13": {
        "mjd": 58875.55094909999,
        "passband": 2,
        "mag": 18.4533,
        "mag_err": 0.07514,
        "locus_id": "ZTF19adajqcq"
    },
    "14": {
        "mjd": 58878.52916669999,
        "passband": 1,
        "mag": 19.6557,
        "mag_err": 0.176023,
        "locus_id": "ZTF19adajqcq"
    },
    "15": {
        "mjd": 58878.5527199,
        "passband": 2,
        "mag": 18.4271,
        "mag_err": 0.0735301,
        "locus_id": "ZTF19adajqcq"
    },
    "16": {
        "mjd": 58881.51469909999,
        "passband": 1,
        "mag": 19.8046,
        "mag_err": 0.17313900000000002,
        "locus_id": "ZTF19adajqcq"
    },
    "17": {
        "mjd": 58881.55408559999,
        "passband": 2,
        "mag": 18.6381,
        "mag_err": 0.0628471,
        "locus_id": "ZTF19adajqcq"
    },
    "18": {
        "mjd": 58884.4235648,
        "passband": 1,
        "mag": 20.0602,
        "mag_err": 0.30890500000000004,
        "locus_id": "ZTF19adajqcq"
    },
    "19": {
        "mjd": 58884.54460650001,
        "passband": 2,
        "mag": 18.7901,
        "mag_err": 0.113876,
        "locus_id": "ZTF19adajqcq"
    },
    "20": {
        "mjd": 58887.54479169999,
        "passband": 2,
        "mag": 19.0887,
        "mag_err": 0.12895,
        "locus_id": "ZTF19adajqcq"
    },
    "21": {
        "mjd": 58890.49096059999,
        "passband": 2,
        "mag": 19.2882,
        "mag_err": 0.23909299999999997,
        "locus_id": "ZTF19adajqcq"
    },
    "22": {
        "mjd": 58893.4903935,
        "passband": 1,
        "mag": 20.3783,
        "mag_err": 0.21384299999999998,
        "locus_id": "ZTF19adajqcq"
    },
    "23": {
        "mjd": 58893.5315162,
        "passband": 2,
        "mag": 19.439,
        "mag_err": 0.139375,
        "locus_id": "ZTF19adajqcq"
    },
    "24": {
        "mjd": 58898.5156713,
        "passband": 2,
        "mag": 19.5922,
        "mag_err": 0.134979,
        "locus_id": "ZTF19adajqcq"
    },
    "25": {
        "mjd": 58898.5482755,
        "passband": 1,
        "mag": 20.4908,
        "mag_err": 0.140373,
        "locus_id": "ZTF19adajqcq"
    },
    "26": {
        "mjd": 58899.5075579,
        "passband": 2,
        "mag": 19.4821,
        "mag_err": 0.13392300000000001,
        "locus_id": "ZTF19adajqcq"
    },
    "27": {
        "mjd": 58899.53526619999,
        "passband": 1,
        "mag": 20.4712,
        "mag_err": 0.212414,
        "locus_id": "ZTF19adajqcq"
    },
    "28": {
        "mjd": 58903.51020830001,
        "passband": 2,
        "mag": 19.5634,
        "mag_err": 0.11758800000000001,
        "locus_id": "ZTF19adajqcq"
    },
    "29": {
        "mjd": 58903.53723380001,
        "passband": 1,
        "mag": 20.6008,
        "mag_err": 0.213002,
        "locus_id": "ZTF19adajqcq"
    },
    "30": {
        "mjd": 58904.5284144,
        "passband": 2,
        "mag": 19.6423,
        "mag_err": 0.117751,
        "locus_id": "ZTF19adajqcq"
    },
    "31": {
        "mjd": 58906.5108681,
        "passband": 2,
        "mag": 19.6782,
        "mag_err": 0.215077,
        "locus_id": "ZTF19adajqcq"
    },
    "32": {
        "mjd": 58906.53125,
        "passband": 1,
        "mag": 20.5303,
        "mag_err": 0.306373,
        "locus_id": "ZTF19adajqcq"
    },
    "33": {
        "mjd": 58908.490787,
        "passband": 2,
        "mag": 19.7499,
        "mag_err": 0.12314000000000001,
        "locus_id": "ZTF19adajqcq"
    },
    "34": {
        "mjd": 58908.5371181,
        "passband": 1,
        "mag": 20.7017,
        "mag_err": 0.23629299999999998,
        "locus_id": "ZTF19adajqcq"
    },
    "35": {
        "mjd": 58912.4734028,
        "passband": 2,
        "mag": 20.0402,
        "mag_err": 0.143069,
        "locus_id": "ZTF19adajqcq"
    },
    "36": {
        "mjd": 58912.53730319999,
        "passband": 1,
        "mag": 20.6283,
        "mag_err": 0.223971,
        "locus_id": "ZTF19adajqcq"
    },
    "37": {
        "mjd": 58913.49783559999,
        "passband": 2,
        "mag": 19.9364,
        "mag_err": 0.238617,
        "locus_id": "ZTF19adajqcq"
    },
    "38": {
        "mjd": 58913.516875,
        "passband": 1,
        "mag": 20.6164,
        "mag_err": 0.24579,
        "locus_id": "ZTF19adajqcq"
    },
    "39": {
        "mjd": 58914.4972454,
        "passband": 1,
        "mag": 20.6592,
        "mag_err": 0.279754,
        "locus_id": "ZTF19adajqcq"
    },
    "40": {
        "mjd": 58914.5284028,
        "passband": 2,
        "mag": 20.008,
        "mag_err": 0.12726500000000002,
        "locus_id": "ZTF19adajqcq"
    }
}