{
    "0": {
        "mjd": 58428.5205671,
        "passband": 2,
        "mag": 19.6724,
        "mag_err": 0.138417,
        "locus_id": "ZTF18acefxko"
    },
    "1": {
        "mjd": 58431.52273150001,
        "passband": 2,
        "mag": 18.8327,
        "mag_err": 0.0927322,
        "locus_id": "ZTF18acefxko"
    },
    "2": {
        "mjd": 58434.4995602,
        "passband": 2,
        "mag": 18.4426,
        "mag_err": 0.12606199999999998,
        "locus_id": "ZTF18acefxko"
    },
    "3": {
        "mjd": 58439.369108800005,
        "passband": 2,
        "mag": 18.2548,
        "mag_err": 0.06387949999999999,
        "locus_id": "ZTF18acefxko"
    },
    "4": {
        "mjd": 58440.5031829,
        "passband": 2,
        "mag": 18.1801,
        "mag_err": 0.0863808,
        "locus_id": "ZTF18acefxko"
    },
    "5": {
        "mjd": 58442.3688773,
        "passband": 2,
        "mag": 18.326,
        "mag_err": 0.145448,
        "locus_id": "ZTF18acefxko"
    },
    "6": {
        "mjd": 58443.460381900004,
        "passband": 2,
        "mag": 18.0828,
        "mag_err": 0.0612944,
        "locus_id": "ZTF18acefxko"
    },
    "7": {
        "mjd": 58447.478888900005,
        "passband": 2,
        "mag": 18.2535,
        "mag_err": 0.09193810000000001,
        "locus_id": "ZTF18acefxko"
    },
    "8": {
        "mjd": 58447.52098380001,
        "passband": 2,
        "mag": 18.1737,
        "mag_err": 0.0846985,
        "locus_id": "ZTF18acefxko"
    },
    "9": {
        "mjd": 58448.4651042,
        "passband": 2,
        "mag": 18.2849,
        "mag_err": 0.10871099999999999,
        "locus_id": "ZTF18acefxko"
    },
    "10": {
        "mjd": 58455.4549074,
        "passband": 2,
        "mag": 18.7255,
        "mag_err": 0.07671499999999999,
        "locus_id": "ZTF18acefxko"
    },
    "11": {
        "mjd": 58455.5000926,
        "passband": 2,
        "mag": 18.7029,
        "mag_err": 0.083232,
        "locus_id": "ZTF18acefxko"
    },
    "12": {
        "mjd": 58461.50479169999,
        "passband": 2,
        "mag": 18.905,
        "mag_err": 0.119271,
        "locus_id": "ZTF18acefxko"
    },
    "13": {
        "mjd": 58465.48486109999,
        "passband": 2,
        "mag": 18.9296,
        "mag_err": 0.0916016,
        "locus_id": "ZTF18acefxko"
    },
    "14": {
        "mjd": 58468.47810190001,
        "passband": 2,
        "mag": 19.0213,
        "mag_err": 0.0979301,
        "locus_id": "ZTF18acefxko"
    },
    "15": {
        "mjd": 58472.4069444,
        "passband": 2,
        "mag": 19.2504,
        "mag_err": 0.126502,
        "locus_id": "ZTF18acefxko"
    },
    "16": {
        "mjd": 58480.4216319,
        "passband": 2,
        "mag": 19.735,
        "mag_err": 0.155498,
        "locus_id": "ZTF18acefxko"
    },
    "17": {
        "mjd": 58481.4233449,
        "passband": 2,
        "mag": 19.8684,
        "mag_err": 0.190699,
        "locus_id": "ZTF18acefxko"
    },
    "18": {
        "mjd": 58486.454386599995,
        "passband": 2,
        "mag": 19.8487,
        "mag_err": 0.190585,
        "locus_id": "ZTF18acefxko"
    },
    "19": {
        "mjd": 58567.191955999995,
        "passband": 1,
        "mag": 19.9259,
        "mag_err": 0.29656,
        "locus_id": "ZTF18acefxko"
    },
    "20": {
        "mjd": 58572.17054400001,
        "passband": 1,
        "mag": 19.6612,
        "mag_err": 0.411315,
        "locus_id": "ZTF18acefxko"
    },
    "21": {
        "mjd": 58584.2108912,
        "passband": 1,
        "mag": 19.7929,
        "mag_err": 0.23783200000000002,
        "locus_id": "ZTF18acefxko"
    },
    "22": {
        "mjd": 58591.1489005,
        "passband": 1,
        "mag": 19.6204,
        "mag_err": 0.261044,
        "locus_id": "ZTF18acefxko"
    },
    "23": {
        "mjd": 58594.169363400004,
        "passband": 1,
        "mag": 19.7242,
        "mag_err": 0.216442,
        "locus_id": "ZTF18acefxko"
    },
    "24": {
        "mjd": 58598.1914583,
        "passband": 1,
        "mag": 19.8746,
        "mag_err": 0.23611999999999997,
        "locus_id": "ZTF18acefxko"
    },
    "25": {
        "mjd": 58602.1916204,
        "passband": 1,
        "mag": 19.9415,
        "mag_err": 0.203037,
        "locus_id": "ZTF18acefxko"
    },
    "26": {
        "mjd": 58756.4773495,
        "passband": 1,
        "mag": 19.6909,
        "mag_err": 0.25442600000000004,
        "locus_id": "ZTF18acefxko"
    },
    "27": {
        "mjd": 58760.490289400004,
        "passband": 1,
        "mag": 19.7203,
        "mag_err": 0.22798600000000002,
        "locus_id": "ZTF18acefxko"
    },
    "28": {
        "mjd": 58764.5096065,
        "passband": 1,
        "mag": 19.6512,
        "mag_err": 0.212024,
        "locus_id": "ZTF18acefxko"
    },
    "29": {
        "mjd": 58767.486365699995,
        "passband": 1,
        "mag": 19.7709,
        "mag_err": 0.302904,
        "locus_id": "ZTF18acefxko"
    },
    "30": {
        "mjd": 58770.5266204,
        "passband": 1,
        "mag": 19.5396,
        "mag_err": 0.320837,
        "locus_id": "ZTF18acefxko"
    },
    "31": {
        "mjd": 58775.5171065,
        "passband": 1,
        "mag": 19.6734,
        "mag_err": 0.265579,
        "locus_id": "ZTF18acefxko"
    },
    "32": {
        "mjd": 58779.5029051,
        "passband": 1,
        "mag": 19.8344,
        "mag_err": 0.269543,
        "locus_id": "ZTF18acefxko"
    },
    "33": {
        "mjd": 58785.5246181,
        "passband": 1,
        "mag": 19.6974,
        "mag_err": 0.19961600000000002,
        "locus_id": "ZTF18acefxko"
    },
    "34": {
        "mjd": 58788.504143499995,
        "passband": 1,
        "mag": 19.7,
        "mag_err": 0.200899,
        "locus_id": "ZTF18acefxko"
    },
    "35": {
        "mjd": 58790.5486806,
        "passband": 1,
        "mag": 19.8202,
        "mag_err": 0.26769699999999996,
        "locus_id": "ZTF18acefxko"
    },
    "36": {
        "mjd": 58791.525763900005,
        "passband": 1,
        "mag": 19.7348,
        "mag_err": 0.244765,
        "locus_id": "ZTF18acefxko"
    },
    "37": {
        "mjd": 58794.54451390001,
        "passband": 1,
        "mag": 19.8891,
        "mag_err": 0.23871199999999998,
        "locus_id": "ZTF18acefxko"
    },
    "38": {
        "mjd": 58812.43635419999,
        "passband": 1,
        "mag": 19.7354,
        "mag_err": 0.214108,
        "locus_id": "ZTF18acefxko"
    },
    "39": {
        "mjd": 58835.51192130001,
        "passband": 1,
        "mag": 19.671,
        "mag_err": 0.18687,
        "locus_id": "ZTF18acefxko"
    },
    "40": {
        "mjd": 58846.4825694,
        "passband": 1,
        "mag": 19.8044,
        "mag_err": 0.116896,
        "locus_id": "ZTF18acefxko"
    },
    "41": {
        "mjd": 58849.4652546,
        "passband": 1,
        "mag": 19.7288,
        "mag_err": 0.12925999999999999,
        "locus_id": "ZTF18acefxko"
    },
    "42": {
        "mjd": 58852.477338,
        "passband": 1,
        "mag": 19.7644,
        "mag_err": 0.119905,
        "locus_id": "ZTF18acefxko"
    },
    "43": {
        "mjd": 58867.385127300004,
        "passband": 1,
        "mag": 19.8246,
        "mag_err": 0.212928,
        "locus_id": "ZTF18acefxko"
    },
    "44": {
        "mjd": 58871.22798609999,
        "passband": 1,
        "mag": 19.8315,
        "mag_err": 0.245123,
        "locus_id": "ZTF18acefxko"
    },
    "45": {
        "mjd": 58877.232048599995,
        "passband": 1,
        "mag": 19.7491,
        "mag_err": 0.208075,
        "locus_id": "ZTF18acefxko"
    },
    "46": {
        "mjd": 58884.2694444,
        "passband": 1,
        "mag": 19.4478,
        "mag_err": 0.25751399999999997,
        "locus_id": "ZTF18acefxko"
    },
    "47": {
        "mjd": 58893.2306019,
        "passband": 1,
        "mag": 19.8094,
        "mag_err": 0.21401199999999998,
        "locus_id": "ZTF18acefxko"
    },
    "48": {
        "mjd": 58896.231770800005,