{
    "0": {
        "mjd": 58505.4650579,
        "passband": 1,
        "mag": 19.0319,
        "mag_err": 0.18917,
        "locus_id": "ZTF19aadyijk"
    },
    "1": {
        "mjd": 58505.5409028,
        "passband": 2,
        "mag": 19.2781,
        "mag_err": 0.20722,
        "locus_id": "ZTF19aadyijk"
    },
    "2": {
        "mjd": 58506.519537,
        "passband": 1,
        "mag": 18.7214,
        "mag_err": 0.161104,
        "locus_id": "ZTF19aadyijk"
    },
    "3": {
        "mjd": 58507.4874653,
        "passband": 1,
        "mag": 18.6324,
        "mag_err": 0.143432,
        "locus_id": "ZTF19aadyijk"
    },
    "4": {
        "mjd": 58509.4995602,
        "passband": 2,
        "mag": 18.5462,
        "mag_err": 0.09482280000000001,
        "locus_id": "ZTF19aadyijk"
    },
    "5": {
        "mjd": 58509.53473380001,
        "passband": 1,
        "mag": 18.3714,
        "mag_err": 0.113264,
        "locus_id": "ZTF19aadyijk"
    },
    "6": {
        "mjd": 58513.4580324,
        "passband": 2,
        "mag": 18.1955,
        "mag_err": 0.142148,
        "locus_id": "ZTF19aadyijk"
    },
    "7": {
        "mjd": 58513.4580324,
        "passband": 2,
        "mag": 18.1955,
        "mag_err": 0.142148,
        "locus_id": "ZTF19aadyijk"
    },
    "8": {
        "mjd": 58522.435162,
        "passband": 1,
        "mag": 18.2495,
        "mag_err": 0.0749998,
        "locus_id": "ZTF19aadyijk"
    },
    "9": {
        "mjd": 58522.46074069999,
        "passband": 1,
        "mag": 18.2635,
        "mag_err": 0.0743132,
        "locus_id": "ZTF19aadyijk"
    },
    "10": {
        "mjd": 58522.5255903,
        "passband": 2,
        "mag": 18.2788,
        "mag_err": 0.0518413,
        "locus_id": "ZTF19aadyijk"
    },
    "11": {
        "mjd": 58526.4558681,
        "passband": 1,
        "mag": 18.4908,
        "mag_err": 0.0941763,
        "locus_id": "ZTF19aadyijk"
    },
    "12": {
        "mjd": 58526.48313659999,
        "passband": 2,
        "mag": 18.427,
        "mag_err": 0.120566,
        "locus_id": "ZTF19aadyijk"
    },
    "13": {
        "mjd": 58538.4604398,
        "passband": 2,
        "mag": 18.6786,
        "mag_err": 0.21395300000000003,
        "locus_id": "ZTF19aadyijk"
    },
    "14": {
        "mjd": 58540.30570599999,
        "passband": 2,
        "mag": 18.958,
        "mag_err": 0.10203200000000001,
        "locus_id": "ZTF19aadyijk"
    },
    "15": {
        "mjd": 58543.3590278,
        "passband": 2,
        "mag": 19.1274,
        "mag_err": 0.100886,
        "locus_id": "ZTF19aadyijk"
    },
    "16": {
        "mjd": 58558.241550900006,
        "passband": 2,
        "mag": 19.8463,
        "mag_err": 0.273102,
        "locus_id": "ZTF19aadyijk"
    },
    "17": {
        "mjd": 58559.27283559999,
        "passband": 2,
        "mag": 19.7589,
        "mag_err": 0.19072999999999998,
        "locus_id": "ZTF19aadyijk"
    },
    "18": {
        "mjd": 58567.3590625,
        "passband": 2,
        "mag": 20.1709,
        "mag_err": 0.21247600000000003,
        "locus_id": "ZTF19aadyijk"
    }
}