{
    "0": {
        "mjd": 58277.2402778,
        "passband": 2,
        "mag": 19.327,
        "mag_err": 0.105348,
        "locus_id": "ZTF18aaqkqxi"
    },
    "1": {
        "mjd": 58280.19611109999,
        "passband": 2,
        "mag": 19.5558,
        "mag_err": 0.109135,
        "locus_id": "ZTF18aaqkqxi"
    },
    "2": {
        "mjd": 58280.216759300005,
        "passband": 1,
        "mag": 20.2255,
        "mag_err": 0.180179,
        "locus_id": "ZTF18aaqkqxi"
    },
    "3": {
        "mjd": 58283.2028588,
        "passband": 2,
        "mag": 19.712,
        "mag_err": 0.134818,
        "locus_id": "ZTF18aaqkqxi"
    },
    "4": {
        "mjd": 58283.2424421,
        "passband": 1,
        "mag": 20.2054,
        "mag_err": 0.194746,
        "locus_id": "ZTF18aaqkqxi"
    },
    "5": {
        "mjd": 58286.21958330001,
        "passband": 1,
        "mag": 20.1454,
        "mag_err": 0.172111,
        "locus_id": "ZTF18aaqkqxi"
    },
    "6": {
        "mjd": 58289.220046300004,
        "passband": 2,
        "mag": 19.7386,
        "mag_err": 0.178802,
        "locus_id": "ZTF18aaqkqxi"
    },
    "7": {
        "mjd": 58426.4940278,
        "passband": 1,
        "mag": 19.7979,
        "mag_err": 0.12578499999999998,
        "locus_id": "ZTF18aaqkqxi"
    },
    "8": {
        "mjd": 58432.4726273,
        "passband": 1,
        "mag": 19.7049,
        "mag_err": 0.171079,
        "locus_id": "ZTF18aaqkqxi"
    },
    "9": {
        "mjd": 58440.492164400006,
        "passband": 1,
        "mag": 19.6473,
        "mag_err": 0.145296,
        "locus_id": "ZTF18aaqkqxi"
    },
    "10": {
        "mjd": 58443.5363079,
        "passband": 1,
        "mag": 19.6107,
        "mag_err": 0.144824,
        "locus_id": "ZTF18aaqkqxi"
    },
    "11": {
        "mjd": 58461.4959028,
        "passband": 1,
        "mag": 19.7277,
        "mag_err": 0.154582,
        "locus_id": "ZTF18aaqkqxi"
    },
    "12": {
        "mjd": 58464.4822569,
        "passband": 1,
        "mag": 19.6461,
        "mag_err": 0.11221500000000001,
        "locus_id": "ZTF18aaqkqxi"
    },
    "13": {
        "mjd": 58480.5052546,
        "passband": 1,
        "mag": 19.6186,
        "mag_err": 0.178643,
        "locus_id": "ZTF18aaqkqxi"
    },
    "14": {
        "mjd": 58486.5278356,
        "passband": 1,
        "mag": 19.7154,
        "mag_err": 0.14572100000000002,
        "locus_id": "ZTF18aaqkqxi"
    },
    "15": {
        "mjd": 58491.45179400001,
        "passband": 1,
        "mag": 19.7347,
        "mag_err": 0.171551,
        "locus_id": "ZTF18aaqkqxi"
    },
    "16": {
        "mjd": 58494.519201400006,
        "passband": 1,
        "mag": 19.6477,
        "mag_err": 0.114668,
        "locus_id": "ZTF18aaqkqxi"
    },
    "17": {
        "mjd": 58511.4318171,
        "passband": 1,
        "mag": 19.6302,
        "mag_err": 0.12725699999999998,
        "locus_id": "ZTF18aaqkqxi"
    },
    "18": {
        "mjd": 58572.270208300004,
        "passband": 1,
        "mag": 19.5131,
        "mag_err": 0.167176,
        "locus_id": "ZTF18aaqkqxi"
    },
    "19": {
        "mjd": 58575.2776968,
        "passband": 1,
        "mag": 19.6967,
        "mag_err": 0.143476,
        "locus_id": "ZTF18aaqkqxi"
    },
    "20": {
        "mjd": 58580.237604199996,
        "passband": 1,
        "mag": 19.6893,
        "mag_err": 0.195237,
        "locus_id": "ZTF18aaqkqxi"
    },
    "21": {
        "mjd": 58584.241226900005,
        "passband": 1,
        "mag": 19.6562,
        "mag_err": 0.125942,
        "locus_id": "ZTF18aaqkqxi"
    },
    "22": {
        "mjd": 58587.2197801,
        "passband": 1,
        "mag": 19.7114,
        "mag_err": 0.22032800000000002,
        "locus_id": "ZTF18aaqkqxi"
    },
    "23": {
        "mjd": 58591.219074099994,
        "passband": 1,
        "mag": 19.6378,
        "mag_err": 0.269439,
        "locus_id": "ZTF18aaqkqxi"
    },
    "24": {
        "mjd": 58594.184976900004,
        "passband": 1,
        "mag": 19.6293,
        "mag_err": 0.15948099999999998,
        "locus_id": "ZTF18aaqkqxi"
    },
    "25": {
        "mjd": 58597.25789349999,
        "passband": 1,
        "mag": 19.6018,
        "mag_err": 0.142021,
        "locus_id": "ZTF18aaqkqxi"
    },
    "26": {
        "mjd": 58600.2007176,
        "passband": 1,
        "mag": 19.6452,
        "mag_err": 0.138246,
        "locus_id": "ZTF18aaqkqxi"
    },
    "27": {
        "mjd": 58605.2366204,
        "passband": 1,
        "mag": 19.692,
        "mag_err": 0.166098,
        "locus_id": "ZTF18aaqkqxi"
    },
    "28": {
        "mjd": 58608.1964931,
        "passband": 1,
        "mag": 19.7442,
        "mag_err": 0.145018,
        "locus_id": "ZTF18aaqkqxi"
    },
    "29": {
        "mjd": 58612.18572919999,
        "passband": 1,
        "mag": 19.7105,
        "mag_err": 0.14516300000000001,
        "locus_id": "ZTF18aaqkqxi"
    },
    "30": {
        "mjd": 58619.2285995,
        "passband": 1,
        "mag": 19.405,
        "mag_err": 0.251742,
        "locus_id": "ZTF18aaqkqxi"
    },
    "31": {
        "mjd": 58633.2249306,
        "passband": 1,
        "mag": 19.6364,
        "mag_err": 0.16054100000000002,
        "locus_id": "ZTF18aaqkqxi"
    },
    "32": {
        "mjd": 58636.2597569,
        "passband": 1,
        "mag": 19.5442,
        "mag_err": 0.150401,
        "locus_id": "ZTF18aaqkqxi"
    },
    "33": {
        "mjd": 58639.2220718,
        "passband": 1,
        "mag": 19.6541,
        "mag_err": 0.160859,
        "locus_id": "ZTF18aaqkqxi"
    },
    "34": {
        "mjd": 58645.1981597,
        "passband": 1,
        "mag": 19.6429,
        "mag_err": 0.20266199999999998,
        "locus_id": "ZTF18aaqkqxi"
    },
    "35": {
        "mjd": 58654.26541669999,
        "passband": 1,
        "mag": 19.5655,
        "mag_err": 0.33306399999999997,
        "locus_id": "ZTF18aaqkqxi"
    },
    "36": {
        "mjd": 58658.1955556,
        "passband": 1,
        "mag": 19.6622,
        "mag_err": 0.147896,
        "locus_id": "ZTF18aaqkqxi"
    },
    "37": {
        "mjd": 58662.2037847,
        "passband": 1,
        "mag": 19.7524,
        "mag_err": 0.173994,
        "locus_id": "ZTF18aaqkqxi"
    },
    "38": {
        "mjd": 58667.2065046,
        "passband": 1,
        "mag": 19.6143,
        "mag_err": 0.150499,
        "locus_id": "ZTF18aaqkqxi"
    },
    "39": {
        "mjd": 58765.506446800006,
        "passband": 1,
        "mag": 19.6447,
        "mag_err": 0.166914,
        "locus_id": "ZTF18aaqkqxi"
    },
    "40": {
        "mjd": 58802.553009300005,
        "passband": 1,
        "mag": 19.6535,
        "mag_err": 0.258986,
        "locus_id": "ZTF18aaqkqxi"
    },
    "41": {
        "mjd": 58805.5269444,
        "passband": 1,
        "mag": 20.016,
        "mag_err": 0.29078200000000004,
        "locus_id": "ZTF18aaqkqxi"
    },
    "42": {
        "mjd": 58828.56002309999,
        "passband": 1,
        "mag": 19.61,
        "mag_err": 0.159855,
        "locus_id": "ZTF18aaqkqxi"
    },
    "43": {
        "mjd": 58837.50997690001,
        "passband": 1,
        "mag": 19.4339,
        "mag_err": 0.11048699999999999,
        "locus_id": "ZTF18aaqkqxi"
    },
    "44": {
        "mjd": 58846.5171528,
        "passband": 1,
        "mag": 19.4741,
        "mag_err": 0.0736961,
        "locus_id": "ZTF18aaqkqxi"
    },
    "45": {
        "mjd": 58849.512419000006,
        "passband": 1,
        "mag": 19.4319,
        "mag_err": 0.06846619999999999,
        "locus_id": "ZTF18aaqkqxi"
    },
    "46": {
        "mjd": 58851.4576042,
        "passband": 2,
        "mag": 20.5769,
        "mag_err": 0.238123,
        "locus_id": "ZTF18aaqkqxi"
    },
    "47": {
        "mjd": 58852.5116319,
        "passband": 1,
        "mag": 19.399,
        "mag_err": 0.0733971,
        "locus_id": "ZTF18aaqkqxi"
    },
    "48": {
        "mjd": 58853.5191204,
        "passband": 1,
        "mag": 19.4164,