{
    "0": {
        "mjd": 58461.4959028,
        "passband": 1,
        "mag": 18.9341,
        "mag_err": 0.11516199999999999,
        "locus_id": "ZTF18acsoyiu"
    },
    "1": {
        "mjd": 58461.5336227,
        "passband": 2,
        "mag": 19.0471,
        "mag_err": 0.0845973,
        "locus_id": "ZTF18acsoyiu"
    },
    "2": {
        "mjd": 58464.4822569,
        "passband": 1,
        "mag": 18.8499,
        "mag_err": 0.0814661,
        "locus_id": "ZTF18acsoyiu"
    },
    "3": {
        "mjd": 58471.5381597,
        "passband": 2,
        "mag": 19.2413,
        "mag_err": 0.08568669999999999,
        "locus_id": "ZTF18acsoyiu"
    },
    "4": {
        "mjd": 58486.49157409999,
        "passband": 2,
        "mag": 19.9698,
        "mag_err": 0.167652,
        "locus_id": "ZTF18acsoyiu"
    },
    "5": {
        "mjd": 58491.534479199996,
        "passband": 2,
        "mag": 20.3314,
        "mag_err": 0.18642899999999998,
        "locus_id": "ZTF18acsoyiu"
    }
}