{
    "0": {
        "mjd": 58427.4769213,
        "passband": 2,
        "mag": 19.3075,
        "mag_err": 0.154675,
        "locus_id": "ZTF18aabssth"
    },
    "1": {
        "mjd": 58440.52373840001,
        "passband": 2,
        "mag": 19.1971,
        "mag_err": 0.0875586,
        "locus_id": "ZTF18aabssth"
    },
    "2": {
        "mjd": 58443.4546065,
        "passband": 2,
        "mag": 19.2328,
        "mag_err": 0.14038599999999998,
        "locus_id": "ZTF18aabssth"
    },
    "3": {
        "mjd": 58447.48219909999,
        "passband": 2,
        "mag": 19.1755,
        "mag_err": 0.157197,
        "locus_id": "ZTF18aabssth"
    },
    "4": {
        "mjd": 58448.478136599995,
        "passband": 2,
        "mag": 19.1294,
        "mag_err": 0.151758,
        "locus_id": "ZTF18aabssth"
    },
    "5": {
        "mjd": 58449.4550926,
        "passband": 2,
        "mag": 18.9499,
        "mag_err": 0.153265,
        "locus_id": "ZTF18aabssth"
    },
    "6": {
        "mjd": 58461.53976849999,
        "passband": 2,
        "mag": 19.1319,
        "mag_err": 0.11233,
        "locus_id": "ZTF18aabssth"
    },
    "7": {
        "mjd": 58464.54357640001,
        "passband": 2,
        "mag": 19.1861,
        "mag_err": 0.100327,
        "locus_id": "ZTF18aabssth"
    },
    "8": {
        "mjd": 58472.54479169999,
        "passband": 2,
        "mag": 19.174,
        "mag_err": 0.12376500000000001,
        "locus_id": "ZTF18aabssth"
    },
    "9": {
        "mjd": 58476.4469444,
        "passband": 2,
        "mag": 19.0866,
        "mag_err": 0.157075,
        "locus_id": "ZTF18aabssth"
    },
    "10": {
        "mjd": 58481.47254630001,
        "passband": 2,
        "mag": 19.1576,
        "mag_err": 0.13023099999999999,
        "locus_id": "ZTF18aabssth"
    },
    "11": {
        "mjd": 58481.5021528,
        "passband": 2,
        "mag": 19.3201,
        "mag_err": 0.159933,
        "locus_id": "ZTF18aabssth"
    },
    "12": {
        "mjd": 58486.48170140001,
        "passband": 2,
        "mag": 19.1422,
        "mag_err": 0.110778,
        "locus_id": "ZTF18aabssth"
    },
    "13": {
        "mjd": 58491.5279051,
        "passband": 2,
        "mag": 19.2872,
        "mag_err": 0.189554,
        "locus_id": "ZTF18aabssth"
    },
    "14": {
        "mjd": 58493.442384300004,
        "passband": 2,
        "mag": 19.2965,
        "mag_err": 0.105098,
        "locus_id": "ZTF18aabssth"
    },
    "15": {
        "mjd": 58493.55314809999,
        "passband": 1,
        "mag": 20.4423,
        "mag_err": 0.194214,
        "locus_id": "ZTF18aabssth"
    },
    "16": {
        "mjd": 58502.5199653,
        "passband": 2,
        "mag": 19.1607,
        "mag_err": 0.125616,
        "locus_id": "ZTF18aabssth"
    },
    "17": {
        "mjd": 58513.4234375,
        "passband": 2,
        "mag": 19.2134,
        "mag_err": 0.111398,
        "locus_id": "ZTF18aabssth"
    },
    "18": {
        "mjd": 58514.436944400004,
        "passband": 2,
        "mag": 19.1841,
        "mag_err": 0.14591300000000001,
        "locus_id": "ZTF18aabssth"
    },
    "19": {
        "mjd": 58540.241134300006,
        "passband": 2,
        "mag": 19.2246,
        "mag_err": 0.12531199999999998,
        "locus_id": "ZTF18aabssth"
    },
    "20": {
        "mjd": 58546.273449099994,
        "passband": 1,
        "mag": 20.4361,
        "mag_err": 0.26713400000000004,
        "locus_id": "ZTF18aabssth"
    },
    "21": {
        "mjd": 58558.1810069,
        "passband": 2,
        "mag": 19.4885,
        "mag_err": 0.22541799999999998,
        "locus_id": "ZTF18aabssth"
    },
    "22": {
        "mjd": 58559.2532523,
        "passband": 2,
        "mag": 19.2875,
        "mag_err": 0.164916,
        "locus_id": "ZTF18aabssth"
    },
    "23": {
        "mjd": 58567.233819400004,
        "passband": 2,
        "mag": 19.1395,
        "mag_err": 0.107619,
        "locus_id": "ZTF18aabssth"
    },
    "24": {
        "mjd": 58567.2535648,
        "passband": 1,
        "mag": 20.5281,
        "mag_err": 0.264838,
        "locus_id": "ZTF18aabssth"
    },
    "25": {
        "mjd": 58572.2548495,
        "passband": 1,
        "mag": 20.4642,
        "mag_err": 0.335604,
        "locus_id": "ZTF18aabssth"
    },
    "26": {
        "mjd": 58572.276169000004,
        "passband": 2,
        "mag": 19.1395,
        "mag_err": 0.166408,
        "locus_id": "ZTF18aabssth"
    },
    "27": {
        "mjd": 58575.27414349999,
        "passband": 1,
        "mag": 20.3822,
        "mag_err": 0.230963,
        "locus_id": "ZTF18aabssth"
    },
    "28": {
        "mjd": 58580.22829859999,
        "passband": 2,
        "mag": 19.2156,
        "mag_err": 0.118095,
        "locus_id": "ZTF18aabssth"
    },
    "29": {
        "mjd": 58580.23219909999,
        "passband": 1,
        "mag": 20.5088,
        "mag_err": 0.30696,
        "locus_id": "ZTF18aabssth"
    },
    "30": {
        "mjd": 58582.2225347,
        "passband": 2,
        "mag": 19.2123,
        "mag_err": 0.100348,
        "locus_id": "ZTF18aabssth"
    },
    "31": {
        "mjd": 58583.259166699994,
        "passband": 2,
        "mag": 19.1713,
        "mag_err": 0.102009,
        "locus_id": "ZTF18aabssth"
    },
    "32": {
        "mjd": 58586.2139352,
        "passband": 2,
        "mag": 19.2171,
        "mag_err": 0.14720899999999998,
        "locus_id": "ZTF18aabssth"
    },
    "33": {
        "mjd": 58593.26807869999,
        "passband": 2,
        "mag": 19.3594,
        "mag_err": 0.137455,
        "locus_id": "ZTF18aabssth"
    },
    "34": {
        "mjd": 58594.1573495,
        "passband": 2,
        "mag": 19.0228,
        "mag_err": 0.0900079,
        "locus_id": "ZTF18aabssth"
    },
    "35": {
        "mjd": 58597.2432523,
        "passband": 2,
        "mag": 19.2211,
        "mag_err": 0.0927246,
        "locus_id": "ZTF18aabssth"
    },
    "36": {
        "mjd": 58597.2536458,
        "passband": 1,
        "mag": 20.5043,
        "mag_err": 0.210654,
        "locus_id": "ZTF18aabssth"
    },
    "37": {
        "mjd": 58597.329490699994,
        "passband": 2,
        "mag": 19.1563,
        "mag_err": 0.110422,
        "locus_id": "ZTF18aabssth"
    },
    "38": {
        "mjd": 58601.2286227,
        "passband": 1,
        "mag": 20.5327,
        "mag_err": 0.270963,
        "locus_id": "ZTF18aabssth"
    },
    "39": {
        "mjd": 58601.2566435,
        "passband": 2,
        "mag": 19.2132,
        "mag_err": 0.13608699999999999,
        "locus_id": "ZTF18aabssth"
    },
    "40": {
        "mjd": 58605.2343287,
        "passband": 1,
        "mag": 20.2414,
        "mag_err": 0.22347899999999998,
        "locus_id": "ZTF18aabssth"
    },
    "41": {
        "mjd": 58608.207963,
        "passband": 1,
        "mag": 20.3223,
        "mag_err": 0.235325,
        "locus_id": "ZTF18aabssth"
    },
    "42": {
        "mjd": 58608.2150347,
        "passband": 2,
        "mag": 19.0943,
        "mag_err": 0.11875799999999999,
        "locus_id": "ZTF18aabssth"
    },
    "43": {
        "mjd": 58612.17372690001,
        "passband": 1,
        "mag": 20.5472,
        "mag_err": 0.301111,
        "locus_id": "ZTF18aabssth"
    },
    "44": {
        "mjd": 58612.192986099995,
        "passband": 2,
        "mag": 19.3185,
        "mag_err": 0.152254,
        "locus_id": "ZTF18aabssth"
    },
    "45": {
        "mjd": 58634.18504630001,
        "passband": 2,
        "mag": 19.2571,
        "mag_err": 0.137189,
        "locus_id": "ZTF18aabssth"
    },
    "46": {
        "mjd": 58637.1785995,
        "passband": 2,
        "mag": 19.21,
        "mag_err": 0.110497,
        "locus_id": "ZTF18aabssth"
    },
    "47": {
        "mjd": 58637.2231829,
        "passband": 1,
        "mag": 20.3261,
        "mag_err": 0.293781,
        "locus_id": "ZTF18aabssth"
    },
    "48": {
        "mjd": 58640.17199069999,
        "passband": 1,
        "mag": 19.987000000000002,