{
    "0": {
        "mjd": 58379.1477778,
        "passband": 1,
        "mag": 18.7915,
        "mag_err": 0.113799,
        "locus_id": "ZTF18abxbwwf"
    },
    "1": {
        "mjd": 58382.114259300004,
        "passband": 2,
        "mag": 18.5121,
        "mag_err": 0.08751189999999999,
        "locus_id": "ZTF18abxbwwf"
    },
    "2": {
        "mjd": 58382.169375,
        "passband": 1,
        "mag": 18.5364,
        "mag_err": 0.10597000000000001,
        "locus_id": "ZTF18abxbwwf"
    },
    "3": {
        "mjd": 58387.1250694,
        "passband": 2,
        "mag": 18.3178,
        "mag_err": 0.06973439999999999,
        "locus_id": "ZTF18abxbwwf"
    },
    "4": {
        "mjd": 58387.2060069,
        "passband": 1,
        "mag": 18.1445,
        "mag_err": 0.145017,
        "locus_id": "ZTF18abxbwwf"
    }
}