{
    "0": {
        "mjd": 58370.4353704,
        "passband": 2,
        "mag": 20.4212,
        "mag_err": 0.170655,
        "locus_id": "ZTF18abupgps"
    },
    "1": {
        "mjd": 58432.2416088,
        "passband": 1,
        "mag": 19.6073,
        "mag_err": 0.130144,
        "locus_id": "ZTF18abupgps"
    },
    "2": {
        "mjd": 58438.25701390001,
        "passband": 2,
        "mag": 18.9448,
        "mag_err": 0.21611999999999998,
        "locus_id": "ZTF18abupgps"
    },
    "3": {
        "mjd": 58448.2698148,
        "passband": 2,
        "mag": 18.9077,
        "mag_err": 0.120554,
        "locus_id": "ZTF18abupgps"
    },
    "4": {
        "mjd": 58456.167291699996,
        "passband": 2,
        "mag": 19.1683,
        "mag_err": 0.143821,
        "locus_id": "ZTF18abupgps"
    },
    "5": {
        "mjd": 58456.26,
        "passband": 2,
        "mag": 19.2148,
        "mag_err": 0.132266,
        "locus_id": "ZTF18abupgps"
    }
}