{
    "0": {
        "mjd": 58829.0799074,
        "passband": 2,
        "mag": 19.0255,
        "mag_err": 0.107162,
        "locus_id": "ZTF19acxzafe"
    },
    "1": {
        "mjd": 58830.114861099995,
        "passband": 1,
        "mag": 18.7422,
        "mag_err": 0.158352,
        "locus_id": "ZTF19acxzafe"
    },
    "2": {
        "mjd": 58831.133680599996,
        "passband": 1,
        "mag": 18.55,
        "mag_err": 0.10192999999999999,
        "locus_id": "ZTF19acxzafe"
    },
    "3": {
        "mjd": 58833.081169000005,
        "passband": 2,
        "mag": 18.5103,
        "mag_err": 0.0875724,
        "locus_id": "ZTF19acxzafe"
    },
    "4": {
        "mjd": 58833.133460599995,
        "passband": 1,
        "mag": 18.4053,
        "mag_err": 0.07247200000000001,
        "locus_id": "ZTF19acxzafe"
    },
    "5": {
        "mjd": 58836.145578699994,
        "passband": 1,
        "mag": 18.2648,
        "mag_err": 0.0580295,
        "locus_id": "ZTF19acxzafe"
    },
    "6": {
        "mjd": 58837.139756900004,
        "passband": 1,
        "mag": 18.2783,
        "mag_err": 0.0691645,
        "locus_id": "ZTF19acxzafe"
    },
    "7": {
        "mjd": 58838.132071800006,
        "passband": 1,
        "mag": 17.9971,
        "mag_err": 0.217779,
        "locus_id": "ZTF19acxzafe"
    },
    "8": {
        "mjd": 58846.1208218,
        "passband": 2,
        "mag": 18.676,
        "mag_err": 0.0757097,
        "locus_id": "ZTF19acxzafe"
    }
}