{
    "0": {
        "mjd": 58385.4129398,
        "passband": 1,
        "mag": 19.9163,
        "mag_err": 0.20817600000000003,
        "locus_id": "ZTF18abyxwrf"
    },
    "1": {
        "mjd": 58388.3499421,
        "passband": 1,
        "mag": 18.7067,
        "mag_err": 0.0981513,
        "locus_id": "ZTF18abyxwrf"
    },
    "2": {
        "mjd": 58388.4052546,
        "passband": 1,
        "mag": 18.7025,
        "mag_err": 0.08017830000000001,
        "locus_id": "ZTF18abyxwrf"
    },
    "3": {
        "mjd": 58389.3741551,
        "passband": 1,
        "mag": 18.2765,
        "mag_err": 0.0613092,
        "locus_id": "ZTF18abyxwrf"
    },
    "4": {
        "mjd": 58390.3659722,
        "passband": 1,
        "mag": 17.8904,
        "mag_err": 0.06282599999999999,
        "locus_id": "ZTF18abyxwrf"
    },
    "5": {
        "mjd": 58397.383483800004,
        "passband": 1,
        "mag": 16.7469,
        "mag_err": 0.051365499999999994,
        "locus_id": "ZTF18abyxwrf"
    },
    "6": {
        "mjd": 58423.43329859999,
        "passband": 1,
        "mag": 17.9654,
        "mag_err": 0.050950199999999994,
        "locus_id": "ZTF18abyxwrf"
    },
    "7": {
        "mjd": 58425.3853125,
        "passband": 1,
        "mag": 18.0548,
        "mag_err": 0.068819,
        "locus_id": "ZTF18abyxwrf"
    },
    "8": {
        "mjd": 58428.30620369999,
        "passband": 1,
        "mag": 18.2511,
        "mag_err": 0.07624739999999999,
        "locus_id": "ZTF18abyxwrf"
    },
    "9": {
        "mjd": 58431.40295140001,
        "passband": 1,
        "mag": 18.4904,
        "mag_err": 0.121626,
        "locus_id": "ZTF18abyxwrf"
    },
    "10": {
        "mjd": 58434.278321800004,
        "passband": 1,
        "mag": 18.8018,
        "mag_err": 0.09378510000000001,
        "locus_id": "ZTF18abyxwrf"
    },
    "11": {
        "mjd": 58437.40442130001,
        "passband": 1,
        "mag": 19.0291,
        "mag_err": 0.09783969999999999,
        "locus_id": "ZTF18abyxwrf"
    },
    "12": {
        "mjd": 58441.4448611,
        "passband": 1,
        "mag": 19.1259,
        "mag_err": 0.140978,
        "locus_id": "ZTF18abyxwrf"
    },
    "13": {
        "mjd": 58450.350601900005,
        "passband": 2,
        "mag": 19.0131,
        "mag_err": 0.120147,
        "locus_id": "ZTF18abyxwrf"
    },
    "14": {
        "mjd": 58455.26714119999,
        "passband": 2,
        "mag": 19.4078,
        "mag_err": 0.186359,
        "locus_id": "ZTF18abyxwrf"
    },
    "15": {
        "mjd": 58455.297754600004,
        "passband": 2,
        "mag": 19.3006,
        "mag_err": 0.17563499999999999,
        "locus_id": "ZTF18abyxwrf"
    },
    "16": {
        "mjd": 58456.206794000005,
        "passband": 2,
        "mag": 19.3928,
        "mag_err": 0.171232,
        "locus_id": "ZTF18abyxwrf"
    },
    "17": {
        "mjd": 58457.186226900005,
        "passband": 2,
        "mag": 19.5507,
        "mag_err": 0.202924,
        "locus_id": "ZTF18abyxwrf"
    },
    "18": {
        "mjd": 58461.270914400004,
        "passband": 2,
        "mag": 19.882,
        "mag_err": 0.17393,
        "locus_id": "ZTF18abyxwrf"
    },
    "19": {
        "mjd": 58483.1344444,
        "passband": 1,
        "mag": 19.9298,
        "mag_err": 0.14084100000000002,
        "locus_id": "ZTF18abyxwrf"
    },
    "20": {
        "mjd": 58487.1859722,
        "passband": 1,
        "mag": 19.9251,
        "mag_err": 0.164135,
        "locus_id": "ZTF18abyxwrf"
    },
    "21": {
        "mjd": 58493.19714119999,
        "passband": 1,
        "mag": 20.1345,
        "mag_err": 0.184718,
        "locus_id": "ZTF18abyxwrf"
    },
    "22": {
        "mjd": 58494.187488400006,
        "passband": 1,
        "mag": 20.1305,
        "mag_err": 0.20143699999999998,
        "locus_id": "ZTF18abyxwrf"
    },
    "23": {
        "mjd": 58510.2232523,
        "passband": 2,
        "mag": 19.3377,
        "mag_err": 0.24339,
        "locus_id": "ZTF18abyxwrf"
    },
    "24": {
        "mjd": 58514.12151619999,
        "passband": 2,
        "mag": 19.4747,
        "mag_err": 0.145128,
        "locus_id": "ZTF18abyxwrf"
    },
    "25": {
        "mjd": 58514.182199099996,
        "passband": 1,
        "mag": 20.1688,
        "mag_err": 0.34932399999999997,
        "locus_id": "ZTF18abyxwrf"
    },
    "26": {
        "mjd": 58538.11798609999,
        "passband": 2,
        "mag": 19.2658,
        "mag_err": 0.15341400000000002,
        "locus_id": "ZTF18abyxwrf"
    },
    "27": {
        "mjd": 58547.1616551,
        "passband": 2,
        "mag": 19.1643,
        "mag_err": 0.14962,
        "locus_id": "ZTF18abyxwrf"
    },
    "28": {
        "mjd": 58560.13351849999,
        "passband": 2,
        "mag": 19.159000000000002,
        "mag_err": 0.169093,
        "locus_id": "ZTF18abyxwrf"
    },
    "29": {
        "mjd": 58662.463553199996,
        "passband": 2,
        "mag": 19.0327,
        "mag_err": 0.101625,
        "locus_id": "ZTF18abyxwrf"
    },
    "30": {
        "mjd": 58670.4716898,
        "passband": 2,
        "mag": 19.1119,
        "mag_err": 0.0935036,
        "locus_id": "ZTF18abyxwrf"
    },
    "31": {
        "mjd": 58673.4579745,
        "passband": 2,
        "mag": 19.0247,
        "mag_err": 0.117844,
        "locus_id": "ZTF18abyxwrf"
    },
    "32": {
        "mjd": 58676.48417819999,
        "passband": 2,
        "mag": 19.0231,
        "mag_err": 0.127301,
        "locus_id": "ZTF18abyxwrf"
    },
    "33": {
        "mjd": 58679.4855903,
        "passband": 2,
        "mag": 19.0054,
        "mag_err": 0.0982896,
        "locus_id": "ZTF18abyxwrf"
    },
    "34": {
        "mjd": 58682.4319329,
        "passband": 2,
        "mag": 19.081,
        "mag_err": 0.11547,
        "locus_id": "ZTF18abyxwrf"
    },
    "35": {
        "mjd": 58685.4548495,
        "passband": 2,
        "mag": 18.8989,
        "mag_err": 0.113803,
        "locus_id": "ZTF18abyxwrf"
    },
    "36": {
        "mjd": 58688.4295949,
        "passband": 2,
        "mag": 18.991,
        "mag_err": 0.119414,
        "locus_id": "ZTF18abyxwrf"
    },
    "37": {
        "mjd": 58692.49373840001,
        "passband": 2,
        "mag": 19.0931,
        "mag_err": 0.111577,
        "locus_id": "ZTF18abyxwrf"
    },
    "38": {
        "mjd": 58695.4698264,
        "passband": 2,
        "mag": 19.0718,
        "mag_err": 0.107254,
        "locus_id": "ZTF18abyxwrf"
    },
    "39": {
        "mjd": 58698.4967824,
        "passband": 2,
        "mag": 18.9631,
        "mag_err": 0.09635969999999999,
        "locus_id": "ZTF18abyxwrf"
    },
    "40": {
        "mjd": 58701.4938773,
        "passband": 2,
        "mag": 19.0574,
        "mag_err": 0.123252,
        "locus_id": "ZTF18abyxwrf"
    },
    "41": {
        "mjd": 58704.4875694,
        "passband": 2,
        "mag": 19.0471,
        "mag_err": 0.09010939999999999,
        "locus_id": "ZTF18abyxwrf"
    },
    "42": {
        "mjd": 58707.485740699994,
        "passband": 2,
        "mag": 19.082,
        "mag_err": 0.10628699999999999,
        "locus_id": "ZTF18abyxwrf"
    },
    "43": {
        "mjd": 58710.4253241,
        "passband": 2,
        "mag": 19.0043,
        "mag_err": 0.11733800000000001,
        "locus_id": "ZTF18abyxwrf"
    },
    "44": {
        "mjd": 58716.46085650001,
        "passband": 2,
        "mag": 19.0447,
        "mag_err": 0.10971600000000001,
        "locus_id": "ZTF18abyxwrf"
    },
    "45": {
        "mjd": 58719.46596059999,
        "passband": 2,
        "mag": 19.0065,
        "mag_err": 0.10696900000000001,
        "locus_id": "ZTF18abyxwrf"
    },
    "46": {
        "mjd": 58722.4883333,
        "passband": 2,
        "mag": 19.0661,
        "mag_err": 0.0884158,
        "locus_id": "ZTF18abyxwrf"
    },
    "47": {
        "mjd": 58725.4901505,
        "passband": 2,
        "mag": 18.9737,
        "mag_err": 0.0955974,
        "locus_id": "ZTF18abyxwrf"
    },