{
    "0": {
        "mjd": 58276.1990394,
        "passband": 2,
        "mag": 18.7228,
        "mag_err": 0.0680747,
        "locus_id": "ZTF18aahshhp"
    },
    "1": {
        "mjd": 58900.359919,
        "passband": 1,
        "mag": 18.9716,
        "mag_err": 0.117799,
        "locus_id": "ZTF18aahshhp"
    },
    "2": {
        "mjd": 58904.483009300006,
        "passband": 2,
        "mag": 18.1341,
        "mag_err": 0.085216,
        "locus_id": "ZTF18aahshhp"
    },
    "3": {
        "mjd": 58905.30695599999,
        "passband": 1,
        "mag": 18.0558,
        "mag_err": 0.0686449,
        "locus_id": "ZTF18aahshhp"
    },
    "4": {
        "mjd": 58906.33473380001,
        "passband": 1,
        "mag": 17.8913,
        "mag_err": 0.053119000000000006,
        "locus_id": "ZTF18aahshhp"
    },
    "5": {
        "mjd": 58906.4741898,
        "passband": 2,
        "mag": 18.0736,
        "mag_err": 0.08694,
        "locus_id": "ZTF18aahshhp"
    },
    "6": {
        "mjd": 58908.3418403,
        "passband": 1,
        "mag": 17.8188,
        "mag_err": 0.049569,
        "locus_id": "ZTF18aahshhp"
    },
    "7": {
        "mjd": 58908.4741551,
        "passband": 2,
        "mag": 17.8886,
        "mag_err": 0.052460900000000005,
        "locus_id": "ZTF18aahshhp"
    },
    "8": {
        "mjd": 58911.399838,
        "passband": 1,
        "mag": 17.7587,
        "mag_err": 0.056827199999999994,
        "locus_id": "ZTF18aahshhp"
    },
    "9": {
        "mjd": 58911.462824099995,
        "passband": 2,
        "mag": 17.9513,
        "mag_err": 0.0572092,
        "locus_id": "ZTF18aahshhp"
    },
    "10": {
        "mjd": 58912.44714119999,
        "passband": 2,
        "mag": 17.8839,
        "mag_err": 0.0804158,
        "locus_id": "ZTF18aahshhp"
    },
    "11": {
        "mjd": 58912.507523099994,
        "passband": 1,
        "mag": 17.778,
        "mag_err": 0.060338499999999996,
        "locus_id": "ZTF18aahshhp"
    },
    "12": {
        "mjd": 58913.3165625,
        "passband": 1,
        "mag": 17.7317,
        "mag_err": 0.0600095,
        "locus_id": "ZTF18aahshhp"
    },
    "13": {
        "mjd": 58913.4745949,
        "passband": 2,
        "mag": 17.9406,
        "mag_err": 0.0920456,
        "locus_id": "ZTF18aahshhp"
    },
    "14": {
        "mjd": 58914.4549653,
        "passband": 1,
        "mag": 17.8005,
        "mag_err": 0.0557999,
        "locus_id": "ZTF18aahshhp"
    },
    "15": {
        "mjd": 58915.39375,
        "passband": 2,
        "mag": 17.8862,
        "mag_err": 0.0955042,
        "locus_id": "ZTF18aahshhp"
    },
    "16": {
        "mjd": 58915.448136599996,
        "passband": 1,
        "mag": 17.8375,
        "mag_err": 0.061873000000000004,
        "locus_id": "ZTF18aahshhp"
    }
}