{
    "0": {
        "mjd": 58556.4555556,
        "passband": 1,
        "mag": 19.0365,
        "mag_err": 0.109641,
        "locus_id": "ZTF19aamhhae"
    },
    "1": {
        "mjd": 58560.286203699994,
        "passband": 1,
        "mag": 17.9694,
        "mag_err": 0.06883500000000001,
        "locus_id": "ZTF19aamhhae"
    },
    "2": {
        "mjd": 58560.3691319,
        "passband": 2,
        "mag": 18.0542,
        "mag_err": 0.0621999,
        "locus_id": "ZTF19aamhhae"
    },
    "3": {
        "mjd": 58567.3901505,
        "passband": 2,
        "mag": 17.499000000000002,
        "mag_err": 0.0488716,
        "locus_id": "ZTF19aamhhae"
    },
    "4": {
        "mjd": 58567.4104398,
        "passband": 1,
        "mag": 17.4045,
        "mag_err": 0.05366669999999999,
        "locus_id": "ZTF19aamhhae"
    },
    "5": {
        "mjd": 58572.347986099994,
        "passband": 1,
        "mag": 17.4189,
        "mag_err": 0.047836800000000006,
        "locus_id": "ZTF19aamhhae"
    },
    "6": {
        "mjd": 58572.3693403,
        "passband": 2,
        "mag": 17.438,
        "mag_err": 0.0578722,
        "locus_id": "ZTF19aamhhae"
    },
    "7": {
        "mjd": 58575.3409375,
        "passband": 1,
        "mag": 17.5311,
        "mag_err": 0.0341972,
        "locus_id": "ZTF19aamhhae"
    },
    "8": {
        "mjd": 58575.381770800006,
        "passband": 2,
        "mag": 17.5516,
        "mag_err": 0.0533983,
        "locus_id": "ZTF19aamhhae"
    },
    "9": {
        "mjd": 58580.3640625,
        "passband": 2,
        "mag": 17.8301,
        "mag_err": 0.0498223,
        "locus_id": "ZTF19aamhhae"
    },
    "10": {
        "mjd": 58580.4057523,
        "passband": 1,
        "mag": 17.8159,
        "mag_err": 0.0482121,
        "locus_id": "ZTF19aamhhae"
    },
    "11": {
        "mjd": 58583.30620369999,
        "passband": 2,
        "mag": 18.0659,
        "mag_err": 0.0630174,
        "locus_id": "ZTF19aamhhae"
    },
    "12": {
        "mjd": 58583.3627894,
        "passband": 1,
        "mag": 18.075,
        "mag_err": 0.0651347,
        "locus_id": "ZTF19aamhhae"
    },
    "13": {
        "mjd": 58586.3463194,
        "passband": 2,
        "mag": 18.1878,
        "mag_err": 0.0769279,
        "locus_id": "ZTF19aamhhae"
    },
    "14": {
        "mjd": 58586.40572919999,
        "passband": 1,
        "mag": 18.3607,
        "mag_err": 0.0684559,
        "locus_id": "ZTF19aamhhae"
    },
    "15": {
        "mjd": 58589.304363400006,
        "passband": 2,
        "mag": 18.2012,
        "mag_err": 0.10889800000000001,
        "locus_id": "ZTF19aamhhae"
    },
    "16": {
        "mjd": 58589.409768499994,
        "passband": 1,
        "mag": 18.6769,
        "mag_err": 0.123274,
        "locus_id": "ZTF19aamhhae"
    },
    "17": {
        "mjd": 58592.45033559999,
        "passband": 1,
        "mag": 18.9422,
        "mag_err": 0.208628,
        "locus_id": "ZTF19aamhhae"
    },
    "18": {
        "mjd": 58596.24592590001,
        "passband": 1,
        "mag": 19.2231,
        "mag_err": 0.08952489999999999,
        "locus_id": "ZTF19aamhhae"
    },
    "19": {
        "mjd": 58596.28824069999,
        "passband": 2,
        "mag": 18.3387,
        "mag_err": 0.07158099999999999,
        "locus_id": "ZTF19aamhhae"
    },
    "20": {
        "mjd": 58602.295173599996,
        "passband": 2,
        "mag": 18.5339,
        "mag_err": 0.0721498,
        "locus_id": "ZTF19aamhhae"
    },
    "21": {
        "mjd": 58606.29770830001,
        "passband": 2,
        "mag": 18.7383,
        "mag_err": 0.0886573,
        "locus_id": "ZTF19aamhhae"
    },
    "22": {
        "mjd": 58606.425856500005,
        "passband": 1,
        "mag": 19.8871,
        "mag_err": 0.140824,
        "locus_id": "ZTF19aamhhae"
    },
    "23": {
        "mjd": 58612.239988400004,
        "passband": 2,
        "mag": 19.2083,
        "mag_err": 0.079687,
        "locus_id": "ZTF19aamhhae"
    },
    "24": {
        "mjd": 58612.28363430001,
        "passband": 1,
        "mag": 20.1882,
        "mag_err": 0.146808,
        "locus_id": "ZTF19aamhhae"
    },
    "25": {
        "mjd": 58616.18535880001,
        "passband": 2,
        "mag": 19.1999,
        "mag_err": 0.10968599999999999,
        "locus_id": "ZTF19aamhhae"
    },
    "26": {
        "mjd": 58616.2584954,
        "passband": 1,
        "mag": 20.0198,
        "mag_err": 0.22331700000000002,
        "locus_id": "ZTF19aamhhae"
    },
    "27": {
        "mjd": 58619.325821800005,
        "passband": 2,
        "mag": 19.3081,
        "mag_err": 0.188721,
        "locus_id": "ZTF19aamhhae"
    },
    "28": {
        "mjd": 58628.2223495,
        "passband": 1,
        "mag": 20.357,
        "mag_err": 0.197346,
        "locus_id": "ZTF19aamhhae"
    },
    "29": {
        "mjd": 58628.29627309999,
        "passband": 2,
        "mag": 19.7828,
        "mag_err": 0.146705,
        "locus_id": "ZTF19aamhhae"
    },
    "30": {
        "mjd": 58632.266666699994,
        "passband": 2,
        "mag": 19.7918,
        "mag_err": 0.14022300000000001,
        "locus_id": "ZTF19aamhhae"
    },
    "31": {
        "mjd": 58635.22901619999,
        "passband": 1,
        "mag": 20.5524,
        "mag_err": 0.180583,
        "locus_id": "ZTF19aamhhae"
    },
    "32": {
        "mjd": 58635.2589005,
        "passband": 2,
        "mag": 20.0055,
        "mag_err": 0.141506,
        "locus_id": "ZTF19aamhhae"
    },
    "33": {
        "mjd": 58638.196585599995,
        "passband": 1,
        "mag": 20.6749,
        "mag_err": 0.201906,
        "locus_id": "ZTF19aamhhae"
    },
    "34": {
        "mjd": 58638.2383333,
        "passband": 2,
        "mag": 20.0291,
        "mag_err": 0.14565899999999998,
        "locus_id": "ZTF19aamhhae"
    },
    "35": {
        "mjd": 58641.207963,
        "passband": 1,
        "mag": 20.5871,
        "mag_err": 0.218581,
        "locus_id": "ZTF19aamhhae"
    },
    "36": {
        "mjd": 58641.28761569999,
        "passband": 2,
        "mag": 20.1053,
        "mag_err": 0.142015,
        "locus_id": "ZTF19aamhhae"
    }
}