{
    "0": {
        "mjd": 58765.506446800006,
        "passband": 1,
        "mag": 20.0801,
        "mag_err": 0.187676,
        "locus_id": "ZTF19acbwccr"
    },
    "1": {
        "mjd": 58770.492338,
        "passband": 2,
        "mag": 18.9718,
        "mag_err": 0.1742,
        "locus_id": "ZTF19acbwccr"
    },
    "2": {
        "mjd": 58776.5134375,
        "passband": 2,
        "mag": 18.9589,
        "mag_err": 0.141125,
        "locus_id": "ZTF19acbwccr"
    },
    "3": {
        "mjd": 58785.512986099995,
        "passband": 2,
        "mag": 18.9906,
        "mag_err": 0.115326,
        "locus_id": "ZTF19acbwccr"
    },
    "4": {
        "mjd": 58789.5295602,
        "passband": 2,
        "mag": 19.1229,
        "mag_err": 0.157919,
        "locus_id": "ZTF19acbwccr"
    },
    "5": {
        "mjd": 58792.510231500004,
        "passband": 2,
        "mag": 19.0259,
        "mag_err": 0.109865,
        "locus_id": "ZTF19acbwccr"
    },
    "6": {
        "mjd": 58792.5350694,
        "passband": 1,
        "mag": 20.5957,
        "mag_err": 0.208137,
        "locus_id": "ZTF19acbwccr"
    },
    "7": {
        "mjd": 58798.5414005,
        "passband": 2,
        "mag": 18.9774,
        "mag_err": 0.12055199999999999,
        "locus_id": "ZTF19acbwccr"
    }
}