{
    "0": {
        "mjd": 58443.431713,
        "passband": 2,
        "mag": 18.7954,
        "mag_err": 0.104893,
        "locus_id": "ZTF18acqqyah"
    },
    "1": {
        "mjd": 58443.51873840001,
        "passband": 1,
        "mag": 18.8385,
        "mag_err": 0.0988908,
        "locus_id": "ZTF18acqqyah"
    },
    "2": {
        "mjd": 58447.432615699996,
        "passband": 2,
        "mag": 16.8604,
        "mag_err": 0.0406574,
        "locus_id": "ZTF18acqqyah"
    },
    "3": {
        "mjd": 58447.5276852,
        "passband": 2,
        "mag": 16.7996,
        "mag_err": 0.039182999999999996,
        "locus_id": "ZTF18acqqyah"
    },
    "4": {
        "mjd": 58450.4684028,
        "passband": 1,
        "mag": 15.9661,
        "mag_err": 0.030059500000000003,
        "locus_id": "ZTF18acqqyah"
    },
    "5": {
        "mjd": 58450.52979169999,
        "passband": 2,
        "mag": 16.0374,
        "mag_err": 0.0284567,
        "locus_id": "ZTF18acqqyah"
    },
    "6": {
        "mjd": 58461.46795140001,
        "passband": 1,
        "mag": 15.3696,
        "mag_err": 0.0393336,
        "locus_id": "ZTF18acqqyah"
    },
    "7": {
        "mjd": 58464.490196800005,
        "passband": 1,
        "mag": 15.4585,
        "mag_err": 0.0297555,
        "locus_id": "ZTF18acqqyah"
    },
    "8": {
        "mjd": 58472.44682869999,
        "passband": 2,
        "mag": 16.1746,
        "mag_err": 0.037700300000000006,
        "locus_id": "ZTF18acqqyah"
    },
    "9": {
        "mjd": 58472.514213,
        "passband": 1,
        "mag": 16.0286,
        "mag_err": 0.0248576,
        "locus_id": "ZTF18acqqyah"
    },
    "10": {
        "mjd": 58480.446192100004,
        "passband": 2,
        "mag": 16.3475,
        "mag_err": 0.0345268,
        "locus_id": "ZTF18acqqyah"
    },
    "11": {
        "mjd": 58480.4938194,
        "passband": 1,
        "mag": 16.8196,
        "mag_err": 0.0463774,
        "locus_id": "ZTF18acqqyah"
    },
    "12": {
        "mjd": 58486.493865699995,
        "passband": 2,
        "mag": 16.5218,
        "mag_err": 0.025482599999999998,
        "locus_id": "ZTF18acqqyah"
    },
    "13": {
        "mjd": 58486.54648150001,
        "passband": 1,
        "mag": 17.4292,
        "mag_err": 0.03792380000000001,
        "locus_id": "ZTF18acqqyah"
    },
    "14": {
        "mjd": 58491.4686574,
        "passband": 1,
        "mag": 17.7519,
        "mag_err": 0.045569599999999995,
        "locus_id": "ZTF18acqqyah"
    },
    "15": {
        "mjd": 58494.48748840001,
        "passband": 1,
        "mag": 17.9086,
        "mag_err": 0.0440569,
        "locus_id": "ZTF18acqqyah"
    },
    "16": {
        "mjd": 58502.512048599994,
        "passband": 2,
        "mag": 17.4201,
        "mag_err": 0.0495826,
        "locus_id": "ZTF18acqqyah"
    },
    "17": {
        "mjd": 58505.47607640001,
        "passband": 1,
        "mag": 18.1978,
        "mag_err": 0.0862772,
        "locus_id": "ZTF18acqqyah"
    },
    "18": {
        "mjd": 58505.5334028,
        "passband": 2,
        "mag": 17.6121,
        "mag_err": 0.0669284,
        "locus_id": "ZTF18acqqyah"
    },
    "19": {
        "mjd": 58508.484930599996,
        "passband": 2,
        "mag": 17.6316,
        "mag_err": 0.06019069999999999,
        "locus_id": "ZTF18acqqyah"
    },
    "20": {
        "mjd": 58508.53405090001,
        "passband": 1,
        "mag": 18.2865,
        "mag_err": 0.0861869,
        "locus_id": "ZTF18acqqyah"
    },
    "21": {
        "mjd": 58511.429537,
        "passband": 1,
        "mag": 18.3244,
        "mag_err": 0.0607831,
        "locus_id": "ZTF18acqqyah"
    },
    "22": {
        "mjd": 58514.4148727,
        "passband": 2,
        "mag": 17.8309,
        "mag_err": 0.184698,
        "locus_id": "ZTF18acqqyah"
    },
    "23": {
        "mjd": 58524.4284028,
        "passband": 1,
        "mag": 18.582,
        "mag_err": 0.08029510000000001,
        "locus_id": "ZTF18acqqyah"
    },
    "24": {
        "mjd": 58524.44738430001,
        "passband": 2,
        "mag": 18.2038,
        "mag_err": 0.0603143,
        "locus_id": "ZTF18acqqyah"
    },
    "25": {
        "mjd": 58534.2788079,
        "passband": 1,
        "mag": 18.5232,
        "mag_err": 0.178508,
        "locus_id": "ZTF18acqqyah"
    },
    "26": {
        "mjd": 58534.36379630001,
        "passband": 2,
        "mag": 18.5216,
        "mag_err": 0.10268,
        "locus_id": "ZTF18acqqyah"
    },
    "27": {
        "mjd": 58538.2199421,
        "passband": 2,
        "mag": 18.0187,
        "mag_err": 0.306052,
        "locus_id": "ZTF18acqqyah"
    },
    "28": {
        "mjd": 58538.2871528,
        "passband": 1,
        "mag": 18.7404,
        "mag_err": 0.147798,
        "locus_id": "ZTF18acqqyah"
    },
    "29": {
        "mjd": 58541.265601900006,
        "passband": 1,
        "mag": 18.9896,
        "mag_err": 0.165786,
        "locus_id": "ZTF18acqqyah"
    },
    "30": {
        "mjd": 58546.2457176,
        "passband": 1,
        "mag": 18.7578,
        "mag_err": 0.0978549,
        "locus_id": "ZTF18acqqyah"
    },
    "31": {
        "mjd": 58556.2214699,
        "passband": 2,
        "mag": 19.2633,
        "mag_err": 0.103904,
        "locus_id": "ZTF18acqqyah"
    },
    "32": {
        "mjd": 58562.34476849999,
        "passband": 2,
        "mag": 19.4144,
        "mag_err": 0.25408000000000003,
        "locus_id": "ZTF18acqqyah"
    },
    "33": {
        "mjd": 58567.24310190001,
        "passband": 2,
        "mag": 19.5188,
        "mag_err": 0.116085,
        "locus_id": "ZTF18acqqyah"
    },
    "34": {
        "mjd": 58572.279976900005,
        "passband": 2,
        "mag": 19.6928,
        "mag_err": 0.171948,
        "locus_id": "ZTF18acqqyah"
    },
    "35": {
        "mjd": 58575.279050900004,
        "passband": 1,
        "mag": 19.3273,
        "mag_err": 0.08741489999999999,
        "locus_id": "ZTF18acqqyah"
    },
    "36": {
        "mjd": 58580.2194676,
        "passband": 2,
        "mag": 19.9432,
        "mag_err": 0.17588199999999998,
        "locus_id": "ZTF18acqqyah"
    },
    "37": {
        "mjd": 58580.23623840001,
        "passband": 1,
        "mag": 19.3567,
        "mag_err": 0.0930309,
        "locus_id": "ZTF18acqqyah"
    },
    "38": {
        "mjd": 58584.271134300005,
        "passband": 1,
        "mag": 19.4213,
        "mag_err": 0.104598,
        "locus_id": "ZTF18acqqyah"
    },
    "39": {
        "mjd": 58584.3012269,
        "passband": 2,
        "mag": 20.099,
        "mag_err": 0.188624,
        "locus_id": "ZTF18acqqyah"
    },
    "40": {
        "mjd": 58587.247361099995,
        "passband": 1,
        "mag": 19.533,
        "mag_err": 0.199391,
        "locus_id": "ZTF18acqqyah"
    },
    "41": {
        "mjd": 58587.28033559999,
        "passband": 2,
        "mag": 19.6437,
        "mag_err": 0.221579,
        "locus_id": "ZTF18acqqyah"
    },
    "42": {
        "mjd": 58594.215787,
        "passband": 1,
        "mag": 19.4295,
        "mag_err": 0.184157,
        "locus_id": "ZTF18acqqyah"
    },
    "43": {
        "mjd": 58597.2781019,
        "passband": 1,
        "mag": 19.5171,
        "mag_err": 0.123579,
        "locus_id": "ZTF18acqqyah"
    },
    "44": {
        "mjd": 58600.1984491,
        "passband": 1,
        "mag": 19.6699,
        "mag_err": 0.11173699999999999,
        "locus_id": "ZTF18acqqyah"
    },
    "45": {
        "mjd": 58606.4083102,
        "passband": 1,
        "mag": 19.7158,
        "mag_err": 0.129154,
        "locus_id": "ZTF18acqqyah"
    },
    "46": {
        "mjd": 58609.216550900004,
        "passband": 1,
        "mag": 19.62,
        "mag_err": 0.111581,
        "locus_id": "ZTF18acqqyah"
    },
    "47": {
        "mjd": 58612.1838773,
        "passband": 1,
        "mag": 19.8316,
        "mag_err": 0.116649,
        "locus_id": "ZTF18acqqyah"
    },
    "48": {
        "mjd": 58612.205983800006,