{
    "0": {
        "mjd": 58353.1460648,
        "passband": 2,
        "mag": 19.1788,
        "mag_err": 0.111766,
        "locus_id": "ZTF18aboztku"
    },
    "1": {
        "mjd": 58353.2312153,
        "passband": 2,
        "mag": 19.4273,
        "mag_err": 0.15825999999999998,
        "locus_id": "ZTF18aboztku"
    },
    "2": {
        "mjd": 58357.23179400001,
        "passband": 2,
        "mag": 19.0561,
        "mag_err": 0.140039,
        "locus_id": "ZTF18aboztku"
    },
    "3": {
        "mjd": 58360.2486806,
        "passband": 2,
        "mag": 18.836,
        "mag_err": 0.13031099999999998,
        "locus_id": "ZTF18aboztku"
    },
    "4": {
        "mjd": 58363.2280556,
        "passband": 2,
        "mag": 18.6768,
        "mag_err": 0.09743660000000001,
        "locus_id": "ZTF18aboztku"
    },
    "5": {
        "mjd": 58369.1270949,
        "passband": 2,
        "mag": 18.8642,
        "mag_err": 0.152042,
        "locus_id": "ZTF18aboztku"
    },
    "6": {
        "mjd": 58369.22829859999,
        "passband": 1,
        "mag": 19.4234,
        "mag_err": 0.170415,
        "locus_id": "ZTF18aboztku"
    },
    "7": {
        "mjd": 58373.12579859999,
        "passband": 2,
        "mag": 19.078,
        "mag_err": 0.117073,
        "locus_id": "ZTF18aboztku"
    },
    "8": {
        "mjd": 58575.482060199996,
        "passband": 1,
        "mag": 20.0984,
        "mag_err": 0.198723,
        "locus_id": "ZTF18aboztku"
    },
    "9": {
        "mjd": 58583.4180324,
        "passband": 1,
        "mag": 20.5515,
        "mag_err": 0.27820700000000004,
        "locus_id": "ZTF18aboztku"
    },
    "10": {
        "mjd": 58586.417233800006,
        "passband": 1,
        "mag": 20.5312,
        "mag_err": 0.222512,
        "locus_id": "ZTF18aboztku"
    },
    "11": {
        "mjd": 58600.3909838,
        "passband": 1,
        "mag": 20.4115,
        "mag_err": 0.189161,
        "locus_id": "ZTF18aboztku"
    },
    "12": {
        "mjd": 58632.3393981,
        "passband": 1,
        "mag": 20.3212,
        "mag_err": 0.268072,
        "locus_id": "ZTF18aboztku"
    },
    "13": {
        "mjd": 58635.2151042,
        "passband": 1,
        "mag": 20.4166,
        "mag_err": 0.248058,
        "locus_id": "ZTF18aboztku"
    },
    "14": {
        "mjd": 58638.315358800006,
        "passband": 1,
        "mag": 20.4371,
        "mag_err": 0.266596,
        "locus_id": "ZTF18aboztku"
    },
    "15": {
        "mjd": 58647.21361109999,
        "passband": 1,
        "mag": 20.075,
        "mag_err": 0.325658,
        "locus_id": "ZTF18aboztku"
    },
    "16": {
        "mjd": 58657.212824099995,
        "passband": 1,
        "mag": 20.2448,
        "mag_err": 0.21054299999999998,
        "locus_id": "ZTF18aboztku"
    },
    "17": {
        "mjd": 58660.20751159999,
        "passband": 1,
        "mag": 20.4524,
        "mag_err": 0.21397600000000003,
        "locus_id": "ZTF18aboztku"
    },
    "18": {
        "mjd": 58852.52622690001,
        "passband": 1,
        "mag": 19.7915,
        "mag_err": 0.201598,
        "locus_id": "ZTF18aboztku"
    },
    "19": {
        "mjd": 58876.540324099995,
        "passband": 1,
        "mag": 19.9011,
        "mag_err": 0.19631099999999999,
        "locus_id": "ZTF18aboztku"
    },
    "20": {
        "mjd": 58904.5479514,
        "passband": 1,
        "mag": 20.0694,
        "mag_err": 0.267034,
        "locus_id": "ZTF18aboztku"
    },
    "21": {
        "mjd": 58911.542037,
        "passband": 1,
        "mag": 20.0116,
        "mag_err": 0.206141,
        "locus_id": "ZTF18aboztku"
    },
    "22": {
        "mjd": 58943.43864580001,
        "passband": 1,
        "mag": 20.3268,
        "mag_err": 0.313806,
        "locus_id": "ZTF18aboztku"
    },
    "23": {
        "mjd": 58967.4207986,
        "passband": 1,
        "mag": 19.8105,
        "mag_err": 0.148813,
        "locus_id": "ZTF18aboztku"
    }
}