{
    "0": {
        "mjd": 58475.4971875,
        "passband": 2,
        "mag": 18.525,
        "mag_err": 0.0987698,
        "locus_id": "ZTF18adacicy"
    },
    "1": {
        "mjd": 58480.55241900001,
        "passband": 2,
        "mag": 18.6296,
        "mag_err": 0.110161,
        "locus_id": "ZTF18adacicy"
    },
    "2": {
        "mjd": 58487.49464119999,
        "passband": 1,
        "mag": 19.5682,
        "mag_err": 0.135657,
        "locus_id": "ZTF18adacicy"
    },
    "3": {
        "mjd": 58487.55479169999,
        "passband": 2,
        "mag": 18.6385,
        "mag_err": 0.0646599,
        "locus_id": "ZTF18adacicy"
    },
    "4": {
        "mjd": 58494.5327199,
        "passband": 1,
        "mag": 19.7064,
        "mag_err": 0.126387,
        "locus_id": "ZTF18adacicy"
    },
    "5": {
        "mjd": 58508.491539400005,
        "passband": 2,
        "mag": 18.8362,
        "mag_err": 0.115469,
        "locus_id": "ZTF18adacicy"
    },
    "6": {
        "mjd": 58511.5515625,
        "passband": 2,
        "mag": 18.9136,
        "mag_err": 0.123154,
        "locus_id": "ZTF18adacicy"
    },
    "7": {
        "mjd": 58547.53883099999,
        "passband": 2,
        "mag": 20.1244,
        "mag_err": 0.174406,
        "locus_id": "ZTF18adacicy"
    }
}