{
    "0": {
        "mjd": 58431.2420602,
        "passband": 1,
        "mag": 19.6675,
        "mag_err": 0.16122,
        "locus_id": "ZTF18acfwmqj"
    },
    "1": {
        "mjd": 58434.199537,
        "passband": 2,
        "mag": 18.8308,
        "mag_err": 0.0878563,
        "locus_id": "ZTF18acfwmqj"
    },
    "2": {
        "mjd": 58434.2642824,
        "passband": 1,
        "mag": 18.8735,
        "mag_err": 0.09332339999999999,
        "locus_id": "ZTF18acfwmqj"
    },
    "3": {
        "mjd": 58434.264745399996,
        "passband": 1,
        "mag": 18.7673,
        "mag_err": 0.10678599999999999,
        "locus_id": "ZTF18acfwmqj"
    },
    "4": {
        "mjd": 58434.295,
        "passband": 2,
        "mag": 18.7307,
        "mag_err": 0.138541,
        "locus_id": "ZTF18acfwmqj"
    },
    "5": {
        "mjd": 58437.24383099999,
        "passband": 1,
        "mag": 18.4202,
        "mag_err": 0.0723364,
        "locus_id": "ZTF18acfwmqj"
    },
    "6": {
        "mjd": 58437.3009606,
        "passband": 2,
        "mag": 18.3773,
        "mag_err": 0.079249,
        "locus_id": "ZTF18acfwmqj"
    },
    "7": {
        "mjd": 58437.301423599994,
        "passband": 2,
        "mag": 18.4286,
        "mag_err": 0.0646617,
        "locus_id": "ZTF18acfwmqj"
    },
    "8": {
        "mjd": 58437.4039699,
        "passband": 1,
        "mag": 18.319000000000003,
        "mag_err": 0.054774699999999996,
        "locus_id": "ZTF18acfwmqj"
    },
    "9": {
        "mjd": 58441.26685190001,
        "passband": 1,
        "mag": 18.1897,
        "mag_err": 0.068597,
        "locus_id": "ZTF18acfwmqj"
    },
    "10": {
        "mjd": 58441.293518499995,
        "passband": 2,
        "mag": 18.2811,
        "mag_err": 0.10322,
        "locus_id": "ZTF18acfwmqj"
    },
    "11": {
        "mjd": 58441.293981500006,
        "passband": 2,
        "mag": 18.2388,
        "mag_err": 0.10391600000000001,
        "locus_id": "ZTF18acfwmqj"
    },
    "12": {
        "mjd": 58447.349143499996,
        "passband": 2,
        "mag": 18.2384,
        "mag_err": 0.09029010000000001,
        "locus_id": "ZTF18acfwmqj"
    },
    "13": {
        "mjd": 58447.34960650001,
        "passband": 2,
        "mag": 18.1453,
        "mag_err": 0.077662,
        "locus_id": "ZTF18acfwmqj"
    },
    "14": {
        "mjd": 58450.2569097,
        "passband": 1,
        "mag": 18.65,
        "mag_err": 0.130403,
        "locus_id": "ZTF18acfwmqj"
    },
    "15": {
        "mjd": 58455.3014352,
        "passband": 2,
        "mag": 18.6565,
        "mag_err": 0.0884654,
        "locus_id": "ZTF18acfwmqj"
    },
    "16": {
        "mjd": 58455.30189809999,
        "passband": 2,
        "mag": 18.6758,
        "mag_err": 0.10473099999999999,
        "locus_id": "ZTF18acfwmqj"
    },
    "17": {
        "mjd": 58461.2653819,
        "passband": 2,
        "mag": 18.8004,
        "mag_err": 0.07747230000000001,
        "locus_id": "ZTF18acfwmqj"
    },
    "18": {
        "mjd": 58461.26675930001,
        "passband": 2,
        "mag": 18.8641,
        "mag_err": 0.0822897,
        "locus_id": "ZTF18acfwmqj"
    },
    "19": {
        "mjd": 58464.257800900006,
        "passband": 2,
        "mag": 19.0539,
        "mag_err": 0.0978252,
        "locus_id": "ZTF18acfwmqj"
    },
    "20": {
        "mjd": 58464.2804398,
        "passband": 2,
        "mag": 18.9752,
        "mag_err": 0.09348560000000002,
        "locus_id": "ZTF18acfwmqj"
    },
    "21": {
        "mjd": 58486.117175900006,
        "passband": 2,
        "mag": 19.907,
        "mag_err": 0.136764,
        "locus_id": "ZTF18acfwmqj"
    },
    "22": {
        "mjd": 58490.1551736,
        "passband": 2,
        "mag": 19.9883,
        "mag_err": 0.196758,
        "locus_id": "ZTF18acfwmqj"
    }
}