{
    "0": {
        "mjd": 58567.245416699996,
        "passband": 2,
        "mag": 19.0597,
        "mag_err": 0.11633399999999999,
        "locus_id": "ZTF18aahtjsc"
    },
    "1": {
        "mjd": 58567.269201400006,
        "passband": 1,
        "mag": 19.0295,
        "mag_err": 0.120584,
        "locus_id": "ZTF18aahtjsc"
    },
    "2": {
        "mjd": 58572.2706597,
        "passband": 1,
        "mag": 18.5197,
        "mag_err": 0.0992966,
        "locus_id": "ZTF18aahtjsc"
    },
    "3": {
        "mjd": 58572.278588,
        "passband": 2,
        "mag": 18.3723,
        "mag_err": 0.103476,
        "locus_id": "ZTF18aahtjsc"
    },
    "4": {
        "mjd": 58574.2121528,
        "passband": 2,
        "mag": 18.4,
        "mag_err": 0.11696600000000001,
        "locus_id": "ZTF18aahtjsc"
    },
    "5": {
        "mjd": 58575.243171300004,
        "passband": 2,
        "mag": 18.0957,
        "mag_err": 0.10733399999999998,
        "locus_id": "ZTF18aahtjsc"
    },
    "6": {
        "mjd": 58575.27814809999,
        "passband": 1,
        "mag": 18.4635,
        "mag_err": 0.0531785,
        "locus_id": "ZTF18aahtjsc"
    },
    "7": {
        "mjd": 58580.2203819,
        "passband": 2,
        "mag": 18.1873,
        "mag_err": 0.0658957,
        "locus_id": "ZTF18aahtjsc"
    },
    "8": {
        "mjd": 58580.23714119999,
        "passband": 1,
        "mag": 18.5808,
        "mag_err": 0.07748830000000001,
        "locus_id": "ZTF18aahtjsc"
    },
    "9": {
        "mjd": 58580.247083300004,
        "passband": 1,
        "mag": 18.5554,
        "mag_err": 0.08182110000000001,
        "locus_id": "ZTF18aahtjsc"
    },
    "10": {
        "mjd": 58580.248958300006,
        "passband": 1,
        "mag": 18.5815,
        "mag_err": 0.0771104,
        "locus_id": "ZTF18aahtjsc"
    },
    "11": {
        "mjd": 58582.1437616,
        "passband": 1,
        "mag": 18.7134,
        "mag_err": 0.159133,
        "locus_id": "ZTF18aahtjsc"
    },
    "12": {
        "mjd": 58582.200231500006,
        "passband": 2,
        "mag": 18.3708,
        "mag_err": 0.0651429,
        "locus_id": "ZTF18aahtjsc"
    },
    "13": {
        "mjd": 58582.2006944,
        "passband": 2,
        "mag": 18.2172,
        "mag_err": 0.0755352,
        "locus_id": "ZTF18aahtjsc"
    },
    "14": {
        "mjd": 58584.3002431,
        "passband": 2,
        "mag": 18.4034,
        "mag_err": 0.0735166,
        "locus_id": "ZTF18aahtjsc"
    },
    "15": {
        "mjd": 58585.195324099994,
        "passband": 1,
        "mag": 18.8842,
        "mag_err": 0.101651,
        "locus_id": "ZTF18aahtjsc"
    },
    "16": {
        "mjd": 58585.19579859999,
        "passband": 1,
        "mag": 18.8488,
        "mag_err": 0.0971102,
        "locus_id": "ZTF18aahtjsc"
    },
    "17": {
        "mjd": 58587.2193171,
        "passband": 1,
        "mag": 18.857,
        "mag_err": 0.111175,
        "locus_id": "ZTF18aahtjsc"
    },
    "18": {
        "mjd": 58587.227291699994,
        "passband": 1,
        "mag": 19.1024,
        "mag_err": 0.145826,
        "locus_id": "ZTF18aahtjsc"
    },
    "19": {
        "mjd": 58587.2291551,
        "passband": 1,
        "mag": 19.038,
        "mag_err": 0.13617200000000002,
        "locus_id": "ZTF18aahtjsc"
    }
}