{
    "0": {
        "mjd": 58273.33214119999,
        "passband": 2,
        "mag": 17.7799,
        "mag_err": 0.022934700000000002,
        "locus_id": "ZTF18aauworo"
    },
    "1": {
        "mjd": 58276.2950579,
        "passband": 2,
        "mag": 17.8388,
        "mag_err": 0.0191251,
        "locus_id": "ZTF18aauworo"
    },
    "2": {
        "mjd": 58279.27548609999,
        "passband": 2,
        "mag": 17.9931,
        "mag_err": 0.0238814,
        "locus_id": "ZTF18aauworo"
    },
    "3": {
        "mjd": 58288.2530671,
        "passband": 2,
        "mag": 18.4501,
        "mag_err": 0.0698623,
        "locus_id": "ZTF18aauworo"
    },
    "4": {
        "mjd": 58291.2536227,
        "passband": 2,
        "mag": 18.5506,
        "mag_err": 0.0781956,
        "locus_id": "ZTF18aauworo"
    },
    "5": {
        "mjd": 58297.2904977,
        "passband": 2,
        "mag": 18.7698,
        "mag_err": 0.121591,
        "locus_id": "ZTF18aauworo"
    },
    "6": {
        "mjd": 58300.31670140001,
        "passband": 2,
        "mag": 18.8274,
        "mag_err": 0.09693969999999999,
        "locus_id": "ZTF18aauworo"
    },
    "7": {
        "mjd": 58311.18873840001,
        "passband": 2,
        "mag": 19.3774,
        "mag_err": 0.12791,
        "locus_id": "ZTF18aauworo"
    },
    "8": {
        "mjd": 58314.168946800004,
        "passband": 2,
        "mag": 19.6782,
        "mag_err": 0.191741,
        "locus_id": "ZTF18aauworo"
    },
    "9": {
        "mjd": 58373.2049074,
        "passband": 1,
        "mag": 19.4255,
        "mag_err": 0.16053299999999998,
        "locus_id": "ZTF18aauworo"
    },
    "10": {
        "mjd": 58381.1716551,
        "passband": 1,
        "mag": 19.372,
        "mag_err": 0.203112,
        "locus_id": "ZTF18aauworo"
    },
    "11": {
        "mjd": 58492.54708330001,
        "passband": 1,
        "mag": 19.3545,
        "mag_err": 0.114186,
        "locus_id": "ZTF18aauworo"
    },
    "12": {
        "mjd": 58502.48219909999,
        "passband": 1,
        "mag": 19.4732,
        "mag_err": 0.33108899999999997,
        "locus_id": "ZTF18aauworo"
    },
    "13": {
        "mjd": 58507.5378704,
        "passband": 1,
        "mag": 19.1154,
        "mag_err": 0.177375,
        "locus_id": "ZTF18aauworo"
    },
    "14": {
        "mjd": 58511.5030324,
        "passband": 1,
        "mag": 19.3905,
        "mag_err": 0.166258,
        "locus_id": "ZTF18aauworo"
    },
    "15": {
        "mjd": 58522.5170949,
        "passband": 1,
        "mag": 19.3228,
        "mag_err": 0.10750799999999999,
        "locus_id": "ZTF18aauworo"
    },
    "16": {
        "mjd": 58526.546585599994,
        "passband": 1,
        "mag": 19.3408,
        "mag_err": 0.191669,
        "locus_id": "ZTF18aauworo"
    },
    "17": {
        "mjd": 58543.50567130001,
        "passband": 1,
        "mag": 19.2372,
        "mag_err": 0.165718,
        "locus_id": "ZTF18aauworo"
    },
    "18": {
        "mjd": 58543.50567130001,
        "passband": 1,
        "mag": 19.2372,
        "mag_err": 0.165718,
        "locus_id": "ZTF18aauworo"
    },
    "19": {
        "mjd": 58547.4161227,
        "passband": 1,
        "mag": 19.3484,
        "mag_err": 0.11288499999999999,
        "locus_id": "ZTF18aauworo"
    },
    "20": {
        "mjd": 58547.4161227,
        "passband": 1,
        "mag": 19.3484,
        "mag_err": 0.11288499999999999,
        "locus_id": "ZTF18aauworo"
    },
    "21": {
        "mjd": 58556.4809259,
        "passband": 1,
        "mag": 19.2917,
        "mag_err": 0.0989688,
        "locus_id": "ZTF18aauworo"
    },
    "22": {
        "mjd": 58560.48295140001,
        "passband": 1,
        "mag": 19.3783,
        "mag_err": 0.13622599999999999,
        "locus_id": "ZTF18aauworo"
    },
    "23": {
        "mjd": 58568.39967590001,
        "passband": 1,
        "mag": 19.3396,
        "mag_err": 0.125922,
        "locus_id": "ZTF18aauworo"
    },
    "24": {
        "mjd": 58575.4839352,
        "passband": 1,
        "mag": 19.3262,
        "mag_err": 0.124188,
        "locus_id": "ZTF18aauworo"
    },
    "25": {
        "mjd": 58583.37642359999,
        "passband": 1,
        "mag": 19.336,
        "mag_err": 0.133643,
        "locus_id": "ZTF18aauworo"
    },
    "26": {
        "mjd": 58586.4167824,
        "passband": 1,
        "mag": 19.2872,
        "mag_err": 0.09768439999999999,
        "locus_id": "ZTF18aauworo"
    },
    "27": {
        "mjd": 58592.45403940001,
        "passband": 1,
        "mag": 19.2132,
        "mag_err": 0.203031,
        "locus_id": "ZTF18aauworo"
    },
    "28": {
        "mjd": 58596.4606597,
        "passband": 1,
        "mag": 19.307000000000002,
        "mag_err": 0.12529300000000002,
        "locus_id": "ZTF18aauworo"
    },
    "29": {
        "mjd": 58600.3905324,
        "passband": 1,
        "mag": 19.2842,
        "mag_err": 0.0839005,
        "locus_id": "ZTF18aauworo"
    },
    "30": {
        "mjd": 58608.2942824,
        "passband": 1,
        "mag": 19.3111,
        "mag_err": 0.121448,
        "locus_id": "ZTF18aauworo"
    },
    "31": {
        "mjd": 58616.2768866,
        "passband": 1,
        "mag": 19.34,
        "mag_err": 0.136569,
        "locus_id": "ZTF18aauworo"
    },
    "32": {
        "mjd": 58619.2751273,
        "passband": 1,
        "mag": 19.2546,
        "mag_err": 0.19408,
        "locus_id": "ZTF18aauworo"
    },
    "33": {
        "mjd": 58632.3407755,
        "passband": 1,
        "mag": 19.2603,
        "mag_err": 0.108537,
        "locus_id": "ZTF18aauworo"
    },
    "34": {
        "mjd": 58635.2146528,
        "passband": 1,
        "mag": 19.3302,
        "mag_err": 0.092776,
        "locus_id": "ZTF18aauworo"
    },
    "35": {
        "mjd": 58638.34982640001,
        "passband": 1,
        "mag": 19.3059,
        "mag_err": 0.10844300000000001,
        "locus_id": "ZTF18aauworo"
    },
    "36": {
        "mjd": 58641.230798599994,
        "passband": 1,
        "mag": 19.246,
        "mag_err": 0.14394500000000002,
        "locus_id": "ZTF18aauworo"
    },
    "37": {
        "mjd": 58644.21032409999,
        "passband": 1,
        "mag": 19.3567,
        "mag_err": 0.11158399999999999,
        "locus_id": "ZTF18aauworo"
    },
    "38": {
        "mjd": 58650.193101900004,
        "passband": 1,
        "mag": 19.3187,
        "mag_err": 0.184114,
        "locus_id": "ZTF18aauworo"
    },
    "39": {
        "mjd": 58657.2123727,
        "passband": 1,
        "mag": 19.2647,
        "mag_err": 0.0961294,
        "locus_id": "ZTF18aauworo"
    },
    "40": {
        "mjd": 58660.207963,
        "passband": 1,
        "mag": 19.3798,
        "mag_err": 0.09625560000000001,
        "locus_id": "ZTF18aauworo"
    },
    "41": {
        "mjd": 58663.21135419999,
        "passband": 1,
        "mag": 19.3087,
        "mag_err": 0.1011,
        "locus_id": "ZTF18aauworo"
    },
    "42": {
        "mjd": 58666.209537,
        "passband": 1,
        "mag": 19.2764,
        "mag_err": 0.105074,
        "locus_id": "ZTF18aauworo"
    },
    "43": {
        "mjd": 58672.1834954,
        "passband": 1,
        "mag": 19.3086,
        "mag_err": 0.10563499999999999,
        "locus_id": "ZTF18aauworo"
    },
    "44": {
        "mjd": 58675.298553199995,
        "passband": 1,
        "mag": 19.4288,
        "mag_err": 0.14168599999999998,
        "locus_id": "ZTF18aauworo"
    },
    "45": {
        "mjd": 58678.27251159999,
        "passband": 1,
        "mag": 19.232,
        "mag_err": 0.15362699999999999,
        "locus_id": "ZTF18aauworo"
    },
    "46": {
        "mjd": 58690.1928819,
        "passband": 1,
        "mag": 19.2777,
        "mag_err": 0.10279100000000001,
        "locus_id": "ZTF18aauworo"
    },
    "47": {
        "mjd": 58693.2351389,
        "passband": 1,
        "mag": 19.3034,
        "mag_err": 0.09430119999999999,
        "locus_id": "ZTF18aauworo"
    },