{
    "0": {
        "mjd": 58472.518148099996,
        "passband": 1,
        "mag": 19.0399,
        "mag_err": 0.12213099999999999,
        "locus_id": "ZTF18aczemzj"
    },
    "1": {
        "mjd": 58476.5380324,
        "passband": 2,
        "mag": 18.3961,
        "mag_err": 0.09742139999999999,
        "locus_id": "ZTF18aczemzj"
    },
    "2": {
        "mjd": 58476.53894680001,
        "passband": 2,
        "mag": 18.3324,
        "mag_err": 0.057447500000000006,
        "locus_id": "ZTF18aczemzj"
    },
    "3": {
        "mjd": 58480.5237037,
        "passband": 1,
        "mag": 18.1607,
        "mag_err": 0.0872082,
        "locus_id": "ZTF18aczemzj"
    },
    "4": {
        "mjd": 58480.5246181,
        "passband": 1,
        "mag": 18.2298,
        "mag_err": 0.0989099,
        "locus_id": "ZTF18aczemzj"
    },
    "5": {
        "mjd": 58481.5412153,
        "passband": 2,
        "mag": 18.1416,
        "mag_err": 0.0719127,
        "locus_id": "ZTF18aczemzj"
    },
    "6": {
        "mjd": 58487.5163079,
        "passband": 1,
        "mag": 18.432000000000002,
        "mag_err": 0.0816022,
        "locus_id": "ZTF18aczemzj"
    },
    "7": {
        "mjd": 58487.517222200004,
        "passband": 1,
        "mag": 18.389,
        "mag_err": 0.0729596,
        "locus_id": "ZTF18aczemzj"
    },
    "8": {
        "mjd": 58487.54736109999,
        "passband": 2,
        "mag": 18.1902,
        "mag_err": 0.0600692,
        "locus_id": "ZTF18aczemzj"
    },
    "9": {
        "mjd": 58487.5478125,
        "passband": 2,
        "mag": 18.2286,
        "mag_err": 0.0563942,
        "locus_id": "ZTF18aczemzj"
    },
    "10": {
        "mjd": 58491.517615699995,
        "passband": 1,
        "mag": 18.8141,
        "mag_err": 0.10781099999999999,
        "locus_id": "ZTF18aczemzj"
    },
    "11": {
        "mjd": 58491.5180671,
        "passband": 1,
        "mag": 18.7934,
        "mag_err": 0.0788766,
        "locus_id": "ZTF18aczemzj"
    },
    "12": {
        "mjd": 58494.5400694,
        "passband": 1,
        "mag": 19.0304,
        "mag_err": 0.101134,
        "locus_id": "ZTF18aczemzj"
    },
    "13": {
        "mjd": 58494.540983800005,
        "passband": 1,
        "mag": 19.143,
        "mag_err": 0.134858,
        "locus_id": "ZTF18aczemzj"
    },
    "14": {
        "mjd": 58505.547858800004,
        "passband": 2,
        "mag": 18.9789,
        "mag_err": 0.132448,
        "locus_id": "ZTF18aczemzj"
    },
    "15": {
        "mjd": 58522.544861099996,
        "passband": 2,
        "mag": 20.2015,
        "mag_err": 0.20896900000000002,
        "locus_id": "ZTF18aczemzj"
    }
}