{
    "0": {
        "mjd": 58745.48695599999,
        "passband": 2,
        "mag": 19.9568,
        "mag_err": 0.29242399999999996,
        "locus_id": "ZTF19acaiylt"
    },
    "1": {
        "mjd": 58745.5126273,
        "passband": 1,
        "mag": 19.9933,
        "mag_err": 0.30278,
        "locus_id": "ZTF19acaiylt"
    },
    "2": {
        "mjd": 58748.495451400006,
        "passband": 2,
        "mag": 19.1685,
        "mag_err": 0.13211900000000001,
        "locus_id": "ZTF19acaiylt"
    },
    "3": {
        "mjd": 58748.5137153,
        "passband": 1,
        "mag": 19.1331,
        "mag_err": 0.12039100000000001,
        "locus_id": "ZTF19acaiylt"
    },
    "4": {
        "mjd": 58751.4902431,
        "passband": 1,
        "mag": 18.7101,
        "mag_err": 0.11065599999999999,
        "locus_id": "ZTF19acaiylt"
    },
    "5": {
        "mjd": 58756.471296300006,
        "passband": 1,
        "mag": 18.4709,
        "mag_err": 0.0978415,
        "locus_id": "ZTF19acaiylt"
    },
    "6": {
        "mjd": 58756.515081,
        "passband": 2,
        "mag": 18.4463,
        "mag_err": 0.07531610000000001,
        "locus_id": "ZTF19acaiylt"
    },
    "7": {
        "mjd": 58759.470625,
        "passband": 1,
        "mag": 18.4514,
        "mag_err": 0.0764365,
        "locus_id": "ZTF19acaiylt"
    },
    "8": {
        "mjd": 58759.5089815,
        "passband": 2,
        "mag": 18.3969,
        "mag_err": 0.0573558,
        "locus_id": "ZTF19acaiylt"
    },
    "9": {
        "mjd": 58763.470983800005,
        "passband": 1,
        "mag": 18.5417,
        "mag_err": 0.0858197,
        "locus_id": "ZTF19acaiylt"
    },
    "10": {
        "mjd": 58766.46719909999,
        "passband": 1,
        "mag": 18.6739,
        "mag_err": 0.10438900000000001,
        "locus_id": "ZTF19acaiylt"
    },
    "11": {
        "mjd": 58769.465856500006,
        "passband": 2,
        "mag": 18.7361,
        "mag_err": 0.0910172,
        "locus_id": "ZTF19acaiylt"
    },
    "12": {
        "mjd": 58776.5037847,
        "passband": 2,
        "mag": 19.0853,
        "mag_err": 0.14715,
        "locus_id": "ZTF19acaiylt"
    },
    "13": {
        "mjd": 58779.505162,
        "passband": 1,
        "mag": 19.7423,
        "mag_err": 0.217813,
        "locus_id": "ZTF19acaiylt"
    },
    "14": {
        "mjd": 58785.4634028,
        "passband": 1,
        "mag": 20.1493,
        "mag_err": 0.24469499999999997,
        "locus_id": "ZTF19acaiylt"
    },
    "15": {
        "mjd": 58788.5385301,
        "passband": 2,
        "mag": 19.3413,
        "mag_err": 0.14074,
        "locus_id": "ZTF19acaiylt"
    },
    "16": {
        "mjd": 58791.4999537,
        "passband": 2,
        "mag": 19.4049,
        "mag_err": 0.127123,
        "locus_id": "ZTF19acaiylt"
    },
    "17": {
        "mjd": 58791.5063194,
        "passband": 2,
        "mag": 19.4879,
        "mag_err": 0.134679,
        "locus_id": "ZTF19acaiylt"
    },
    "18": {
        "mjd": 58794.540023099995,
        "passband": 2,
        "mag": 19.7313,
        "mag_err": 0.147628,
        "locus_id": "ZTF19acaiylt"
    }
}