{
    "0": {
        "mjd": 58494.47398150001,
        "passband": 1,
        "mag": 18.7909,
        "mag_err": 0.0738686,
        "locus_id": "ZTF19aacijie"
    },
    "1": {
        "mjd": 58502.444039400005,
        "passband": 1,
        "mag": 18.0736,
        "mag_err": 0.0664043,
        "locus_id": "ZTF19aacijie"
    },
    "2": {
        "mjd": 58502.5306713,
        "passband": 2,
        "mag": 18.3413,
        "mag_err": 0.100988,
        "locus_id": "ZTF19aacijie"
    },
    "3": {
        "mjd": 58505.4416898,
        "passband": 1,
        "mag": 18.3808,
        "mag_err": 0.14829900000000001,
        "locus_id": "ZTF19aacijie"
    },
    "4": {
        "mjd": 58505.5139699,
        "passband": 2,
        "mag": 18.2682,
        "mag_err": 0.142986,
        "locus_id": "ZTF19aacijie"
    },
    "5": {
        "mjd": 58508.196041699994,
        "passband": 1,
        "mag": 18.4275,
        "mag_err": 0.0696916,
        "locus_id": "ZTF19aacijie"
    },
    "6": {
        "mjd": 58508.2338079,
        "passband": 2,
        "mag": 18.4227,
        "mag_err": 0.0644604,
        "locus_id": "ZTF19aacijie"
    },
    "7": {
        "mjd": 58511.4272454,
        "passband": 1,
        "mag": 18.666,
        "mag_err": 0.0764947,
        "locus_id": "ZTF19aacijie"
    },
    "8": {
        "mjd": 58522.4024653,
        "passband": 1,
        "mag": 19.8474,
        "mag_err": 0.14689000000000002,
        "locus_id": "ZTF19aacijie"
    }
}