{
    "0": {
        "mjd": 58633.186516199996,
        "passband": 2,
        "mag": 19.4436,
        "mag_err": 0.144802,
        "locus_id": "ZTF19aavnuur"
    },
    "1": {
        "mjd": 58633.245787,
        "passband": 1,
        "mag": 19.5514,
        "mag_err": 0.164855,
        "locus_id": "ZTF19aavnuur"
    },
    "2": {
        "mjd": 58636.2459954,
        "passband": 1,
        "mag": 19.5257,
        "mag_err": 0.142835,
        "locus_id": "ZTF19aavnuur"
    },
    "3": {
        "mjd": 58639.177164400004,
        "passband": 2,
        "mag": 19.0446,
        "mag_err": 0.0917578,
        "locus_id": "ZTF19aavnuur"
    },
    "4": {
        "mjd": 58639.226851900006,
        "passband": 1,
        "mag": 19.4744,
        "mag_err": 0.15947999999999998,
        "locus_id": "ZTF19aavnuur"
    },
    "5": {
        "mjd": 58642.1691319,
        "passband": 1,
        "mag": 19.3305,
        "mag_err": 0.212308,
        "locus_id": "ZTF19aavnuur"
    },
    "6": {
        "mjd": 58642.214213,
        "passband": 2,
        "mag": 19.0788,
        "mag_err": 0.104476,
        "locus_id": "ZTF19aavnuur"
    },
    "7": {
        "mjd": 58646.2250926,
        "passband": 2,
        "mag": 18.9917,
        "mag_err": 0.14103,
        "locus_id": "ZTF19aavnuur"
    },
    "8": {
        "mjd": 58649.1903704,
        "passband": 1,
        "mag": 19.4751,
        "mag_err": 0.276565,
        "locus_id": "ZTF19aavnuur"
    },
    "9": {
        "mjd": 58649.218009300006,
        "passband": 2,
        "mag": 19.1309,
        "mag_err": 0.172482,
        "locus_id": "ZTF19aavnuur"
    },
    "10": {
        "mjd": 58652.276088,
        "passband": 2,
        "mag": 19.1142,
        "mag_err": 0.182277,
        "locus_id": "ZTF19aavnuur"
    },
    "11": {
        "mjd": 58655.17498840001,
        "passband": 2,
        "mag": 19.0894,
        "mag_err": 0.14977000000000001,
        "locus_id": "ZTF19aavnuur"
    },
    "12": {
        "mjd": 58658.1786111,
        "passband": 2,
        "mag": 19.3268,
        "mag_err": 0.154155,
        "locus_id": "ZTF19aavnuur"
    },
    "13": {
        "mjd": 58658.193287,
        "passband": 1,
        "mag": 20.1415,
        "mag_err": 0.20823699999999998,
        "locus_id": "ZTF19aavnuur"
    },
    "14": {
        "mjd": 58661.1984491,
        "passband": 2,
        "mag": 19.1185,
        "mag_err": 0.123972,
        "locus_id": "ZTF19aavnuur"
    },
    "15": {
        "mjd": 58661.226238400006,
        "passband": 1,
        "mag": 20.1486,
        "mag_err": 0.314193,
        "locus_id": "ZTF19aavnuur"
    },
    "16": {
        "mjd": 58667.22679400001,
        "passband": 2,
        "mag": 19.3634,
        "mag_err": 0.15196300000000001,
        "locus_id": "ZTF19aavnuur"
    },
    "17": {
        "mjd": 58673.2076157,
        "passband": 2,
        "mag": 19.2891,
        "mag_err": 0.222052,
        "locus_id": "ZTF19aavnuur"
    },
    "18": {
        "mjd": 58679.20197919999,
        "passband": 2,
        "mag": 19.3463,
        "mag_err": 0.21155100000000002,
        "locus_id": "ZTF19aavnuur"
    }
}