{
    "0": {
        "mjd": 58558.33510419999,
        "passband": 2,
        "mag": 17.8934,
        "mag_err": 0.08281060000000001,
        "locus_id": "ZTF19aamqlyl"
    },
    "1": {
        "mjd": 58561.3363773,
        "passband": 2,
        "mag": 17.2216,
        "mag_err": 0.060512699999999996,
        "locus_id": "ZTF19aamqlyl"
    },
    "2": {
        "mjd": 58568.3114005,
        "passband": 2,
        "mag": 16.6542,
        "mag_err": 0.03893219999999999,
        "locus_id": "ZTF19aamqlyl"
    },
    "3": {
        "mjd": 58574.353865699995,
        "passband": 1,
        "mag": 17.4447,
        "mag_err": 0.72278,
        "locus_id": "ZTF19aamqlyl"
    },
    "4": {
        "mjd": 58581.294143499996,
        "passband": 1,
        "mag": 17.1161,
        "mag_err": 0.045429500000000005,
        "locus_id": "ZTF19aamqlyl"
    },
    "5": {
        "mjd": 58584.25101849999,
        "passband": 1,
        "mag": 17.3382,
        "mag_err": 0.056642700000000004,
        "locus_id": "ZTF19aamqlyl"
    },
    "6": {
        "mjd": 58584.29469909999,
        "passband": 2,
        "mag": 17.3831,
        "mag_err": 0.057864599999999995,
        "locus_id": "ZTF19aamqlyl"
    },
    "7": {
        "mjd": 58587.272708300006,
        "passband": 2,
        "mag": 17.4914,
        "mag_err": 0.0687574,
        "locus_id": "ZTF19aamqlyl"
    },
    "8": {
        "mjd": 58593.3134722,
        "passband": 2,
        "mag": 17.6297,
        "mag_err": 0.0766102,
        "locus_id": "ZTF19aamqlyl"
    },
    "9": {
        "mjd": 58598.2523495,
        "passband": 1,
        "mag": 18.5607,
        "mag_err": 0.110926,
        "locus_id": "ZTF19aamqlyl"
    },
    "10": {
        "mjd": 58598.2965046,
        "passband": 2,
        "mag": 17.6639,
        "mag_err": 0.063891,
        "locus_id": "ZTF19aamqlyl"
    },
    "11": {
        "mjd": 58601.2334375,
        "passband": 1,
        "mag": 18.7995,
        "mag_err": 0.107777,
        "locus_id": "ZTF19aamqlyl"
    },
    "12": {
        "mjd": 58607.249351900005,
        "passband": 2,
        "mag": 18.0924,
        "mag_err": 0.0763246,
        "locus_id": "ZTF19aamqlyl"
    },
    "13": {
        "mjd": 58607.296875,
        "passband": 1,
        "mag": 19.1803,
        "mag_err": 0.157843,
        "locus_id": "ZTF19aamqlyl"
    },
    "14": {
        "mjd": 58617.1913426,
        "passband": 1,
        "mag": 19.569000000000003,
        "mag_err": 0.26063800000000004,
        "locus_id": "ZTF19aamqlyl"
    },
    "15": {
        "mjd": 58617.2512153,
        "passband": 2,
        "mag": 18.6992,
        "mag_err": 0.129341,
        "locus_id": "ZTF19aamqlyl"
    },
    "16": {
        "mjd": 58635.189606500004,
        "passband": 1,
        "mag": 19.8642,
        "mag_err": 0.26047600000000004,
        "locus_id": "ZTF19aamqlyl"
    },
    "17": {
        "mjd": 58635.231169000006,
        "passband": 2,
        "mag": 19.2773,
        "mag_err": 0.176012,
        "locus_id": "ZTF19aamqlyl"
    },
    "18": {
        "mjd": 58638.21050930001,
        "passband": 2,
        "mag": 19.3055,
        "mag_err": 0.17772000000000002,
        "locus_id": "ZTF19aamqlyl"
    },
    "19": {
        "mjd": 58642.2109722,
        "passband": 2,
        "mag": 19.5276,
        "mag_err": 0.17260799999999998,
        "locus_id": "ZTF19aamqlyl"
    }
}