{
    "0": {
        "mjd": 58348.365486099996,
        "passband": 1,
        "mag": 18.9923,
        "mag_err": 0.0915512,
        "locus_id": "ZTF18abmrhom"
    },
    "1": {
        "mjd": 58351.4070949,
        "passband": 1,
        "mag": 18.7665,
        "mag_err": 0.07194199999999999,
        "locus_id": "ZTF18abmrhom"
    },
    "2": {
        "mjd": 58360.35998840001,
        "passband": 1,
        "mag": 19.2343,
        "mag_err": 0.164101,
        "locus_id": "ZTF18abmrhom"
    },
    "3": {
        "mjd": 58363.2706597,
        "passband": 2,
        "mag": 19.2469,
        "mag_err": 0.136732,
        "locus_id": "ZTF18abmrhom"
    },
    "4": {
        "mjd": 58363.2984028,
        "passband": 1,
        "mag": 19.4876,
        "mag_err": 0.12441600000000001,
        "locus_id": "ZTF18abmrhom"
    },
    "5": {
        "mjd": 58366.254571800004,
        "passband": 1,
        "mag": 19.8222,
        "mag_err": 0.110042,
        "locus_id": "ZTF18abmrhom"
    },
    "6": {
        "mjd": 58366.3198611,
        "passband": 2,
        "mag": 19.3646,
        "mag_err": 0.127931,
        "locus_id": "ZTF18abmrhom"
    },
    "7": {
        "mjd": 58369.29469909999,
        "passband": 1,
        "mag": 19.759,
        "mag_err": 0.11202999999999999,
        "locus_id": "ZTF18abmrhom"
    },
    "8": {
        "mjd": 58369.36767359999,
        "passband": 2,
        "mag": 19.4613,
        "mag_err": 0.11963299999999999,
        "locus_id": "ZTF18abmrhom"
    },
    "9": {
        "mjd": 58372.254606500006,
        "passband": 1,
        "mag": 20.3068,
        "mag_err": 0.15445699999999998,
        "locus_id": "ZTF18abmrhom"
    },
    "10": {
        "mjd": 58372.30120369999,
        "passband": 2,
        "mag": 19.6169,
        "mag_err": 0.139455,
        "locus_id": "ZTF18abmrhom"
    },
    "11": {
        "mjd": 58375.34313659999,
        "passband": 2,
        "mag": 19.6722,
        "mag_err": 0.127024,
        "locus_id": "ZTF18abmrhom"
    },
    "12": {
        "mjd": 58378.27552080001,
        "passband": 2,
        "mag": 19.9112,
        "mag_err": 0.192247,
        "locus_id": "ZTF18abmrhom"
    }
}