{
    "0": {
        "mjd": 58538.480463,
        "passband": 2,
        "mag": 19.0312,
        "mag_err": 0.21271700000000002,
        "locus_id": "ZTF19aakozyp"
    },
    "1": {
        "mjd": 58541.4191319,
        "passband": 1,
        "mag": 18.0944,
        "mag_err": 0.0813262,
        "locus_id": "ZTF19aakozyp"
    },
    "2": {
        "mjd": 58541.4813657,
        "passband": 2,
        "mag": 18.1281,
        "mag_err": 0.06914939999999999,
        "locus_id": "ZTF19aakozyp"
    },
    "3": {
        "mjd": 58547.356955999996,
        "passband": 1,
        "mag": 17.3356,
        "mag_err": 0.0499179,
        "locus_id": "ZTF19aakozyp"
    },
    "4": {
        "mjd": 58547.356955999996,
        "passband": 1,
        "mag": 17.3356,
        "mag_err": 0.049918000000000004,
        "locus_id": "ZTF19aakozyp"
    },
    "5": {
        "mjd": 58556.4416667,
        "passband": 1,
        "mag": 17.3359,
        "mag_err": 0.0536467,
        "locus_id": "ZTF19aakozyp"
    },
    "6": {
        "mjd": 58560.2889236,
        "passband": 1,
        "mag": 17.4887,
        "mag_err": 0.062489699999999995,
        "locus_id": "ZTF19aakozyp"
    },
    "7": {
        "mjd": 58560.3786458,
        "passband": 2,
        "mag": 17.3833,
        "mag_err": 0.051774400000000005,
        "locus_id": "ZTF19aakozyp"
    },
    "8": {
        "mjd": 58567.37717590001,
        "passband": 2,
        "mag": 17.8437,
        "mag_err": 0.056111,
        "locus_id": "ZTF19aakozyp"
    },
    "9": {
        "mjd": 58572.3628356,
        "passband": 2,
        "mag": 17.9179,
        "mag_err": 0.0857073,
        "locus_id": "ZTF19aakozyp"
    },
    "10": {
        "mjd": 58572.3784606,
        "passband": 1,
        "mag": 18.5717,
        "mag_err": 0.10209,
        "locus_id": "ZTF19aakozyp"
    },
    "11": {
        "mjd": 58575.352916699994,
        "passband": 1,
        "mag": 18.8047,
        "mag_err": 0.20621399999999998,
        "locus_id": "ZTF19aakozyp"
    },
    "12": {
        "mjd": 58580.3946296,
        "passband": 2,
        "mag": 18.1184,
        "mag_err": 0.0792174,
        "locus_id": "ZTF19aakozyp"
    },
    "13": {
        "mjd": 58580.400104199995,
        "passband": 1,
        "mag": 19.1143,
        "mag_err": 0.149079,
        "locus_id": "ZTF19aakozyp"
    },
    "14": {
        "mjd": 58584.287488400005,
        "passband": 1,
        "mag": 19.5114,
        "mag_err": 0.17544200000000001,
        "locus_id": "ZTF19aakozyp"
    },
    "15": {
        "mjd": 58584.33377309999,
        "passband": 2,
        "mag": 18.2417,
        "mag_err": 0.0663704,
        "locus_id": "ZTF19aakozyp"
    },
    "16": {
        "mjd": 58587.39405090001,
        "passband": 2,
        "mag": 18.2956,
        "mag_err": 0.08964910000000001,
        "locus_id": "ZTF19aakozyp"
    },
    "17": {
        "mjd": 58591.37386569999,
        "passband": 2,
        "mag": 18.535,
        "mag_err": 0.152373,
        "locus_id": "ZTF19aakozyp"
    },
    "18": {
        "mjd": 58597.29111109999,
        "passband": 1,
        "mag": 19.9936,
        "mag_err": 0.15576199999999998,
        "locus_id": "ZTF19aakozyp"
    },
    "19": {
        "mjd": 58597.360625,
        "passband": 2,
        "mag": 18.7584,
        "mag_err": 0.10995799999999999,
        "locus_id": "ZTF19aakozyp"
    },
    "20": {
        "mjd": 58602.314826400005,
        "passband": 2,
        "mag": 19.0476,
        "mag_err": 0.108499,
        "locus_id": "ZTF19aakozyp"
    },
    "21": {
        "mjd": 58606.30252309999,
        "passband": 2,
        "mag": 19.2399,
        "mag_err": 0.100435,
        "locus_id": "ZTF19aakozyp"
    },
    "22": {
        "mjd": 58606.39905090001,
        "passband": 1,
        "mag": 20.2113,
        "mag_err": 0.222512,
        "locus_id": "ZTF19aakozyp"
    },
    "23": {
        "mjd": 58612.23026619999,
        "passband": 2,
        "mag": 19.3795,
        "mag_err": 0.127185,
        "locus_id": "ZTF19aakozyp"
    },
    "24": {
        "mjd": 58612.2752315,
        "passband": 1,
        "mag": 20.208,
        "mag_err": 0.17263199999999998,
        "locus_id": "ZTF19aakozyp"
    },
    "25": {
        "mjd": 58628.2863657,
        "passband": 2,
        "mag": 19.7866,
        "mag_err": 0.19678900000000002,
        "locus_id": "ZTF19aakozyp"
    },
    "26": {
        "mjd": 58632.29177080001,
        "passband": 2,
        "mag": 20.0635,
        "mag_err": 0.15981099999999998,
        "locus_id": "ZTF19aakozyp"
    },
    "27": {
        "mjd": 58633.2560185,
        "passband": 1,
        "mag": 20.4742,
        "mag_err": 0.212527,
        "locus_id": "ZTF19aakozyp"
    },
    "28": {
        "mjd": 58633.3015509,
        "passband": 2,
        "mag": 19.8641,
        "mag_err": 0.140868,
        "locus_id": "ZTF19aakozyp"
    },
    "29": {
        "mjd": 58636.2272801,
        "passband": 2,
        "mag": 19.9505,
        "mag_err": 0.17610599999999998,
        "locus_id": "ZTF19aakozyp"
    },
    "30": {
        "mjd": 58639.233113400005,
        "passband": 1,
        "mag": 20.6323,
        "mag_err": 0.25484,
        "locus_id": "ZTF19aakozyp"
    },
    "31": {
        "mjd": 58639.2761921,
        "passband": 2,
        "mag": 20.3303,
        "mag_err": 0.21531199999999998,
        "locus_id": "ZTF19aakozyp"
    }
}