{
    "0": {
        "mjd": 58693.4266898,
        "passband": 1,
        "mag": 20.1541,
        "mag_err": 0.146528,
        "locus_id": "ZTF19abjozed"
    },
    "1": {
        "mjd": 58696.440763900006,
        "passband": 1,
        "mag": 19.2073,
        "mag_err": 0.107075,
        "locus_id": "ZTF19abjozed"
    },
    "2": {
        "mjd": 58696.4641898,
        "passband": 2,
        "mag": 19.3902,
        "mag_err": 0.0884765,
        "locus_id": "ZTF19abjozed"
    },
    "3": {
        "mjd": 58699.47861109999,
        "passband": 1,
        "mag": 18.8198,
        "mag_err": 0.0782894,
        "locus_id": "ZTF19abjozed"
    },
    "4": {
        "mjd": 58699.48199069999,
        "passband": 2,
        "mag": 18.8909,
        "mag_err": 0.07828330000000001,
        "locus_id": "ZTF19abjozed"
    },
    "5": {
        "mjd": 58703.4245602,
        "passband": 2,
        "mag": 18.6196,
        "mag_err": 0.06401130000000001,
        "locus_id": "ZTF19abjozed"
    },
    "6": {
        "mjd": 58703.49885419999,
        "passband": 1,
        "mag": 18.5313,
        "mag_err": 0.0718603,
        "locus_id": "ZTF19abjozed"
    },
    "7": {
        "mjd": 58706.40214119999,
        "passband": 2,
        "mag": 18.5343,
        "mag_err": 0.0644368,
        "locus_id": "ZTF19abjozed"
    },
    "8": {
        "mjd": 58706.41942130001,
        "passband": 1,
        "mag": 18.4229,
        "mag_err": 0.06504,
        "locus_id": "ZTF19abjozed"
    },
    "9": {
        "mjd": 58709.3938426,
        "passband": 2,
        "mag": 18.6313,
        "mag_err": 0.0983536,
        "locus_id": "ZTF19abjozed"
    },
    "10": {
        "mjd": 58709.461713,
        "passband": 1,
        "mag": 18.5607,
        "mag_err": 0.08128939999999998,
        "locus_id": "ZTF19abjozed"
    },
    "11": {
        "mjd": 58712.42010419999,
        "passband": 2,
        "mag": 18.742,
        "mag_err": 0.10170499999999999,
        "locus_id": "ZTF19abjozed"
    },
    "12": {
        "mjd": 58717.4049421,
        "passband": 1,
        "mag": 18.9178,
        "mag_err": 0.11030699999999999,
        "locus_id": "ZTF19abjozed"
    },
    "13": {
        "mjd": 58717.474583300005,
        "passband": 2,
        "mag": 18.9119,
        "mag_err": 0.08285930000000001,
        "locus_id": "ZTF19abjozed"
    },
    "14": {
        "mjd": 58723.389027799996,
        "passband": 2,
        "mag": 19.1932,
        "mag_err": 0.0713,
        "locus_id": "ZTF19abjozed"
    },
    "15": {
        "mjd": 58723.43873840001,
        "passband": 1,
        "mag": 19.5649,
        "mag_err": 0.120995,
        "locus_id": "ZTF19abjozed"
    },
    "16": {
        "mjd": 58726.378912,
        "passband": 2,
        "mag": 19.3461,
        "mag_err": 0.0915184,
        "locus_id": "ZTF19abjozed"
    },
    "17": {
        "mjd": 58726.4406481,
        "passband": 1,
        "mag": 19.8576,
        "mag_err": 0.138732,
        "locus_id": "ZTF19abjozed"
    },
    "18": {
        "mjd": 58730.4186227,
        "passband": 2,
        "mag": 19.3357,
        "mag_err": 0.114943,
        "locus_id": "ZTF19abjozed"
    },
    "19": {
        "mjd": 58730.4692477,
        "passband": 1,
        "mag": 20.0813,
        "mag_err": 0.21119699999999997,
        "locus_id": "ZTF19abjozed"
    },
    "20": {
        "mjd": 58733.4023843,
        "passband": 2,
        "mag": 19.4365,
        "mag_err": 0.109866,
        "locus_id": "ZTF19abjozed"
    },
    "21": {
        "mjd": 58733.4562616,
        "passband": 1,
        "mag": 20.5326,
        "mag_err": 0.253065,
        "locus_id": "ZTF19abjozed"
    },
    "22": {
        "mjd": 58736.4353472,
        "passband": 2,
        "mag": 19.6554,
        "mag_err": 0.10625599999999999,
        "locus_id": "ZTF19abjozed"
    },
    "23": {
        "mjd": 58736.4760648,
        "passband": 1,
        "mag": 20.7038,
        "mag_err": 0.234843,
        "locus_id": "ZTF19abjozed"
    },
    "24": {
        "mjd": 58739.3775926,
        "passband": 2,
        "mag": 19.6195,
        "mag_err": 0.168679,
        "locus_id": "ZTF19abjozed"
    },
    "25": {
        "mjd": 58747.4196875,
        "passband": 2,
        "mag": 20.3083,
        "mag_err": 0.21481399999999998,
        "locus_id": "ZTF19abjozed"
    }
}