{
    "0": {
        "mjd": 58698.45813659999,
        "passband": 1,
        "mag": 19.7027,
        "mag_err": 0.149806,
        "locus_id": "ZTF19abmpoxa"
    },
    "1": {
        "mjd": 58701.455324099996,
        "passband": 1,
        "mag": 18.8665,
        "mag_err": 0.117068,
        "locus_id": "ZTF19abmpoxa"
    },
    "2": {
        "mjd": 58705.39760419999,
        "passband": 1,
        "mag": 18.2631,
        "mag_err": 0.0656402,
        "locus_id": "ZTF19abmpoxa"
    },
    "3": {
        "mjd": 58708.41776619999,
        "passband": 1,
        "mag": 18.0429,
        "mag_err": 0.07669780000000001,
        "locus_id": "ZTF19abmpoxa"
    },
    "4": {
        "mjd": 58711.3969097,
        "passband": 2,
        "mag": 18.2733,
        "mag_err": 0.0878961,
        "locus_id": "ZTF19abmpoxa"
    },
    "5": {
        "mjd": 58714.43011569999,
        "passband": 2,
        "mag": 18.1839,
        "mag_err": 0.0989608,
        "locus_id": "ZTF19abmpoxa"
    },
    "6": {
        "mjd": 58717.3967824,
        "passband": 1,
        "mag": 18.3195,
        "mag_err": 0.0925813,
        "locus_id": "ZTF19abmpoxa"
    },
    "7": {
        "mjd": 58717.4607986,
        "passband": 2,
        "mag": 18.4073,
        "mag_err": 0.119156,
        "locus_id": "ZTF19abmpoxa"
    },
    "8": {
        "mjd": 58720.389571800006,
        "passband": 2,
        "mag": 18.6154,
        "mag_err": 0.09060850000000001,
        "locus_id": "ZTF19abmpoxa"
    },
    "9": {
        "mjd": 58720.42270830001,
        "passband": 1,
        "mag": 18.5688,
        "mag_err": 0.088876,
        "locus_id": "ZTF19abmpoxa"
    },
    "10": {
        "mjd": 58723.3758912,
        "passband": 2,
        "mag": 18.8643,
        "mag_err": 0.07764069999999999,
        "locus_id": "ZTF19abmpoxa"
    },
    "11": {
        "mjd": 58723.3980556,
        "passband": 1,
        "mag": 18.8542,
        "mag_err": 0.108224,
        "locus_id": "ZTF19abmpoxa"
    },
    "12": {
        "mjd": 58726.37620369999,
        "passband": 2,
        "mag": 18.9038,
        "mag_err": 0.0983529,
        "locus_id": "ZTF19abmpoxa"
    },
    "13": {
        "mjd": 58726.397696800006,
        "passband": 1,
        "mag": 19.2624,
        "mag_err": 0.164079,
        "locus_id": "ZTF19abmpoxa"
    },
    "14": {
        "mjd": 58733.396423599996,
        "passband": 2,
        "mag": 19.0729,
        "mag_err": 0.10206699999999999,
        "locus_id": "ZTF19abmpoxa"
    },
    "15": {
        "mjd": 58733.440324099996,
        "passband": 1,
        "mag": 20.0163,
        "mag_err": 0.379284,
        "locus_id": "ZTF19abmpoxa"
    },
    "16": {
        "mjd": 58736.37726849999,
        "passband": 2,
        "mag": 19.3163,
        "mag_err": 0.144785,
        "locus_id": "ZTF19abmpoxa"
    },
    "17": {
        "mjd": 58736.43966440001,
        "passband": 1,
        "mag": 20.3971,
        "mag_err": 0.304469,
        "locus_id": "ZTF19abmpoxa"
    },
    "18": {
        "mjd": 58749.2925231,
        "passband": 2,
        "mag": 20.1971,
        "mag_err": 0.213106,
        "locus_id": "ZTF19abmpoxa"
    }
}