{
    "0": {
        "mjd": 58723.258669,
        "passband": 1,
        "mag": 19.3453,
        "mag_err": 0.1227,
        "locus_id": "ZTF19abrvagn"
    },
    "1": {
        "mjd": 58723.326458300005,
        "passband": 2,
        "mag": 19.3238,
        "mag_err": 0.14669300000000002,
        "locus_id": "ZTF19abrvagn"
    },
    "2": {
        "mjd": 58726.2473495,
        "passband": 1,
        "mag": 18.7299,
        "mag_err": 0.125365,
        "locus_id": "ZTF19abrvagn"
    },
    "3": {
        "mjd": 58737.123611099996,
        "passband": 1,
        "mag": 18.2989,
        "mag_err": 0.13584300000000002,
        "locus_id": "ZTF19abrvagn"
    },
    "4": {
        "mjd": 58740.25216440001,
        "passband": 2,
        "mag": 18.5657,
        "mag_err": 0.14310499999999998,
        "locus_id": "ZTF19abrvagn"
    },
    "5": {
        "mjd": 58746.1349306,
        "passband": 1,
        "mag": 18.8843,
        "mag_err": 0.08927439999999999,
        "locus_id": "ZTF19abrvagn"
    },
    "6": {
        "mjd": 58749.10979169999,
        "passband": 2,
        "mag": 18.9928,
        "mag_err": 0.146681,
        "locus_id": "ZTF19abrvagn"
    },
    "7": {
        "mjd": 58749.20751159999,
        "passband": 1,
        "mag": 19.1779,
        "mag_err": 0.157978,
        "locus_id": "ZTF19abrvagn"
    },
    "8": {
        "mjd": 58760.099351900004,
        "passband": 2,
        "mag": 19.3828,
        "mag_err": 0.204205,
        "locus_id": "ZTF19abrvagn"
    }
}