{
    "0": {
        "mjd": 58811.419583300005,
        "passband": 1,
        "mag": 19.6026,
        "mag_err": 0.135939,
        "locus_id": "ZTF19acuybzx"
    },
    "1": {
        "mjd": 58820.236354199995,
        "passband": 1,
        "mag": 18.1477,
        "mag_err": 0.08473660000000001,
        "locus_id": "ZTF19acuybzx"
    },
    "2": {
        "mjd": 58823.3628241,
        "passband": 2,
        "mag": 17.8352,
        "mag_err": 0.231895,
        "locus_id": "ZTF19acuybzx"
    },
    "3": {
        "mjd": 58823.427580999996,
        "passband": 1,
        "mag": 17.9801,
        "mag_err": 0.12312000000000001,
        "locus_id": "ZTF19acuybzx"
    },
    "4": {
        "mjd": 58827.2872685,
        "passband": 2,
        "mag": 17.8674,
        "mag_err": 0.0599687,
        "locus_id": "ZTF19acuybzx"
    },
    "5": {
        "mjd": 58828.319976900006,
        "passband": 2,
        "mag": 17.897000000000002,
        "mag_err": 0.0570841,
        "locus_id": "ZTF19acuybzx"
    },
    "6": {
        "mjd": 58828.4450347,
        "passband": 1,
        "mag": 18.2448,
        "mag_err": 0.0842982,
        "locus_id": "ZTF19acuybzx"
    },
    "7": {
        "mjd": 58833.30094909999,
        "passband": 2,
        "mag": 18.2356,
        "mag_err": 0.10564200000000001,
        "locus_id": "ZTF19acuybzx"
    },
    "8": {
        "mjd": 58833.3014005,
        "passband": 2,
        "mag": 18.2612,
        "mag_err": 0.0971684,
        "locus_id": "ZTF19acuybzx"
    },
    "9": {
        "mjd": 58833.503518499994,
        "passband": 1,
        "mag": 18.3823,
        "mag_err": 0.13884100000000002,
        "locus_id": "ZTF19acuybzx"
    },
    "10": {
        "mjd": 58836.4109028,
        "passband": 1,
        "mag": 18.6549,
        "mag_err": 0.089751,
        "locus_id": "ZTF19acuybzx"
    },
    "11": {
        "mjd": 58836.436203699996,
        "passband": 2,
        "mag": 18.3974,
        "mag_err": 0.0914749,
        "locus_id": "ZTF19acuybzx"
    },
    "12": {
        "mjd": 58846.2353819,
        "passband": 1,
        "mag": 19.616,
        "mag_err": 0.13231400000000001,
        "locus_id": "ZTF19acuybzx"
    },
    "13": {
        "mjd": 58846.2777778,
        "passband": 2,
        "mag": 18.6205,
        "mag_err": 0.06972260000000001,
        "locus_id": "ZTF19acuybzx"
    },
    "14": {
        "mjd": 58850.4538194,
        "passband": 2,
        "mag": 18.7374,
        "mag_err": 0.115271,
        "locus_id": "ZTF19acuybzx"
    },
    "15": {
        "mjd": 58853.4455903,
        "passband": 1,
        "mag": 20.0906,
        "mag_err": 0.20479,
        "locus_id": "ZTF19acuybzx"
    },
    "16": {
        "mjd": 58860.2262037,
        "passband": 2,
        "mag": 19.3521,
        "mag_err": 0.180092,
        "locus_id": "ZTF19acuybzx"
    },
    "17": {
        "mjd": 58860.274178199994,
        "passband": 2,
        "mag": 19.4213,
        "mag_err": 0.25564499999999996,
        "locus_id": "ZTF19acuybzx"
    },
    "18": {
        "mjd": 58861.2036921,
        "passband": 2,
        "mag": 19.264,
        "mag_err": 0.174055,
        "locus_id": "ZTF19acuybzx"
    },
    "19": {
        "mjd": 58862.3517361,
        "passband": 2,
        "mag": 19.3355,
        "mag_err": 0.110269,
        "locus_id": "ZTF19acuybzx"
    },
    "20": {
        "mjd": 58864.1601273,
        "passband": 1,
        "mag": 20.8973,
        "mag_err": 0.332133,
        "locus_id": "ZTF19acuybzx"
    },
    "21": {
        "mjd": 58867.254213,
        "passband": 2,
        "mag": 19.5876,
        "mag_err": 0.151807,
        "locus_id": "ZTF19acuybzx"
    },
    "22": {
        "mjd": 58871.19314809999,
        "passband": 1,
        "mag": 20.7046,
        "mag_err": 0.264048,
        "locus_id": "ZTF19acuybzx"
    },
    "23": {
        "mjd": 58871.24394680001,
        "passband": 2,
        "mag": 20.023,
        "mag_err": 0.18399000000000001,
        "locus_id": "ZTF19acuybzx"
    },
    "24": {
        "mjd": 58874.2154745,
        "passband": 2,
        "mag": 19.7843,
        "mag_err": 0.198273,
        "locus_id": "ZTF19acuybzx"
    },
    "25": {
        "mjd": 58875.222106500005,
        "passband": 2,
        "mag": 19.8061,
        "mag_err": 0.177511,
        "locus_id": "ZTF19acuybzx"
    },
    "26": {
        "mjd": 58877.2568403,
        "passband": 2,
        "mag": 19.8302,
        "mag_err": 0.146543,
        "locus_id": "ZTF19acuybzx"
    },
    "27": {
        "mjd": 58880.2259954,
        "passband": 2,
        "mag": 20.0505,
        "mag_err": 0.17088499999999998,
        "locus_id": "ZTF19acuybzx"
    }
}