{
    "0": {
        "mjd": 58749.505520800005,
        "passband": 1,
        "mag": 19.8738,
        "mag_err": 0.328229,
        "locus_id": "ZTF19acbvllm"
    },
    "1": {
        "mjd": 58757.50802080001,
        "passband": 2,
        "mag": 19.4336,
        "mag_err": 0.15069000000000002,
        "locus_id": "ZTF19acbvllm"
    },
    "2": {
        "mjd": 58760.4843171,
        "passband": 1,
        "mag": 19.2204,
        "mag_err": 0.18675999999999998,
        "locus_id": "ZTF19acbvllm"
    },
    "3": {
        "mjd": 58760.5158912,
        "passband": 2,
        "mag": 19.3462,
        "mag_err": 0.181536,
        "locus_id": "ZTF19acbvllm"
    },
    "4": {
        "mjd": 58764.495763900006,
        "passband": 2,
        "mag": 19.3307,
        "mag_err": 0.13691199999999998,
        "locus_id": "ZTF19acbvllm"
    },
    "5": {
        "mjd": 58764.5197106,
        "passband": 1,
        "mag": 19.1476,
        "mag_err": 0.11965799999999999,
        "locus_id": "ZTF19acbvllm"
    },
    "6": {
        "mjd": 58767.48682869999,
        "passband": 1,
        "mag": 19.3532,
        "mag_err": 0.166919,
        "locus_id": "ZTF19acbvllm"
    },
    "7": {
        "mjd": 58770.53967590001,
        "passband": 1,
        "mag": 19.5886,
        "mag_err": 0.291259,
        "locus_id": "ZTF19acbvllm"
    },
    "8": {
        "mjd": 58775.51800930001,
        "passband": 1,
        "mag": 19.8983,
        "mag_err": 0.253029,
        "locus_id": "ZTF19acbvllm"
    },
    "9": {
        "mjd": 58791.5021296,
        "passband": 2,
        "mag": 20.0925,
        "mag_err": 0.21659699999999998,
        "locus_id": "ZTF19acbvllm"
    }
}