{
    "0": {
        "mjd": 58706.405381900004,
        "passband": 2,
        "mag": 19.5553,
        "mag_err": 0.12013499999999999,
        "locus_id": "ZTF19abozuxh"
    },
    "1": {
        "mjd": 58706.4435301,
        "passband": 1,
        "mag": 19.8892,
        "mag_err": 0.122385,
        "locus_id": "ZTF19abozuxh"
    },
    "2": {
        "mjd": 58710.4357755,
        "passband": 2,
        "mag": 19.0673,
        "mag_err": 0.127175,
        "locus_id": "ZTF19abozuxh"
    },
    "3": {
        "mjd": 58713.36101849999,
        "passband": 2,
        "mag": 18.8349,
        "mag_err": 0.113478,
        "locus_id": "ZTF19abozuxh"
    },
    "4": {
        "mjd": 58713.4447338,
        "passband": 1,
        "mag": 19.1501,
        "mag_err": 0.116041,
        "locus_id": "ZTF19abozuxh"
    },
    "5": {
        "mjd": 58716.3825347,
        "passband": 2,
        "mag": 18.7909,
        "mag_err": 0.0807459,
        "locus_id": "ZTF19abozuxh"
    },
    "6": {
        "mjd": 58719.4871528,
        "passband": 1,
        "mag": 19.3196,
        "mag_err": 0.10860999999999998,
        "locus_id": "ZTF19abozuxh"
    },
    "7": {
        "mjd": 58722.4070023,
        "passband": 1,
        "mag": 19.6113,
        "mag_err": 0.11593099999999999,
        "locus_id": "ZTF19abozuxh"
    },
    "8": {
        "mjd": 58725.3991898,
        "passband": 1,
        "mag": 19.8632,
        "mag_err": 0.17566600000000002,
        "locus_id": "ZTF19abozuxh"
    },
    "9": {
        "mjd": 58725.485671300004,
        "passband": 2,
        "mag": 19.1335,
        "mag_err": 0.0909942,
        "locus_id": "ZTF19abozuxh"
    },
    "10": {
        "mjd": 58730.416921300006,
        "passband": 2,
        "mag": 19.1336,
        "mag_err": 0.10869200000000001,
        "locus_id": "ZTF19abozuxh"
    },
    "11": {
        "mjd": 58733.3894097,
        "passband": 2,
        "mag": 19.3438,
        "mag_err": 0.10371099999999998,
        "locus_id": "ZTF19abozuxh"
    },
    "12": {
        "mjd": 58736.421203699996,
        "passband": 2,
        "mag": 19.5214,
        "mag_err": 0.144871,
        "locus_id": "ZTF19abozuxh"
    }
}