{
    "0": {
        "mjd": 58439.52375,
        "passband": 1,
        "mag": 18.7312,
        "mag_err": 0.0897539,
        "locus_id": "ZTF18acpeesd"
    },
    "1": {
        "mjd": 58440.54594909999,
        "passband": 2,
        "mag": 18.7393,
        "mag_err": 0.0870372,
        "locus_id": "ZTF18acpeesd"
    },
    "2": {
        "mjd": 58443.4780324,
        "passband": 2,
        "mag": 18.721,
        "mag_err": 0.125869,
        "locus_id": "ZTF18acpeesd"
    },
    "3": {
        "mjd": 58447.4969676,
        "passband": 2,
        "mag": 18.8799,
        "mag_err": 0.12830999999999998,
        "locus_id": "ZTF18acpeesd"
    },
    "4": {
        "mjd": 58450.48560190001,
        "passband": 1,
        "mag": 19.0604,
        "mag_err": 0.165872,
        "locus_id": "ZTF18acpeesd"
    },
    "5": {
        "mjd": 58450.5429051,
        "passband": 2,
        "mag": 18.8426,
        "mag_err": 0.08626160000000001,
        "locus_id": "ZTF18acpeesd"
    },
    "6": {
        "mjd": 58461.5453125,
        "passband": 2,
        "mag": 19.5265,
        "mag_err": 0.13788599999999998,
        "locus_id": "ZTF18acpeesd"
    },
    "7": {
        "mjd": 58464.54542819999,
        "passband": 2,
        "mag": 19.4291,
        "mag_err": 0.119476,
        "locus_id": "ZTF18acpeesd"
    },
    "8": {
        "mjd": 58471.5435648,
        "passband": 2,
        "mag": 19.8986,
        "mag_err": 0.185844,
        "locus_id": "ZTF18acpeesd"
    },
    "9": {
        "mjd": 58493.4750926,
        "passband": 2,
        "mag": 20.3923,
        "mag_err": 0.18828499999999998,
        "locus_id": "ZTF18acpeesd"
    }
}