{
    "0": {
        "mjd": 58272.5,
        "passband": 2,
        "mag": 19.6656,
        "mag_err": 0.14438199999999998,
        "locus_id": "ZTF18aavqdyq"
    },
    "1": {
        "mjd": 58278.3208796,
        "passband": 2,
        "mag": 19.3932,
        "mag_err": 0.07311430000000001,
        "locus_id": "ZTF18aavqdyq"
    },
    "2": {
        "mjd": 58278.369537,
        "passband": 1,
        "mag": 20.3186,
        "mag_err": 0.140525,
        "locus_id": "ZTF18aavqdyq"
    },
    "3": {
        "mjd": 58281.33716440001,
        "passband": 2,
        "mag": 19.5927,
        "mag_err": 0.0863439,
        "locus_id": "ZTF18aavqdyq"
    },
    "4": {
        "mjd": 58281.3871296,
        "passband": 1,
        "mag": 20.2571,
        "mag_err": 0.134497,
        "locus_id": "ZTF18aavqdyq"
    },
    "5": {
        "mjd": 58284.32607640001,
        "passband": 2,
        "mag": 19.5243,
        "mag_err": 0.0973942,
        "locus_id": "ZTF18aavqdyq"
    },
    "6": {
        "mjd": 58284.38179400001,
        "passband": 1,
        "mag": 20.1103,
        "mag_err": 0.140521,
        "locus_id": "ZTF18aavqdyq"
    },
    "7": {
        "mjd": 58287.324895800004,
        "passband": 2,
        "mag": 19.3219,
        "mag_err": 0.06394540000000001,
        "locus_id": "ZTF18aavqdyq"
    },
    "8": {
        "mjd": 58290.3658102,
        "passband": 2,
        "mag": 19.232,
        "mag_err": 0.09159980000000001,
        "locus_id": "ZTF18aavqdyq"
    },
    "9": {
        "mjd": 58290.40707180001,
        "passband": 1,
        "mag": 20.2982,
        "mag_err": 0.194303,
        "locus_id": "ZTF18aavqdyq"
    },
    "10": {
        "mjd": 58293.3057639,
        "passband": 2,
        "mag": 19.3239,
        "mag_err": 0.131147,
        "locus_id": "ZTF18aavqdyq"
    },
    "11": {
        "mjd": 58296.291990699996,
        "passband": 2,
        "mag": 19.0851,
        "mag_err": 0.11514400000000001,
        "locus_id": "ZTF18aavqdyq"
    },
    "12": {
        "mjd": 58299.3789931,
        "passband": 2,
        "mag": 19.1993,
        "mag_err": 0.16353199999999998,
        "locus_id": "ZTF18aavqdyq"
    },
    "13": {
        "mjd": 58302.21596059999,
        "passband": 1,
        "mag": 20.177,
        "mag_err": 0.17243499999999998,
        "locus_id": "ZTF18aavqdyq"
    },
    "14": {
        "mjd": 58302.329074099995,
        "passband": 2,
        "mag": 19.3339,
        "mag_err": 0.171265,
        "locus_id": "ZTF18aavqdyq"
    },
    "15": {
        "mjd": 58308.22377309999,
        "passband": 1,
        "mag": 20.0629,
        "mag_err": 0.133393,
        "locus_id": "ZTF18aavqdyq"
    },
    "16": {
        "mjd": 58308.3275,
        "passband": 2,
        "mag": 19.1032,
        "mag_err": 0.151608,
        "locus_id": "ZTF18aavqdyq"
    },
    "17": {
        "mjd": 58311.3417477,
        "passband": 1,
        "mag": 20.046,
        "mag_err": 0.16126300000000002,
        "locus_id": "ZTF18aavqdyq"
    },
    "18": {
        "mjd": 58311.3848727,
        "passband": 2,
        "mag": 19.0216,
        "mag_err": 0.120795,
        "locus_id": "ZTF18aavqdyq"
    },
    "19": {
        "mjd": 58320.204838,
        "passband": 1,
        "mag": 20.0394,
        "mag_err": 0.20525700000000002,
        "locus_id": "ZTF18aavqdyq"
    },
    "20": {
        "mjd": 58320.2790046,
        "passband": 2,
        "mag": 18.956,
        "mag_err": 0.106627,
        "locus_id": "ZTF18aavqdyq"
    },
    "21": {
        "mjd": 58323.3811574,
        "passband": 1,
        "mag": 19.7826,
        "mag_err": 0.21328000000000003,
        "locus_id": "ZTF18aavqdyq"
    },
    "22": {
        "mjd": 58326.29883099999,
        "passband": 2,
        "mag": 18.8956,
        "mag_err": 0.132225,
        "locus_id": "ZTF18aavqdyq"
    },
    "23": {
        "mjd": 58330.192766199994,
        "passband": 1,
        "mag": 19.7089,
        "mag_err": 0.188194,
        "locus_id": "ZTF18aavqdyq"
    },
    "24": {
        "mjd": 58330.353159700004,
        "passband": 2,
        "mag": 18.8953,
        "mag_err": 0.09823960000000001,
        "locus_id": "ZTF18aavqdyq"
    },
    "25": {
        "mjd": 58333.1746875,
        "passband": 1,
        "mag": 19.7483,
        "mag_err": 0.134208,
        "locus_id": "ZTF18aavqdyq"
    },
    "26": {
        "mjd": 58333.32875,
        "passband": 2,
        "mag": 18.8106,
        "mag_err": 0.101887,
        "locus_id": "ZTF18aavqdyq"
    },
    "27": {
        "mjd": 58336.2172569,
        "passband": 2,
        "mag": 18.8035,
        "mag_err": 0.0719107,
        "locus_id": "ZTF18aavqdyq"
    },
    "28": {
        "mjd": 58336.24107640001,
        "passband": 1,
        "mag": 19.5985,
        "mag_err": 0.127816,
        "locus_id": "ZTF18aavqdyq"
    },
    "29": {
        "mjd": 58340.1771181,
        "passband": 2,
        "mag": 18.7876,
        "mag_err": 0.0840267,
        "locus_id": "ZTF18aavqdyq"
    },
    "30": {
        "mjd": 58343.176516199994,
        "passband": 1,
        "mag": 19.6759,
        "mag_err": 0.165353,
        "locus_id": "ZTF18aavqdyq"
    },
    "31": {
        "mjd": 58343.3288773,
        "passband": 2,
        "mag": 18.7519,
        "mag_err": 0.0864032,
        "locus_id": "ZTF18aavqdyq"
    },
    "32": {
        "mjd": 58346.32855319999,
        "passband": 1,
        "mag": 19.6891,
        "mag_err": 0.14447000000000002,
        "locus_id": "ZTF18aavqdyq"
    },
    "33": {
        "mjd": 58349.24732640001,
        "passband": 2,
        "mag": 18.7953,
        "mag_err": 0.09379080000000001,
        "locus_id": "ZTF18aavqdyq"
    },
    "34": {
        "mjd": 58352.2462269,
        "passband": 2,
        "mag": 18.8738,
        "mag_err": 0.103647,
        "locus_id": "ZTF18aavqdyq"
    },
    "35": {
        "mjd": 58355.24721059999,
        "passband": 2,
        "mag": 18.7615,
        "mag_err": 0.09164850000000001,
        "locus_id": "ZTF18aavqdyq"
    },
    "36": {
        "mjd": 58358.200705999996,
        "passband": 2,
        "mag": 18.9548,
        "mag_err": 0.134108,
        "locus_id": "ZTF18aavqdyq"
    },
    "37": {
        "mjd": 58361.1733796,
        "passband": 1,
        "mag": 20.1397,
        "mag_err": 0.171232,
        "locus_id": "ZTF18aavqdyq"
    },
    "38": {
        "mjd": 58364.1561574,
        "passband": 2,
        "mag": 19.0098,
        "mag_err": 0.0934413,
        "locus_id": "ZTF18aavqdyq"
    },
    "39": {
        "mjd": 58364.19964119999,
        "passband": 1,
        "mag": 20.2259,
        "mag_err": 0.192305,
        "locus_id": "ZTF18aavqdyq"
    },
    "40": {
        "mjd": 58367.150416699995,
        "passband": 2,
        "mag": 19.2139,
        "mag_err": 0.0973808,
        "locus_id": "ZTF18aavqdyq"
    },
    "41": {
        "mjd": 58367.2336574,
        "passband": 1,
        "mag": 20.2615,
        "mag_err": 0.189653,
        "locus_id": "ZTF18aavqdyq"
    },
    "42": {
        "mjd": 58370.1625579,
        "passband": 2,
        "mag": 19.3807,
        "mag_err": 0.11260099999999999,
        "locus_id": "ZTF18aavqdyq"
    },
    "43": {
        "mjd": 58373.15101849999,
        "passband": 2,
        "mag": 19.4645,
        "mag_err": 0.12955999999999998,
        "locus_id": "ZTF18aavqdyq"
    },
    "44": {
        "mjd": 58379.22789349999,
        "passband": 2,
        "mag": 19.5227,
        "mag_err": 0.18317999999999998,
        "locus_id": "ZTF18aavqdyq"
    },
    "45": {
        "mjd": 58382.1241898,
        "passband": 2,
        "mag": 19.8551,
        "mag_err": 0.179204,
        "locus_id": "ZTF18aavqdyq"
    },
    "46": {
        "mjd": 58388.1843634,
        "passband": 2,
        "mag": 19.6928,
        "mag_err": 0.166729,
        "locus_id": "ZTF18aavqdyq"
    },
    "47": {
        "mjd": 58580.5202546,
        "passband": 2,
        "mag": 19.9253,
        "mag_err": 0.275508,
        "locus_id": "ZTF18aavqdyq"
    },
    "48": {
        "mjd": 58593.33366900001,