{
    "0": {
        "mjd": 58750.1679977,
        "passband": 2,
        "mag": 19.4639,
        "mag_err": 0.195101,
        "locus_id": "ZTF19acardcs"
    },
    "1": {
        "mjd": 58750.19653940001,
        "passband": 1,
        "mag": 20.1646,
        "mag_err": 0.21901500000000002,
        "locus_id": "ZTF19acardcs"
    },
    "2": {
        "mjd": 58751.19416669999,
        "passband": 1,
        "mag": 19.9498,
        "mag_err": 0.148924,
        "locus_id": "ZTF19acardcs"
    },
    "3": {
        "mjd": 58758.1742824,
        "passband": 2,
        "mag": 18.8558,
        "mag_err": 0.0851295,
        "locus_id": "ZTF19acardcs"
    },
    "4": {
        "mjd": 58758.2107986,
        "passband": 1,
        "mag": 19.0023,
        "mag_err": 0.08332010000000001,
        "locus_id": "ZTF19acardcs"
    },
    "5": {
        "mjd": 58759.2097222,
        "passband": 2,
        "mag": 18.9117,
        "mag_err": 0.114907,
        "locus_id": "ZTF19acardcs"
    },
    "6": {
        "mjd": 58760.16673609999,
        "passband": 2,
        "mag": 18.9107,
        "mag_err": 0.11148599999999999,
        "locus_id": "ZTF19acardcs"
    },
    "7": {
        "mjd": 58760.1950926,
        "passband": 1,
        "mag": 18.9222,
        "mag_err": 0.0744415,
        "locus_id": "ZTF19acardcs"
    },
    "8": {
        "mjd": 58761.1657176,
        "passband": 2,
        "mag": 18.8552,
        "mag_err": 0.0809694,
        "locus_id": "ZTF19acardcs"
    },
    "9": {
        "mjd": 58761.1941319,
        "passband": 1,
        "mag": 18.9873,
        "mag_err": 0.0931294,
        "locus_id": "ZTF19acardcs"
    },
    "10": {
        "mjd": 58762.165463,
        "passband": 2,
        "mag": 18.9338,
        "mag_err": 0.0824903,
        "locus_id": "ZTF19acardcs"
    },
    "11": {
        "mjd": 58762.193321800005,
        "passband": 1,
        "mag": 19.0965,
        "mag_err": 0.119664,
        "locus_id": "ZTF19acardcs"
    },
    "12": {
        "mjd": 58764.3352199,
        "passband": 1,
        "mag": 19.1848,
        "mag_err": 0.140689,
        "locus_id": "ZTF19acardcs"
    },
    "13": {
        "mjd": 58774.1933449,
        "passband": 2,
        "mag": 19.4578,
        "mag_err": 0.122918,
        "locus_id": "ZTF19acardcs"
    },
    "14": {
        "mjd": 58777.191388900006,
        "passband": 2,
        "mag": 19.4621,
        "mag_err": 0.134415,
        "locus_id": "ZTF19acardcs"
    }
}