{
    "0": {
        "mjd": 58491.49280090001,
        "passband": 1,
        "mag": 19.7419,
        "mag_err": 0.18946400000000002,
        "locus_id": "ZTF18aacdbzx"
    },
    "1": {
        "mjd": 58491.506851900005,
        "passband": 1,
        "mag": 19.6041,
        "mag_err": 0.13667100000000001,
        "locus_id": "ZTF18aacdbzx"
    },
    "2": {
        "mjd": 58494.5115972,
        "passband": 1,
        "mag": 19.4895,
        "mag_err": 0.108626,
        "locus_id": "ZTF18aacdbzx"
    },
    "3": {
        "mjd": 58494.5307755,
        "passband": 1,
        "mag": 19.4321,
        "mag_err": 0.12404000000000001,
        "locus_id": "ZTF18aacdbzx"
    },
    "4": {
        "mjd": 58494.555960599995,
        "passband": 2,
        "mag": 19.3218,
        "mag_err": 0.139265,
        "locus_id": "ZTF18aacdbzx"
    },
    "5": {
        "mjd": 58494.5569097,
        "passband": 2,
        "mag": 19.2346,
        "mag_err": 0.08164819999999999,
        "locus_id": "ZTF18aacdbzx"
    },
    "6": {
        "mjd": 58502.55591440001,
        "passband": 2,
        "mag": 19.14,
        "mag_err": 0.0897558,
        "locus_id": "ZTF18aacdbzx"
    },
    "7": {
        "mjd": 58502.5573148,
        "passband": 2,
        "mag": 19.028,
        "mag_err": 0.11222599999999999,
        "locus_id": "ZTF18aacdbzx"
    },
    "8": {
        "mjd": 58505.53854169999,
        "passband": 2,
        "mag": 19.1131,
        "mag_err": 0.204871,
        "locus_id": "ZTF18aacdbzx"
    },
    "9": {
        "mjd": 58508.4887269,
        "passband": 2,
        "mag": 19.2285,
        "mag_err": 0.147251,
        "locus_id": "ZTF18aacdbzx"
    },
    "10": {
        "mjd": 58508.50667819999,
        "passband": 2,
        "mag": 19.1521,
        "mag_err": 0.114888,
        "locus_id": "ZTF18aacdbzx"
    },
    "11": {
        "mjd": 58508.55229169999,
        "passband": 1,
        "mag": 19.6935,
        "mag_err": 0.194578,
        "locus_id": "ZTF18aacdbzx"
    },
    "12": {
        "mjd": 58511.4845255,
        "passband": 1,
        "mag": 19.928,
        "mag_err": 0.217054,
        "locus_id": "ZTF18aacdbzx"
    },
    "13": {
        "mjd": 58511.5341551,
        "passband": 2,
        "mag": 19.3978,
        "mag_err": 0.15853,
        "locus_id": "ZTF18aacdbzx"
    },
    "14": {
        "mjd": 58522.538194400004,
        "passband": 2,
        "mag": 19.815,
        "mag_err": 0.160218,
        "locus_id": "ZTF18aacdbzx"
    }
}