{
    "0": {
        "mjd": 58476.4952431,
        "passband": 2,
        "mag": 18.248,
        "mag_err": 0.0997435,
        "locus_id": "ZTF18acwzxhr"
    },
    "1": {
        "mjd": 58481.4810417,
        "passband": 2,
        "mag": 18.312,
        "mag_err": 0.0704565,
        "locus_id": "ZTF18acwzxhr"
    },
    "2": {
        "mjd": 58481.52201390001,
        "passband": 2,
        "mag": 18.3575,
        "mag_err": 0.0870522,
        "locus_id": "ZTF18acwzxhr"
    },
    "3": {
        "mjd": 58487.434548599995,
        "passband": 2,
        "mag": 18.4252,
        "mag_err": 0.0741215,
        "locus_id": "ZTF18acwzxhr"
    },
    "4": {
        "mjd": 58494.4577778,
        "passband": 2,
        "mag": 18.4434,
        "mag_err": 0.0751419,
        "locus_id": "ZTF18acwzxhr"
    },
    "5": {
        "mjd": 58508.4609375,
        "passband": 2,
        "mag": 18.488,
        "mag_err": 0.141189,
        "locus_id": "ZTF18acwzxhr"
    },
    "6": {
        "mjd": 58511.39989580001,
        "passband": 2,
        "mag": 18.5007,
        "mag_err": 0.0722844,
        "locus_id": "ZTF18acwzxhr"
    },
    "7": {
        "mjd": 58543.264537,
        "passband": 2,
        "mag": 18.5381,
        "mag_err": 0.14007999999999998,
        "locus_id": "ZTF18acwzxhr"
    },
    "8": {
        "mjd": 58556.2737963,
        "passband": 2,
        "mag": 18.6062,
        "mag_err": 0.092792,
        "locus_id": "ZTF18acwzxhr"
    },
    "9": {
        "mjd": 58559.25182869999,
        "passband": 2,
        "mag": 18.6461,
        "mag_err": 0.11889200000000001,
        "locus_id": "ZTF18acwzxhr"
    },
    "10": {
        "mjd": 58567.2324653,
        "passband": 2,
        "mag": 18.6099,
        "mag_err": 0.09349919999999999,
        "locus_id": "ZTF18acwzxhr"
    },
    "11": {
        "mjd": 58572.27291669999,
        "passband": 2,
        "mag": 18.7208,
        "mag_err": 0.204596,
        "locus_id": "ZTF18acwzxhr"
    },
    "12": {
        "mjd": 58580.2288079,
        "passband": 2,
        "mag": 18.5994,
        "mag_err": 0.0955177,
        "locus_id": "ZTF18acwzxhr"
    },
    "13": {
        "mjd": 58580.230856500006,
        "passband": 1,
        "mag": 20.1953,
        "mag_err": 0.24541999999999997,
        "locus_id": "ZTF18acwzxhr"
    },
    "14": {
        "mjd": 58583.257800900006,
        "passband": 2,
        "mag": 18.5682,
        "mag_err": 0.1009,
        "locus_id": "ZTF18acwzxhr"
    },
    "15": {
        "mjd": 58586.212546300005,
        "passband": 2,
        "mag": 18.737000000000002,
        "mag_err": 0.1376,
        "locus_id": "ZTF18acwzxhr"
    },
    "16": {
        "mjd": 58598.1847454,
        "passband": 2,
        "mag": 18.7528,
        "mag_err": 0.087232,
        "locus_id": "ZTF18acwzxhr"
    },
    "17": {
        "mjd": 58601.255289400004,
        "passband": 2,
        "mag": 18.7674,
        "mag_err": 0.10403399999999999,
        "locus_id": "ZTF18acwzxhr"
    },
    "18": {
        "mjd": 58606.1486574,
        "passband": 1,
        "mag": 19.6751,
        "mag_err": 0.22818400000000003,
        "locus_id": "ZTF18acwzxhr"
    },
    "19": {
        "mjd": 58606.1888773,
        "passband": 2,
        "mag": 18.7166,
        "mag_err": 0.106523,
        "locus_id": "ZTF18acwzxhr"
    },
    "20": {
        "mjd": 58638.1817824,
        "passband": 1,
        "mag": 19.7734,
        "mag_err": 0.169905,
        "locus_id": "ZTF18acwzxhr"
    },
    "21": {
        "mjd": 58638.2123495,
        "passband": 2,
        "mag": 18.9132,
        "mag_err": 0.111437,
        "locus_id": "ZTF18acwzxhr"
    },
    "22": {
        "mjd": 58836.502662,
        "passband": 2,
        "mag": 19.6362,
        "mag_err": 0.266268,
        "locus_id": "ZTF18acwzxhr"
    },
    "23": {
        "mjd": 58836.54726849999,
        "passband": 1,
        "mag": 18.8345,
        "mag_err": 0.10753199999999999,
        "locus_id": "ZTF18acwzxhr"
    },
    "24": {
        "mjd": 58849.455416699995,
        "passband": 2,
        "mag": 19.442,
        "mag_err": 0.198679,
        "locus_id": "ZTF18acwzxhr"
    },
    "25": {
        "mjd": 58849.4989931,
        "passband": 1,
        "mag": 18.8986,
        "mag_err": 0.120993,
        "locus_id": "ZTF18acwzxhr"
    },
    "26": {
        "mjd": 58852.501412,
        "passband": 1,
        "mag": 18.8942,
        "mag_err": 0.106628,
        "locus_id": "ZTF18acwzxhr"
    },
    "27": {
        "mjd": 58864.318738400005,
        "passband": 2,
        "mag": 19.1821,
        "mag_err": 0.153157,
        "locus_id": "ZTF18acwzxhr"
    },
    "28": {
        "mjd": 58873.330138900004,
        "passband": 2,
        "mag": 19.3664,
        "mag_err": 0.17423,
        "locus_id": "ZTF18acwzxhr"
    },
    "29": {
        "mjd": 58873.3975,
        "passband": 1,
        "mag": 18.8912,
        "mag_err": 0.100977,
        "locus_id": "ZTF18acwzxhr"
    },
    "30": {
        "mjd": 58876.3383681,
        "passband": 2,
        "mag": 19.5513,
        "mag_err": 0.26721999999999996,
        "locus_id": "ZTF18acwzxhr"
    },
    "31": {
        "mjd": 58876.38,
        "passband": 1,
        "mag": 18.837,
        "mag_err": 0.0944562,
        "locus_id": "ZTF18acwzxhr"
    },
    "32": {
        "mjd": 58876.38,
        "passband": 1,
        "mag": 18.8384,
        "mag_err": 0.09500700000000001,
        "locus_id": "ZTF18acwzxhr"
    },
    "33": {
        "mjd": 58885.42207180001,
        "passband": 1,
        "mag": 18.9701,
        "mag_err": 0.18673599999999999,
        "locus_id": "ZTF18acwzxhr"
    },
    "34": {
        "mjd": 58888.2737153,
        "passband": 1,
        "mag": 18.8105,
        "mag_err": 0.237144,
        "locus_id": "ZTF18acwzxhr"
    },
    "35": {
        "mjd": 58892.3559259,
        "passband": 1,
        "mag": 19.0025,
        "mag_err": 0.143986,
        "locus_id": "ZTF18acwzxhr"
    },
    "36": {
        "mjd": 58895.380891199995,
        "passband": 1,
        "mag": 18.9371,
        "mag_err": 0.100561,
        "locus_id": "ZTF18acwzxhr"
    },
    "37": {
        "mjd": 58898.3349306,
        "passband": 2,
        "mag": 19.3806,
        "mag_err": 0.155348,
        "locus_id": "ZTF18acwzxhr"
    },
    "38": {
        "mjd": 58898.3773495,
        "passband": 1,
        "mag": 18.8654,
        "mag_err": 0.090462,
        "locus_id": "ZTF18acwzxhr"
    },
    "39": {
        "mjd": 58904.24969909999,
        "passband": 2,
        "mag": 19.3778,
        "mag_err": 0.13501300000000002,
        "locus_id": "ZTF18acwzxhr"
    },
    "40": {
        "mjd": 58915.23291669999,
        "passband": 1,
        "mag": 19.0437,
        "mag_err": 0.18393800000000002,
        "locus_id": "ZTF18acwzxhr"
    },
    "41": {
        "mjd": 58940.23251159999,
        "passband": 2,
        "mag": 19.0844,
        "mag_err": 0.20671199999999998,
        "locus_id": "ZTF18acwzxhr"
    },
    "42": {
        "mjd": 58955.18185190001,
        "passband": 1,
        "mag": 18.8062,
        "mag_err": 0.102822,
        "locus_id": "ZTF18acwzxhr"
    },
    "43": {
        "mjd": 58955.2500694,
        "passband": 2,
        "mag": 19.4496,
        "mag_err": 0.156417,
        "locus_id": "ZTF18acwzxhr"
    },
    "44": {
        "mjd": 58963.18895830001,
        "passband": 1,
        "mag": 18.8599,
        "mag_err": 0.11463499999999999,
        "locus_id": "ZTF18acwzxhr"
    },
    "45": {
        "mjd": 58963.253518499994,
        "passband": 1,
        "mag": 18.9013,
        "mag_err": 0.102526,
        "locus_id": "ZTF18acwzxhr"
    },
    "46": {
        "mjd": 58977.1685301,
        "passband": 1,
        "mag": 18.8076,
        "mag_err": 0.20786,
        "locus_id": "ZTF18acwzxhr"
    },
    "47": {
        "mjd": 58981.170208300005,
        "passband": 1,
        "mag": 18.8882,
        "mag_err": 0.10419400000000001,
        "locus_id": "ZTF18acwzxhr"
    },
    "48": {
        "mjd": 58987.1685417,
        "passband": 2,