{
    "0": {
        "mjd": 58846.259919000004,
        "passband": 2,
        "mag": 19.2013,
        "mag_err": 0.0995397,
        "locus_id": "ZTF19adbsfpf"
    },
    "1": {
        "mjd": 58849.1327431,
        "passband": 1,
        "mag": 19.1419,
        "mag_err": 0.095275,
        "locus_id": "ZTF19adbsfpf"
    },
    "2": {
        "mjd": 58849.17311340001,
        "passband": 2,
        "mag": 18.9919,
        "mag_err": 0.109614,
        "locus_id": "ZTF19adbsfpf"
    },
    "3": {
        "mjd": 58851.150949099996,
        "passband": 1,
        "mag": 19.0944,
        "mag_err": 0.156905,
        "locus_id": "ZTF19adbsfpf"
    },
    "4": {
        "mjd": 58852.1306944,
        "passband": 1,
        "mag": 18.9835,
        "mag_err": 0.117584,
        "locus_id": "ZTF19adbsfpf"
    },
    "5": {
        "mjd": 58852.171088,
        "passband": 2,
        "mag": 18.7616,
        "mag_err": 0.07316260000000001,
        "locus_id": "ZTF19adbsfpf"
    },
    "6": {
        "mjd": 58852.18185190001,
        "passband": 2,
        "mag": 18.8355,
        "mag_err": 0.092422,
        "locus_id": "ZTF19adbsfpf"
    },
    "7": {
        "mjd": 58853.1529745,
        "passband": 2,
        "mag": 18.9415,
        "mag_err": 0.15318900000000002,
        "locus_id": "ZTF19adbsfpf"
    },
    "8": {
        "mjd": 58859.191076400006,
        "passband": 2,
        "mag": 18.8691,
        "mag_err": 0.101227,
        "locus_id": "ZTF19adbsfpf"
    },
    "9": {
        "mjd": 58859.2247569,
        "passband": 2,
        "mag": 18.8439,
        "mag_err": 0.121109,
        "locus_id": "ZTF19adbsfpf"
    },
    "10": {
        "mjd": 58860.1614352,
        "passband": 2,
        "mag": 18.8557,
        "mag_err": 0.09861410000000001,
        "locus_id": "ZTF19adbsfpf"
    },
    "11": {
        "mjd": 58861.1496296,
        "passband": 2,
        "mag": 18.8453,
        "mag_err": 0.09724400000000001,
        "locus_id": "ZTF19adbsfpf"
    },
    "12": {
        "mjd": 58862.2280324,
        "passband": 2,
        "mag": 18.99,
        "mag_err": 0.08826,
        "locus_id": "ZTF19adbsfpf"
    },
    "13": {
        "mjd": 58863.138923599996,
        "passband": 1,
        "mag": 19.4999,
        "mag_err": 0.317245,
        "locus_id": "ZTF19adbsfpf"
    },
    "14": {
        "mjd": 58867.178009300005,
        "passband": 1,
        "mag": 19.7646,
        "mag_err": 0.34772600000000004,
        "locus_id": "ZTF19adbsfpf"
    },
    "15": {
        "mjd": 58867.2369329,
        "passband": 2,
        "mag": 19.4188,
        "mag_err": 0.107075,
        "locus_id": "ZTF19adbsfpf"
    },
    "16": {
        "mjd": 58873.18048609999,
        "passband": 2,
        "mag": 19.5214,
        "mag_err": 0.118644,
        "locus_id": "ZTF19adbsfpf"
    },
    "17": {
        "mjd": 58874.1301505,
        "passband": 2,
        "mag": 19.4491,
        "mag_err": 0.172276,
        "locus_id": "ZTF19adbsfpf"
    }
}