{
    "0": {
        "mjd": 58695.432731500005,
        "passband": 1,
        "mag": 20.2344,
        "mag_err": 0.17461300000000002,
        "locus_id": "ZTF19ablfcjr"
    },
    "1": {
        "mjd": 58697.41844909999,
        "passband": 2,
        "mag": 19.8735,
        "mag_err": 0.17783,
        "locus_id": "ZTF19ablfcjr"
    },
    "2": {
        "mjd": 58700.3990162,
        "passband": 2,
        "mag": 19.2362,
        "mag_err": 0.0962855,
        "locus_id": "ZTF19ablfcjr"
    },
    "3": {
        "mjd": 58703.4601505,
        "passband": 1,
        "mag": 18.8782,
        "mag_err": 0.0916553,
        "locus_id": "ZTF19ablfcjr"
    },
    "4": {
        "mjd": 58707.463263900005,
        "passband": 2,
        "mag": 18.7191,
        "mag_err": 0.07752139999999999,
        "locus_id": "ZTF19ablfcjr"
    },
    "5": {
        "mjd": 58710.38136569999,
        "passband": 2,
        "mag": 18.7657,
        "mag_err": 0.144723,
        "locus_id": "ZTF19ablfcjr"
    },
    "6": {
        "mjd": 58710.4628704,
        "passband": 1,
        "mag": 18.8837,
        "mag_err": 0.154382,
        "locus_id": "ZTF19ablfcjr"
    },
    "7": {
        "mjd": 58715.37738430001,
        "passband": 2,
        "mag": 18.8345,
        "mag_err": 0.118533,
        "locus_id": "ZTF19ablfcjr"
    },
    "8": {
        "mjd": 58718.3983449,
        "passband": 1,
        "mag": 19.1727,
        "mag_err": 0.145635,
        "locus_id": "ZTF19ablfcjr"
    },
    "9": {
        "mjd": 58719.436713,
        "passband": 2,
        "mag": 19.067999999999998,
        "mag_err": 0.11561800000000001,
        "locus_id": "ZTF19ablfcjr"
    },
    "10": {
        "mjd": 58724.4008449,
        "passband": 2,
        "mag": 19.3039,
        "mag_err": 0.126338,
        "locus_id": "ZTF19ablfcjr"
    },
    "11": {
        "mjd": 58724.4214931,
        "passband": 1,
        "mag": 19.7769,
        "mag_err": 0.16130999999999998,
        "locus_id": "ZTF19ablfcjr"
    },
    "12": {
        "mjd": 58727.377314800004,
        "passband": 1,
        "mag": 19.8945,
        "mag_err": 0.159899,
        "locus_id": "ZTF19ablfcjr"
    },
    "13": {
        "mjd": 58730.331701400006,
        "passband": 1,
        "mag": 20.1197,
        "mag_err": 0.200487,
        "locus_id": "ZTF19ablfcjr"
    },
    "14": {
        "mjd": 58730.37708330001,
        "passband": 2,
        "mag": 19.532,
        "mag_err": 0.145477,
        "locus_id": "ZTF19ablfcjr"
    },
    "15": {
        "mjd": 58737.333009300004,
        "passband": 2,
        "mag": 19.4206,
        "mag_err": 0.174345,
        "locus_id": "ZTF19ablfcjr"
    }
}