{
    "0": {
        "mjd": 58674.4470023,
        "passband": 1,
        "mag": 18.6758,
        "mag_err": 0.08222280000000001,
        "locus_id": "ZTF19abfqhis"
    },
    "1": {
        "mjd": 58674.484212999996,
        "passband": 2,
        "mag": 18.8235,
        "mag_err": 0.0972207,
        "locus_id": "ZTF19abfqhis"
    },
    "2": {
        "mjd": 58679.4533796,
        "passband": 1,
        "mag": 18.8671,
        "mag_err": 0.15048,
        "locus_id": "ZTF19abfqhis"
    },
    "3": {
        "mjd": 58682.42333330001,
        "passband": 2,
        "mag": 18.7509,
        "mag_err": 0.110569,
        "locus_id": "ZTF19abfqhis"
    },
    "4": {
        "mjd": 58682.4866319,
        "passband": 1,
        "mag": 18.9796,
        "mag_err": 0.147002,
        "locus_id": "ZTF19abfqhis"
    },
    "5": {
        "mjd": 58685.444571800006,
        "passband": 2,
        "mag": 18.9548,
        "mag_err": 0.0936525,
        "locus_id": "ZTF19abfqhis"
    },
    "6": {
        "mjd": 58685.48017359999,
        "passband": 1,
        "mag": 19.1282,
        "mag_err": 0.14638099999999998,
        "locus_id": "ZTF19abfqhis"
    },
    "7": {
        "mjd": 58693.45432869999,
        "passband": 1,
        "mag": 19.9567,
        "mag_err": 0.13806500000000002,
        "locus_id": "ZTF19abfqhis"
    },
    "8": {
        "mjd": 58693.4759838,
        "passband": 2,
        "mag": 19.4393,
        "mag_err": 0.09114580000000001,
        "locus_id": "ZTF19abfqhis"
    },
    "9": {
        "mjd": 58696.48317130001,
        "passband": 2,
        "mag": 19.4411,
        "mag_err": 0.0771058,
        "locus_id": "ZTF19abfqhis"
    },
    "10": {
        "mjd": 58699.47449069999,
        "passband": 1,
        "mag": 20.5562,
        "mag_err": 0.175596,
        "locus_id": "ZTF19abfqhis"
    },
    "11": {
        "mjd": 58699.48519680001,
        "passband": 2,
        "mag": 19.5548,
        "mag_err": 0.104274,
        "locus_id": "ZTF19abfqhis"
    },
    "12": {
        "mjd": 58703.4394329,
        "passband": 2,
        "mag": 19.6611,
        "mag_err": 0.09847869999999999,
        "locus_id": "ZTF19abfqhis"
    },
    "13": {
        "mjd": 58703.4947801,
        "passband": 1,
        "mag": 20.7199,
        "mag_err": 0.28938,
        "locus_id": "ZTF19abfqhis"
    },
    "14": {
        "mjd": 58706.463888900005,
        "passband": 1,
        "mag": 20.9855,
        "mag_err": 0.281398,
        "locus_id": "ZTF19abfqhis"
    },
    "15": {
        "mjd": 58706.48223380001,
        "passband": 2,
        "mag": 19.7037,
        "mag_err": 0.106546,
        "locus_id": "ZTF19abfqhis"
    }
}