{
    "0": {
        "mjd": 58812.1503472,
        "passband": 1,
        "mag": 20.9689,
        "mag_err": 0.304454,
        "locus_id": "ZTF19acvwllm"
    },
    "1": {
        "mjd": 58812.240509300005,
        "passband": 2,
        "mag": 20.9686,
        "mag_err": 0.380552,
        "locus_id": "ZTF19acvwllm"
    },
    "2": {
        "mjd": 58814.153020800004,
        "passband": 2,
        "mag": 20.0638,
        "mag_err": 0.198448,
        "locus_id": "ZTF19acvwllm"
    },
    "3": {
        "mjd": 58814.1873495,
        "passband": 2,
        "mag": 20.067999999999998,
        "mag_err": 0.214331,
        "locus_id": "ZTF19acvwllm"
    },
    "4": {
        "mjd": 58819.11420140001,
        "passband": 2,
        "mag": 19.204,
        "mag_err": 0.22873600000000002,
        "locus_id": "ZTF19acvwllm"
    },
    "5": {
        "mjd": 58819.159421300006,
        "passband": 2,
        "mag": 18.9898,
        "mag_err": 0.0796992,
        "locus_id": "ZTF19acvwllm"
    },
    "6": {
        "mjd": 58819.2148032,
        "passband": 1,
        "mag": 18.8814,
        "mag_err": 0.082467,
        "locus_id": "ZTF19acvwllm"
    },
    "7": {
        "mjd": 58820.158588,
        "passband": 1,
        "mag": 18.7719,
        "mag_err": 0.0949342,
        "locus_id": "ZTF19acvwllm"
    },
    "8": {
        "mjd": 58820.179398099994,
        "passband": 1,
        "mag": 18.6208,
        "mag_err": 0.135731,
        "locus_id": "ZTF19acvwllm"
    },
    "9": {
        "mjd": 58828.11927080001,
        "passband": 1,
        "mag": 18.5058,
        "mag_err": 0.186116,
        "locus_id": "ZTF19acvwllm"
    },
    "10": {
        "mjd": 58828.2052546,
        "passband": 2,
        "mag": 18.4295,
        "mag_err": 0.13083399999999998,
        "locus_id": "ZTF19acvwllm"
    },
    "11": {
        "mjd": 58829.110324099995,
        "passband": 1,
        "mag": 18.4625,
        "mag_err": 0.10195499999999999,
        "locus_id": "ZTF19acvwllm"
    },
    "12": {
        "mjd": 58830.17782409999,
        "passband": 1,
        "mag": 18.4804,
        "mag_err": 0.0957177,
        "locus_id": "ZTF19acvwllm"
    },
    "13": {
        "mjd": 58830.237580999994,
        "passband": 2,
        "mag": 18.5199,
        "mag_err": 0.09295210000000001,
        "locus_id": "ZTF19acvwllm"
    },
    "14": {
        "mjd": 58830.28576390001,
        "passband": 2,
        "mag": 18.4377,
        "mag_err": 0.0646061,
        "locus_id": "ZTF19acvwllm"
    },
    "15": {
        "mjd": 58831.0958796,
        "passband": 2,
        "mag": 18.4619,
        "mag_err": 0.07941039999999999,
        "locus_id": "ZTF19acvwllm"
    },
    "16": {
        "mjd": 58831.11778940001,
        "passband": 1,
        "mag": 18.4722,
        "mag_err": 0.0846572,
        "locus_id": "ZTF19acvwllm"
    },
    "17": {
        "mjd": 58831.2000347,
        "passband": 1,
        "mag": 18.4841,
        "mag_err": 0.077151,
        "locus_id": "ZTF19acvwllm"
    },
    "18": {
        "mjd": 58833.097419000005,
        "passband": 2,
        "mag": 18.6102,
        "mag_err": 0.0780011,
        "locus_id": "ZTF19acvwllm"
    },
    "19": {
        "mjd": 58833.135544000004,
        "passband": 1,
        "mag": 18.575,
        "mag_err": 0.09311649999999999,
        "locus_id": "ZTF19acvwllm"
    },
    "20": {
        "mjd": 58836.103796300005,
        "passband": 2,
        "mag": 18.6914,
        "mag_err": 0.062215099999999995,
        "locus_id": "ZTF19acvwllm"
    },
    "21": {
        "mjd": 58836.1443866,
        "passband": 1,
        "mag": 18.7766,
        "mag_err": 0.056832799999999996,
        "locus_id": "ZTF19acvwllm"
    },
    "22": {
        "mjd": 58837.07967590001,
        "passband": 2,
        "mag": 18.6628,
        "mag_err": 0.0631896,
        "locus_id": "ZTF19acvwllm"
    },
    "23": {
        "mjd": 58837.1423148,
        "passband": 1,
        "mag": 18.8161,
        "mag_err": 0.06558489999999999,
        "locus_id": "ZTF19acvwllm"
    },
    "24": {
        "mjd": 58846.14248840001,
        "passband": 2,
        "mag": 19.0177,
        "mag_err": 0.0890718,
        "locus_id": "ZTF19acvwllm"
    },
    "25": {
        "mjd": 58849.07988430001,
        "passband": 2,
        "mag": 19.1553,
        "mag_err": 0.0721697,
        "locus_id": "ZTF19acvwllm"
    },
    "26": {
        "mjd": 58849.0865625,
        "passband": 1,
        "mag": 19.8918,
        "mag_err": 0.136071,
        "locus_id": "ZTF19acvwllm"
    },
    "27": {
        "mjd": 58849.0894907,
        "passband": 1,
        "mag": 19.817,
        "mag_err": 0.11514100000000001,
        "locus_id": "ZTF19acvwllm"
    },
    "28": {
        "mjd": 58849.15204859999,
        "passband": 2,
        "mag": 19.0986,
        "mag_err": 0.0873937,
        "locus_id": "ZTF19acvwllm"
    },
    "29": {
        "mjd": 58850.1247801,
        "passband": 2,
        "mag": 18.7246,
        "mag_err": 0.180111,
        "locus_id": "ZTF19acvwllm"
    },
    "30": {
        "mjd": 58852.15582180001,
        "passband": 2,
        "mag": 19.221,
        "mag_err": 0.0941424,
        "locus_id": "ZTF19acvwllm"
    },
    "31": {
        "mjd": 58854.1339005,
        "passband": 2,
        "mag": 19.2546,
        "mag_err": 0.198401,
        "locus_id": "ZTF19acvwllm"
    },
    "32": {
        "mjd": 58855.19357640001,
        "passband": 2,
        "mag": 19.434,
        "mag_err": 0.169011,
        "locus_id": "ZTF19acvwllm"
    },
    "33": {
        "mjd": 58860.17785880001,
        "passband": 2,
        "mag": 19.4391,
        "mag_err": 0.20940799999999998,
        "locus_id": "ZTF19acvwllm"
    },
    "34": {
        "mjd": 58862.1138079,
        "passband": 1,
        "mag": 20.8289,
        "mag_err": 0.274385,
        "locus_id": "ZTF19acvwllm"
    },
    "35": {
        "mjd": 58864.1252431,
        "passband": 1,
        "mag": 20.8479,
        "mag_err": 0.300673,
        "locus_id": "ZTF19acvwllm"
    },
    "36": {
        "mjd": 58871.0910995,
        "passband": 2,
        "mag": 19.8255,
        "mag_err": 0.160588,
        "locus_id": "ZTF19acvwllm"
    }
}