{
    "0": {
        "mjd": 58764.49167819999,
        "passband": 2,
        "mag": 19.6148,
        "mag_err": 0.15246800000000002,
        "locus_id": "ZTF19acdtpow"
    },
    "1": {
        "mjd": 58764.5151736,
        "passband": 1,
        "mag": 19.7711,
        "mag_err": 0.15063,
        "locus_id": "ZTF19acdtpow"
    },
    "2": {
        "mjd": 58767.49135419999,
        "passband": 1,
        "mag": 18.8761,
        "mag_err": 0.116727,
        "locus_id": "ZTF19acdtpow"
    },
    "3": {
        "mjd": 58770.4914236,
        "passband": 2,
        "mag": 18.5333,
        "mag_err": 0.10276400000000001,
        "locus_id": "ZTF19acdtpow"
    },
    "4": {
        "mjd": 58770.53375,
        "passband": 1,
        "mag": 18.4291,
        "mag_err": 0.117604,
        "locus_id": "ZTF19acdtpow"
    },
    "5": {
        "mjd": 58776.50751159999,
        "passband": 2,
        "mag": 18.3493,
        "mag_err": 0.0829986,
        "locus_id": "ZTF19acdtpow"
    },
    "6": {
        "mjd": 58776.53298609999,
        "passband": 1,
        "mag": 18.2364,
        "mag_err": 0.0688162,
        "locus_id": "ZTF19acdtpow"
    },
    "7": {
        "mjd": 58779.5115625,
        "passband": 1,
        "mag": 18.2445,
        "mag_err": 0.0727545,
        "locus_id": "ZTF19acdtpow"
    },
    "8": {
        "mjd": 58785.46864580001,
        "passband": 1,
        "mag": 18.519000000000002,
        "mag_err": 0.08292519999999999,
        "locus_id": "ZTF19acdtpow"
    },
    "9": {
        "mjd": 58785.5061574,
        "passband": 2,
        "mag": 18.4914,
        "mag_err": 0.08366889999999999,
        "locus_id": "ZTF19acdtpow"
    },
    "10": {
        "mjd": 58788.51482640001,
        "passband": 1,
        "mag": 18.7798,
        "mag_err": 0.0761672,
        "locus_id": "ZTF19acdtpow"
    },
    "11": {
        "mjd": 58788.5353009,
        "passband": 2,
        "mag": 18.6529,
        "mag_err": 0.09236169999999999,
        "locus_id": "ZTF19acdtpow"
    },
    "12": {
        "mjd": 58791.5123727,
        "passband": 2,
        "mag": 18.9581,
        "mag_err": 0.08166,
        "locus_id": "ZTF19acdtpow"
    },
    "13": {
        "mjd": 58794.53635419999,
        "passband": 2,
        "mag": 18.8631,
        "mag_err": 0.0894469,
        "locus_id": "ZTF19acdtpow"
    },
    "14": {
        "mjd": 58798.553333300006,
        "passband": 1,
        "mag": 19.917,
        "mag_err": 0.235556,
        "locus_id": "ZTF19acdtpow"
    },
    "15": {
        "mjd": 58804.5524074,
        "passband": 2,
        "mag": 19.1248,
        "mag_err": 0.13802899999999999,
        "locus_id": "ZTF19acdtpow"
    },
    "16": {
        "mjd": 58806.5427083,
        "passband": 2,
        "mag": 19.2921,
        "mag_err": 0.09968450000000001,
        "locus_id": "ZTF19acdtpow"
    },
    "17": {
        "mjd": 58812.4275579,
        "passband": 1,
        "mag": 20.603,
        "mag_err": 0.215354,
        "locus_id": "ZTF19acdtpow"
    }
}