{
    "0": {
        "mjd": 58336.21276619999,
        "passband": 2,
        "mag": 19.9278,
        "mag_err": 0.128904,
        "locus_id": "ZTF18ablqkud"
    },
    "1": {
        "mjd": 58340.1843519,
        "passband": 2,
        "mag": 19.4158,
        "mag_err": 0.151841,
        "locus_id": "ZTF18ablqkud"
    },
    "2": {
        "mjd": 58343.16335650001,
        "passband": 2,
        "mag": 19.1355,
        "mag_err": 0.0815209,
        "locus_id": "ZTF18ablqkud"
    },
    "3": {
        "mjd": 58343.1831597,
        "passband": 1,
        "mag": 19.2573,
        "mag_err": 0.119682,
        "locus_id": "ZTF18ablqkud"
    },
    "4": {
        "mjd": 58346.16076390001,
        "passband": 1,
        "mag": 19.2241,
        "mag_err": 0.147697,
        "locus_id": "ZTF18ablqkud"
    },
    "5": {
        "mjd": 58346.182546300006,
        "passband": 2,
        "mag": 19.0801,
        "mag_err": 0.08620549999999999,
        "locus_id": "ZTF18ablqkud"
    },
    "6": {
        "mjd": 58350.147581,
        "passband": 2,
        "mag": 18.9267,
        "mag_err": 0.0884143,
        "locus_id": "ZTF18ablqkud"
    },
    "7": {
        "mjd": 58350.24939809999,
        "passband": 1,
        "mag": 19.2573,
        "mag_err": 0.172477,
        "locus_id": "ZTF18ablqkud"
    },
    "8": {
        "mjd": 58353.1474653,
        "passband": 2,
        "mag": 19.1538,
        "mag_err": 0.12498499999999998,
        "locus_id": "ZTF18ablqkud"
    },
    "9": {
        "mjd": 58353.267928199995,
        "passband": 2,
        "mag": 19.2909,
        "mag_err": 0.185226,
        "locus_id": "ZTF18ablqkud"
    },
    "10": {
        "mjd": 58356.2111921,
        "passband": 2,
        "mag": 19.1149,
        "mag_err": 0.15696300000000002,
        "locus_id": "ZTF18ablqkud"
    },
    "11": {
        "mjd": 58359.2124074,
        "passband": 2,
        "mag": 19.255,
        "mag_err": 0.15146400000000002,
        "locus_id": "ZTF18ablqkud"
    },
    "12": {
        "mjd": 58362.1361458,
        "passband": 2,
        "mag": 19.6591,
        "mag_err": 0.143492,
        "locus_id": "ZTF18ablqkud"
    },
    "13": {
        "mjd": 58365.1333912,
        "passband": 2,
        "mag": 19.677,
        "mag_err": 0.146477,
        "locus_id": "ZTF18ablqkud"
    },
    "14": {
        "mjd": 58368.130520800005,
        "passband": 2,
        "mag": 19.6714,
        "mag_err": 0.149508,
        "locus_id": "ZTF18ablqkud"
    },
    "15": {
        "mjd": 58371.1340972,
        "passband": 2,
        "mag": 19.8657,
        "mag_err": 0.168174,
        "locus_id": "ZTF18ablqkud"
    },
    "16": {
        "mjd": 58374.12982640001,
        "passband": 2,
        "mag": 19.8608,
        "mag_err": 0.163177,
        "locus_id": "ZTF18ablqkud"
    }
}