{
    "0": {
        "mjd": 58696.43883099999,
        "passband": 1,
        "mag": 19.6007,
        "mag_err": 0.13872400000000001,
        "locus_id": "ZTF19ablovot"
    },
    "1": {
        "mjd": 58696.4392824,
        "passband": 1,
        "mag": 19.5926,
        "mag_err": 0.134108,
        "locus_id": "ZTF19ablovot"
    },
    "2": {
        "mjd": 58696.481759300004,
        "passband": 2,
        "mag": 19.3415,
        "mag_err": 0.0985307,
        "locus_id": "ZTF19ablovot"
    },
    "3": {
        "mjd": 58696.48221059999,
        "passband": 2,
        "mag": 19.449,
        "mag_err": 0.11672,
        "locus_id": "ZTF19ablovot"
    },
    "4": {
        "mjd": 58699.4568981,
        "passband": 1,
        "mag": 18.5982,
        "mag_err": 0.086832,
        "locus_id": "ZTF19ablovot"
    },
    "5": {
        "mjd": 58699.4815394,
        "passband": 2,
        "mag": 18.337,
        "mag_err": 0.0781613,
        "locus_id": "ZTF19ablovot"
    },
    "6": {
        "mjd": 58703.424108800005,
        "passband": 2,
        "mag": 17.7622,
        "mag_err": 0.0422405,
        "locus_id": "ZTF19ablovot"
    },
    "7": {
        "mjd": 58703.4993056,
        "passband": 1,
        "mag": 17.7847,
        "mag_err": 0.059076699999999996,
        "locus_id": "ZTF19ablovot"
    },
    "8": {
        "mjd": 58704.41885419999,
        "passband": 1,
        "mag": 17.7017,
        "mag_err": 0.0544524,
        "locus_id": "ZTF19ablovot"
    },
    "9": {
        "mjd": 58704.461817100004,
        "passband": 2,
        "mag": 17.6572,
        "mag_err": 0.0504903,
        "locus_id": "ZTF19ablovot"
    },
    "10": {
        "mjd": 58706.4606944,
        "passband": 1,
        "mag": 17.5522,
        "mag_err": 0.044241199999999994,
        "locus_id": "ZTF19ablovot"
    },
    "11": {
        "mjd": 58707.417419000005,
        "passband": 1,
        "mag": 17.4809,
        "mag_err": 0.047975300000000005,
        "locus_id": "ZTF19ablovot"
    },
    "12": {
        "mjd": 58707.479803199996,
        "passband": 2,
        "mag": 17.5263,
        "mag_err": 0.0375283,
        "locus_id": "ZTF19ablovot"
    },
    "13": {
        "mjd": 58709.4168056,
        "passband": 2,
        "mag": 17.4306,
        "mag_err": 0.0422474,
        "locus_id": "ZTF19ablovot"
    },
    "14": {
        "mjd": 58709.4626273,
        "passband": 1,
        "mag": 17.5025,
        "mag_err": 0.0454038,
        "locus_id": "ZTF19ablovot"
    },
    "15": {
        "mjd": 58711.4072454,
        "passband": 2,
        "mag": 17.5248,
        "mag_err": 0.0550469,
        "locus_id": "ZTF19ablovot"
    },
    "16": {
        "mjd": 58711.501053199994,
        "passband": 1,
        "mag": 17.5625,
        "mag_err": 0.0717552,
        "locus_id": "ZTF19ablovot"
    },
    "17": {
        "mjd": 58712.3970023,
        "passband": 2,
        "mag": 17.4016,
        "mag_err": 0.0631114,
        "locus_id": "ZTF19ablovot"
    },
    "18": {
        "mjd": 58716.4397801,
        "passband": 2,
        "mag": 17.6522,
        "mag_err": 0.06792360000000001,
        "locus_id": "ZTF19ablovot"
    },
    "19": {
        "mjd": 58717.4183449,
        "passband": 1,
        "mag": 17.9225,
        "mag_err": 0.0639174,
        "locus_id": "ZTF19ablovot"
    },
    "20": {
        "mjd": 58717.4764236,
        "passband": 2,
        "mag": 17.6913,
        "mag_err": 0.05555269999999999,
        "locus_id": "ZTF19ablovot"
    },
    "21": {
        "mjd": 58719.438136599994,
        "passband": 2,
        "mag": 17.7837,
        "mag_err": 0.06548580000000001,
        "locus_id": "ZTF19ablovot"
    },
    "22": {
        "mjd": 58719.4825694,
        "passband": 1,
        "mag": 18.2043,
        "mag_err": 0.061716599999999996,
        "locus_id": "ZTF19ablovot"
    },
    "23": {
        "mjd": 58720.3885995,
        "passband": 2,
        "mag": 17.8723,
        "mag_err": 0.08158610000000001,
        "locus_id": "ZTF19ablovot"
    },
    "24": {
        "mjd": 58722.4171875,
        "passband": 1,
        "mag": 18.5881,
        "mag_err": 0.0698961,
        "locus_id": "ZTF19ablovot"
    },
    "25": {
        "mjd": 58723.3918171,
        "passband": 2,
        "mag": 18.0606,
        "mag_err": 0.0548441,
        "locus_id": "ZTF19ablovot"
    },
    "26": {
        "mjd": 58723.4180556,
        "passband": 1,
        "mag": 18.6115,
        "mag_err": 0.0826013,
        "locus_id": "ZTF19ablovot"
    },
    "27": {
        "mjd": 58725.439386599995,
        "passband": 1,
        "mag": 18.9608,
        "mag_err": 0.0714148,
        "locus_id": "ZTF19ablovot"
    },
    "28": {
        "mjd": 58725.48230319999,
        "passband": 2,
        "mag": 18.1937,
        "mag_err": 0.06872710000000001,
        "locus_id": "ZTF19ablovot"
    },
    "29": {
        "mjd": 58726.3780093,
        "passband": 2,
        "mag": 18.0915,
        "mag_err": 0.0596199,
        "locus_id": "ZTF19ablovot"
    },
    "30": {
        "mjd": 58726.404976900005,
        "passband": 1,
        "mag": 18.9522,
        "mag_err": 0.0786944,
        "locus_id": "ZTF19ablovot"
    },
    "31": {
        "mjd": 58730.4176852,
        "passband": 2,
        "mag": 18.201,
        "mag_err": 0.0668088,
        "locus_id": "ZTF19ablovot"
    },
    "32": {
        "mjd": 58732.3988079,
        "passband": 1,
        "mag": 19.4922,
        "mag_err": 0.14187,
        "locus_id": "ZTF19ablovot"
    },
    "33": {
        "mjd": 58733.3978472,
        "passband": 2,
        "mag": 18.3027,
        "mag_err": 0.0723556,
        "locus_id": "ZTF19ablovot"
    },
    "34": {
        "mjd": 58733.456713,
        "passband": 1,
        "mag": 19.8449,
        "mag_err": 0.160553,
        "locus_id": "ZTF19ablovot"
    },
    "35": {
        "mjd": 58735.3770949,
        "passband": 2,
        "mag": 18.521,
        "mag_err": 0.06979930000000001,
        "locus_id": "ZTF19ablovot"
    },
    "36": {
        "mjd": 58735.42074069999,
        "passband": 1,
        "mag": 20.0393,
        "mag_err": 0.200414,
        "locus_id": "ZTF19ablovot"
    },
    "37": {
        "mjd": 58736.4175347,
        "passband": 2,
        "mag": 18.5063,
        "mag_err": 0.0937013,
        "locus_id": "ZTF19ablovot"
    },
    "38": {
        "mjd": 58736.475613400005,
        "passband": 1,
        "mag": 19.8512,
        "mag_err": 0.191423,
        "locus_id": "ZTF19ablovot"
    },
    "39": {
        "mjd": 58738.376412,
        "passband": 2,
        "mag": 18.6802,
        "mag_err": 0.0964312,
        "locus_id": "ZTF19ablovot"
    },
    "40": {
        "mjd": 58739.37714119999,
        "passband": 2,
        "mag": 18.7224,
        "mag_err": 0.11118299999999999,
        "locus_id": "ZTF19ablovot"
    },
    "41": {
        "mjd": 58744.379895800004,
        "passband": 2,
        "mag": 18.9611,
        "mag_err": 0.113157,
        "locus_id": "ZTF19ablovot"
    },
    "42": {
        "mjd": 58747.398773099994,
        "passband": 2,
        "mag": 19.3116,
        "mag_err": 0.131208,
        "locus_id": "ZTF19ablovot"
    },
    "43": {
        "mjd": 58747.3996875,
        "passband": 2,
        "mag": 19.1385,
        "mag_err": 0.126445,
        "locus_id": "ZTF19ablovot"
    },
    "44": {
        "mjd": 58750.313588,
        "passband": 2,
        "mag": 19.3079,
        "mag_err": 0.13158599999999998,
        "locus_id": "ZTF19ablovot"
    },
    "45": {
        "mjd": 58750.31403940001,
        "passband": 2,
        "mag": 19.292,
        "mag_err": 0.116854,
        "locus_id": "ZTF19ablovot"
    },
    "46": {
        "mjd": 58757.322928199996,
        "passband": 2,
        "mag": 19.7879,
        "mag_err": 0.16461099999999998,
        "locus_id": "ZTF19ablovot"
    },
    "47": {
        "mjd": 58757.3233796,
        "passband": 2,
        "mag": 19.6029,
        "mag_err": 0.142498,
        "locus_id": "ZTF19ablovot"
    },
    "48": {
        "mjd": 58760.2967477,
        "passband": 2,