{
    "0": {
        "mjd": 58747.271134300005,
        "passband": 2,
        "mag": 19.1363,
        "mag_err": 0.136506,
        "locus_id": "ZTF19abzvyew"
    },
    "1": {
        "mjd": 58747.2939352,
        "passband": 1,
        "mag": 18.8529,
        "mag_err": 0.118227,
        "locus_id": "ZTF19abzvyew"
    },
    "2": {
        "mjd": 58750.274317100004,
        "passband": 2,
        "mag": 18.749000000000002,
        "mag_err": 0.100646,
        "locus_id": "ZTF19abzvyew"
    },
    "3": {
        "mjd": 58757.2727546,
        "passband": 2,
        "mag": 18.5446,
        "mag_err": 0.06125980000000001,
        "locus_id": "ZTF19abzvyew"
    },
    "4": {
        "mjd": 58760.271956,
        "passband": 2,
        "mag": 18.6414,
        "mag_err": 0.08787610000000001,
        "locus_id": "ZTF19abzvyew"
    },
    "5": {
        "mjd": 58764.313912,
        "passband": 1,
        "mag": 18.9332,
        "mag_err": 0.126531,
        "locus_id": "ZTF19abzvyew"
    },
    "6": {
        "mjd": 58772.1841204,
        "passband": 1,
        "mag": 19.7851,
        "mag_err": 0.37397199999999997,
        "locus_id": "ZTF19abzvyew"
    },
    "7": {
        "mjd": 58773.2771296,
        "passband": 2,
        "mag": 19.3345,
        "mag_err": 0.242583,
        "locus_id": "ZTF19abzvyew"
    },
    "8": {
        "mjd": 58774.2832523,
        "passband": 2,
        "mag": 19.1615,
        "mag_err": 0.182778,
        "locus_id": "ZTF19abzvyew"
    },
    "9": {
        "mjd": 58775.18276619999,
        "passband": 1,
        "mag": 20.3223,
        "mag_err": 0.22749699999999998,
        "locus_id": "ZTF19abzvyew"
    },
    "10": {
        "mjd": 58778.3168634,
        "passband": 2,
        "mag": 19.5008,
        "mag_err": 0.18045999999999998,
        "locus_id": "ZTF19abzvyew"
    }
}