{
    "0": {
        "mjd": 58635.41916669999,
        "passband": 1,
        "mag": 19.8281,
        "mag_err": 0.142904,
        "locus_id": "ZTF19aawmcjt"
    },
    "1": {
        "mjd": 58638.3512153,
        "passband": 1,
        "mag": 19.5405,
        "mag_err": 0.196775,
        "locus_id": "ZTF19aawmcjt"
    },
    "2": {
        "mjd": 58647.2140625,
        "passband": 1,
        "mag": 19.8942,
        "mag_err": 0.22946,
        "locus_id": "ZTF19aawmcjt"
    },
    "3": {
        "mjd": 58647.2717477,
        "passband": 2,
        "mag": 19.7298,
        "mag_err": 0.30501100000000003,
        "locus_id": "ZTF19aawmcjt"
    },
    "4": {
        "mjd": 58657.231330999995,
        "passband": 1,
        "mag": 19.8434,
        "mag_err": 0.197717,
        "locus_id": "ZTF19aawmcjt"
    },
    "5": {
        "mjd": 58873.5373148,
        "passband": 2,
        "mag": 19.0124,
        "mag_err": 0.104553,
        "locus_id": "ZTF19aawmcjt"
    },
    "6": {
        "mjd": 58876.5385301,
        "passband": 1,
        "mag": 19.0264,
        "mag_err": 0.142612,
        "locus_id": "ZTF19aawmcjt"
    },
    "7": {
        "mjd": 58885.547835599995,
        "passband": 2,
        "mag": 18.3198,
        "mag_err": 0.094788,
        "locus_id": "ZTF19aawmcjt"
    },
    "8": {
        "mjd": 58891.4769329,
        "passband": 1,
        "mag": 18.6354,
        "mag_err": 0.101771,
        "locus_id": "ZTF19aawmcjt"
    },
    "9": {
        "mjd": 58894.5270602,
        "passband": 2,
        "mag": 18.3587,
        "mag_err": 0.11285,
        "locus_id": "ZTF19aawmcjt"
    },
    "10": {
        "mjd": 58894.561111099996,
        "passband": 1,
        "mag": 18.6119,
        "mag_err": 0.0910048,
        "locus_id": "ZTF19aawmcjt"
    },
    "11": {
        "mjd": 58899.517233800005,
        "passband": 2,
        "mag": 18.2152,
        "mag_err": 0.076543,
        "locus_id": "ZTF19aawmcjt"
    },
    "12": {
        "mjd": 58899.5425231,
        "passband": 1,
        "mag": 18.4272,
        "mag_err": 0.08280599999999999,
        "locus_id": "ZTF19aawmcjt"
    },
    "13": {
        "mjd": 58904.5224074,
        "passband": 2,
        "mag": 18.2694,
        "mag_err": 0.102434,
        "locus_id": "ZTF19aawmcjt"
    },
    "14": {
        "mjd": 58904.5493171,
        "passband": 1,
        "mag": 18.448,
        "mag_err": 0.084584,
        "locus_id": "ZTF19aawmcjt"
    },
    "15": {
        "mjd": 58908.5156829,
        "passband": 2,
        "mag": 18.2289,
        "mag_err": 0.07209700000000001,
        "locus_id": "ZTF19aawmcjt"
    },
    "16": {
        "mjd": 58908.5156829,
        "passband": 2,
        "mag": 18.2289,
        "mag_err": 0.07209700000000001,
        "locus_id": "ZTF19aawmcjt"
    },
    "17": {
        "mjd": 58911.518240699996,
        "passband": 2,
        "mag": 18.3662,
        "mag_err": 0.0857453,
        "locus_id": "ZTF19aawmcjt"
    },
    "18": {
        "mjd": 58911.5406829,
        "passband": 1,
        "mag": 18.6578,
        "mag_err": 0.1063,
        "locus_id": "ZTF19aawmcjt"
    },
    "19": {
        "mjd": 58914.463148099996,
        "passband": 1,
        "mag": 18.7153,
        "mag_err": 0.184309,
        "locus_id": "ZTF19aawmcjt"
    },
    "20": {
        "mjd": 58914.5386921,
        "passband": 2,
        "mag": 18.3882,
        "mag_err": 0.121972,
        "locus_id": "ZTF19aawmcjt"
    },
    "21": {
        "mjd": 58936.502893499994,
        "passband": 2,
        "mag": 18.256,
        "mag_err": 0.08725210000000001,
        "locus_id": "ZTF19aawmcjt"
    },
    "22": {
        "mjd": 58943.4400347,
        "passband": 1,
        "mag": 18.8669,
        "mag_err": 0.136913,
        "locus_id": "ZTF19aawmcjt"
    },
    "23": {
        "mjd": 58943.4762847,
        "passband": 2,
        "mag": 18.2641,
        "mag_err": 0.0800126,
        "locus_id": "ZTF19aawmcjt"
    },
    "24": {
        "mjd": 58954.4006597,
        "passband": 1,
        "mag": 18.9217,
        "mag_err": 0.126724,
        "locus_id": "ZTF19aawmcjt"
    },
    "25": {
        "mjd": 58954.459838,
        "passband": 2,
        "mag": 18.5091,
        "mag_err": 0.126774,
        "locus_id": "ZTF19aawmcjt"
    },
    "26": {
        "mjd": 58961.39375,
        "passband": 1,
        "mag": 19.0314,
        "mag_err": 0.12805999999999998,
        "locus_id": "ZTF19aawmcjt"
    },
    "27": {
        "mjd": 58964.3787847,
        "passband": 1,
        "mag": 19.2247,
        "mag_err": 0.124267,
        "locus_id": "ZTF19aawmcjt"
    },
    "28": {
        "mjd": 58964.4190625,
        "passband": 2,
        "mag": 18.734,
        "mag_err": 0.12355899999999999,
        "locus_id": "ZTF19aawmcjt"
    },
    "29": {
        "mjd": 58967.4371875,
        "passband": 1,
        "mag": 19.3963,
        "mag_err": 0.169303,
        "locus_id": "ZTF19aawmcjt"
    },
    "30": {
        "mjd": 58970.443101900004,
        "passband": 1,
        "mag": 19.4395,
        "mag_err": 0.12958499999999998,
        "locus_id": "ZTF19aawmcjt"
    },
    "31": {
        "mjd": 58980.31341440001,
        "passband": 2,
        "mag": 18.5201,
        "mag_err": 0.10217799999999999,
        "locus_id": "ZTF19aawmcjt"
    },
    "32": {
        "mjd": 58980.419548599995,
        "passband": 1,
        "mag": 18.9352,
        "mag_err": 0.16009500000000002,
        "locus_id": "ZTF19aawmcjt"
    },
    "33": {
        "mjd": 58987.33745369999,
        "passband": 2,
        "mag": 18.5886,
        "mag_err": 0.10677,
        "locus_id": "ZTF19aawmcjt"
    },
    "34": {
        "mjd": 58987.4064005,
        "passband": 1,
        "mag": 18.8593,
        "mag_err": 0.0950607,
        "locus_id": "ZTF19aawmcjt"
    }
}