{
    "0": {
        "mjd": 58617.461898099995,
        "passband": 1,
        "mag": 19.5351,
        "mag_err": 0.153606,
        "locus_id": "ZTF19aavaikm"
    },
    "1": {
        "mjd": 58634.421875,
        "passband": 2,
        "mag": 18.082,
        "mag_err": 0.0558719,
        "locus_id": "ZTF19aavaikm"
    },
    "2": {
        "mjd": 58634.4483449,
        "passband": 1,
        "mag": 18.1865,
        "mag_err": 0.0518309,
        "locus_id": "ZTF19aavaikm"
    },
    "3": {
        "mjd": 58637.4218171,
        "passband": 2,
        "mag": 18.2534,
        "mag_err": 0.0730755,
        "locus_id": "ZTF19aavaikm"
    },
    "4": {
        "mjd": 58637.4599306,
        "passband": 1,
        "mag": 18.484,
        "mag_err": 0.07832689999999999,
        "locus_id": "ZTF19aavaikm"
    },
    "5": {
        "mjd": 58640.444444400004,
        "passband": 1,
        "mag": 18.7145,
        "mag_err": 0.083583,
        "locus_id": "ZTF19aavaikm"
    },
    "6": {
        "mjd": 58640.46145830001,
        "passband": 2,
        "mag": 18.5735,
        "mag_err": 0.09176160000000001,
        "locus_id": "ZTF19aavaikm"
    },
    "7": {
        "mjd": 58644.4400347,
        "passband": 1,
        "mag": 19.1245,
        "mag_err": 0.10339300000000001,
        "locus_id": "ZTF19aavaikm"
    },
    "8": {
        "mjd": 58644.4609838,
        "passband": 2,
        "mag": 18.7095,
        "mag_err": 0.086079,
        "locus_id": "ZTF19aavaikm"
    },
    "9": {
        "mjd": 58647.31466440001,
        "passband": 2,
        "mag": 18.7723,
        "mag_err": 0.093814,
        "locus_id": "ZTF19aavaikm"
    },
    "10": {
        "mjd": 58647.3765625,
        "passband": 1,
        "mag": 19.5373,
        "mag_err": 0.14568599999999998,
        "locus_id": "ZTF19aavaikm"
    },
    "11": {
        "mjd": 58650.3534722,
        "passband": 2,
        "mag": 18.750999999999998,
        "mag_err": 0.164642,
        "locus_id": "ZTF19aavaikm"
    },
    "12": {
        "mjd": 58653.4388426,
        "passband": 2,
        "mag": 18.5791,
        "mag_err": 0.104023,
        "locus_id": "ZTF19aavaikm"
    },
    "13": {
        "mjd": 58660.46204859999,
        "passband": 2,
        "mag": 19.2184,
        "mag_err": 0.133243,
        "locus_id": "ZTF19aavaikm"
    },
    "14": {
        "mjd": 58661.3361574,
        "passband": 2,
        "mag": 19.1576,
        "mag_err": 0.104524,
        "locus_id": "ZTF19aavaikm"
    },
    "15": {
        "mjd": 58662.32245369999,
        "passband": 2,
        "mag": 19.2988,
        "mag_err": 0.114423,
        "locus_id": "ZTF19aavaikm"
    },
    "16": {
        "mjd": 58665.4204745,
        "passband": 2,
        "mag": 19.3968,
        "mag_err": 0.121673,
        "locus_id": "ZTF19aavaikm"
    }
}