{
    "0": {
        "mjd": 58572.449838,
        "passband": 2,
        "mag": 20.5724,
        "mag_err": 0.324587,
        "locus_id": "ZTF19aapafqd"
    },
    "1": {
        "mjd": 58575.4319097,
        "passband": 2,
        "mag": 20.7647,
        "mag_err": 0.26976700000000003,
        "locus_id": "ZTF19aapafqd"
    },
    "2": {
        "mjd": 58580.3881829,
        "passband": 2,
        "mag": 20.0581,
        "mag_err": 0.200923,
        "locus_id": "ZTF19aapafqd"
    },
    "3": {
        "mjd": 58580.4168403,
        "passband": 1,
        "mag": 20.9912,
        "mag_err": 0.28117800000000004,
        "locus_id": "ZTF19aapafqd"
    },
    "4": {
        "mjd": 58583.3815046,
        "passband": 1,
        "mag": 20.6132,
        "mag_err": 0.355948,
        "locus_id": "ZTF19aapafqd"
    },
    "5": {
        "mjd": 58586.3834375,
        "passband": 2,
        "mag": 19.7925,
        "mag_err": 0.19950199999999998,
        "locus_id": "ZTF19aapafqd"
    },
    "6": {
        "mjd": 58596.31489580001,
        "passband": 2,
        "mag": 19.2029,
        "mag_err": 0.13736600000000002,
        "locus_id": "ZTF19aapafqd"
    },
    "7": {
        "mjd": 58596.3153472,
        "passband": 2,
        "mag": 19.1941,
        "mag_err": 0.1428,
        "locus_id": "ZTF19aapafqd"
    },
    "8": {
        "mjd": 58596.4573495,
        "passband": 1,
        "mag": 19.5182,
        "mag_err": 0.202099,
        "locus_id": "ZTF19aapafqd"
    },
    "9": {
        "mjd": 58600.394213,
        "passband": 1,
        "mag": 19.2296,
        "mag_err": 0.10736300000000001,
        "locus_id": "ZTF19aapafqd"
    },
    "10": {
        "mjd": 58605.3855093,
        "passband": 2,
        "mag": 18.5853,
        "mag_err": 0.0744947,
        "locus_id": "ZTF19aapafqd"
    },
    "11": {
        "mjd": 58608.2989931,
        "passband": 1,
        "mag": 18.6716,
        "mag_err": 0.0824635,
        "locus_id": "ZTF19aapafqd"
    },
    "12": {
        "mjd": 58608.3693403,
        "passband": 2,
        "mag": 18.5061,
        "mag_err": 0.0853072,
        "locus_id": "ZTF19aapafqd"
    },
    "13": {
        "mjd": 58612.354166699995,
        "passband": 2,
        "mag": 18.4226,
        "mag_err": 0.102341,
        "locus_id": "ZTF19aapafqd"
    },
    "14": {
        "mjd": 58616.3700231,
        "passband": 2,
        "mag": 18.3366,
        "mag_err": 0.0833686,
        "locus_id": "ZTF19aapafqd"
    },
    "15": {
        "mjd": 58616.45010419999,
        "passband": 1,
        "mag": 18.512999999999998,
        "mag_err": 0.0789042,
        "locus_id": "ZTF19aapafqd"
    },
    "16": {
        "mjd": 58619.26708330001,
        "passband": 1,
        "mag": 18.4839,
        "mag_err": 0.100511,
        "locus_id": "ZTF19aapafqd"
    },
    "17": {
        "mjd": 58619.3460069,
        "passband": 2,
        "mag": 18.3434,
        "mag_err": 0.100515,
        "locus_id": "ZTF19aapafqd"
    },
    "18": {
        "mjd": 58632.2978125,
        "passband": 2,
        "mag": 18.3289,
        "mag_err": 0.08238469999999999,
        "locus_id": "ZTF19aapafqd"
    },
    "19": {
        "mjd": 58632.35054400001,
        "passband": 1,
        "mag": 18.4715,
        "mag_err": 0.0675428,
        "locus_id": "ZTF19aapafqd"
    },
    "20": {
        "mjd": 58635.22017359999,
        "passband": 1,
        "mag": 18.5167,
        "mag_err": 0.0687086,
        "locus_id": "ZTF19aapafqd"
    },
    "21": {
        "mjd": 58635.280081,
        "passband": 2,
        "mag": 18.3742,
        "mag_err": 0.0781659,
        "locus_id": "ZTF19aapafqd"
    },
    "22": {
        "mjd": 58638.2798495,
        "passband": 2,
        "mag": 18.4127,
        "mag_err": 0.07195069999999999,
        "locus_id": "ZTF19aapafqd"
    },
    "23": {
        "mjd": 58638.34189809999,
        "passband": 1,
        "mag": 18.5522,
        "mag_err": 0.08758450000000001,
        "locus_id": "ZTF19aapafqd"
    },
    "24": {
        "mjd": 58641.2283449,
        "passband": 1,
        "mag": 18.5741,
        "mag_err": 0.0875788,
        "locus_id": "ZTF19aapafqd"
    },
    "25": {
        "mjd": 58641.305416699994,
        "passband": 2,
        "mag": 18.4468,
        "mag_err": 0.0739413,
        "locus_id": "ZTF19aapafqd"
    },
    "26": {
        "mjd": 58644.221412,
        "passband": 1,
        "mag": 18.5875,
        "mag_err": 0.09290110000000001,
        "locus_id": "ZTF19aapafqd"
    },
    "27": {
        "mjd": 58644.2856134,
        "passband": 2,
        "mag": 18.4285,
        "mag_err": 0.079385,
        "locus_id": "ZTF19aapafqd"
    },
    "28": {
        "mjd": 58647.2238079,
        "passband": 1,
        "mag": 18.6706,
        "mag_err": 0.0863947,
        "locus_id": "ZTF19aapafqd"
    },
    "29": {
        "mjd": 58647.2574653,
        "passband": 2,
        "mag": 18.4892,
        "mag_err": 0.0880182,
        "locus_id": "ZTF19aapafqd"
    },
    "30": {
        "mjd": 58647.2612616,
        "passband": 2,
        "mag": 18.4775,
        "mag_err": 0.12108800000000002,
        "locus_id": "ZTF19aapafqd"
    },
    "31": {
        "mjd": 58650.218113400006,
        "passband": 1,
        "mag": 18.6711,
        "mag_err": 0.09969689999999999,
        "locus_id": "ZTF19aapafqd"
    },
    "32": {
        "mjd": 58650.271122699996,
        "passband": 2,
        "mag": 18.4884,
        "mag_err": 0.10693,
        "locus_id": "ZTF19aapafqd"
    },
    "33": {
        "mjd": 58653.20351849999,
        "passband": 2,
        "mag": 18.5342,
        "mag_err": 0.101604,
        "locus_id": "ZTF19aapafqd"
    },
    "34": {
        "mjd": 58653.3029398,
        "passband": 1,
        "mag": 18.7884,
        "mag_err": 0.10818699999999999,
        "locus_id": "ZTF19aapafqd"
    },
    "35": {
        "mjd": 58657.2229745,
        "passband": 1,
        "mag": 18.8493,
        "mag_err": 0.0869732,
        "locus_id": "ZTF19aapafqd"
    },
    "36": {
        "mjd": 58657.26326390001,
        "passband": 2,
        "mag": 18.6322,
        "mag_err": 0.085469,
        "locus_id": "ZTF19aapafqd"
    },
    "37": {
        "mjd": 58660.201088,
        "passband": 1,
        "mag": 18.8852,
        "mag_err": 0.0802143,
        "locus_id": "ZTF19aapafqd"
    },
    "38": {
        "mjd": 58660.2450347,
        "passband": 2,
        "mag": 18.6698,
        "mag_err": 0.0988617,
        "locus_id": "ZTF19aapafqd"
    },
    "39": {
        "mjd": 58663.3122338,
        "passband": 2,
        "mag": 18.656,
        "mag_err": 0.0769426,
        "locus_id": "ZTF19aapafqd"
    },
    "40": {
        "mjd": 58666.249363400006,
        "passband": 1,
        "mag": 19.0088,
        "mag_err": 0.0810955,
        "locus_id": "ZTF19aapafqd"
    },
    "41": {
        "mjd": 58666.263611099996,
        "passband": 2,
        "mag": 18.7256,
        "mag_err": 0.0937489,
        "locus_id": "ZTF19aapafqd"
    },
    "42": {
        "mjd": 58669.3183796,
        "passband": 2,
        "mag": 18.7754,
        "mag_err": 0.08960889999999999,
        "locus_id": "ZTF19aapafqd"
    },
    "43": {
        "mjd": 58672.21625,
        "passband": 2,
        "mag": 18.8787,
        "mag_err": 0.1066,
        "locus_id": "ZTF19aapafqd"
    },
    "44": {
        "mjd": 58672.31207180001,
        "passband": 1,
        "mag": 19.2526,
        "mag_err": 0.10876199999999998,
        "locus_id": "ZTF19aapafqd"
    },
    "45": {
        "mjd": 58675.2396875,
        "passband": 2,
        "mag": 18.8263,
        "mag_err": 0.105151,
        "locus_id": "ZTF19aapafqd"
    },
    "46": {
        "mjd": 58675.320335599994,
        "passband": 1,
        "mag": 19.2311,
        "mag_err": 0.13360999999999998,
        "locus_id": "ZTF19aapafqd"
    },
    "47": {
        "mjd": 58678.2264931,
        "passband": 2,
        "mag": 18.9194,
        "mag_err": 0.0906072,
        "locus_id": "ZTF19aapafqd"
    },
    "48": {
        "mjd": 58678.2738889,
        "passband": 1,