{
    "0": {
        "mjd": 58511.5039583,
        "passband": 1,
        "mag": 18.4364,
        "mag_err": 0.0868818,
        "locus_id": "ZTF19aafncsv"
    },
    "1": {
        "mjd": 58511.54510419999,
        "passband": 2,
        "mag": 18.1793,
        "mag_err": 0.086813,
        "locus_id": "ZTF19aafncsv"
    },
    "2": {
        "mjd": 58526.540335599995,
        "passband": 2,
        "mag": 17.1782,
        "mag_err": 0.05491759999999999,
        "locus_id": "ZTF19aafncsv"
    },
    "3": {
        "mjd": 58543.524791699994,
        "passband": 1,
        "mag": 18.5479,
        "mag_err": 0.10094700000000001,
        "locus_id": "ZTF19aafncsv"
    },
    "4": {
        "mjd": 58543.524791699994,
        "passband": 1,
        "mag": 18.5479,
        "mag_err": 0.10094700000000001,
        "locus_id": "ZTF19aafncsv"
    },
    "5": {
        "mjd": 58547.400463,
        "passband": 1,
        "mag": 18.9426,
        "mag_err": 0.12555999999999998,
        "locus_id": "ZTF19aafncsv"
    },
    "6": {
        "mjd": 58547.52366900001,
        "passband": 2,
        "mag": 17.9903,
        "mag_err": 0.06597839999999999,
        "locus_id": "ZTF19aafncsv"
    },
    "7": {
        "mjd": 58556.4827546,
        "passband": 1,
        "mag": 19.639,
        "mag_err": 0.186412,
        "locus_id": "ZTF19aafncsv"
    },
    "8": {
        "mjd": 58556.504988400004,
        "passband": 2,
        "mag": 18.3482,
        "mag_err": 0.0727497,
        "locus_id": "ZTF19aafncsv"
    },
    "9": {
        "mjd": 58560.4786227,
        "passband": 2,
        "mag": 18.512999999999998,
        "mag_err": 0.0807054,
        "locus_id": "ZTF19aafncsv"
    },
    "10": {
        "mjd": 58560.52210650001,
        "passband": 1,
        "mag": 19.8963,
        "mag_err": 0.1919,
        "locus_id": "ZTF19aafncsv"
    },
    "11": {
        "mjd": 58568.4385764,
        "passband": 1,
        "mag": 20.2674,
        "mag_err": 0.42210200000000003,
        "locus_id": "ZTF19aafncsv"
    },
    "12": {
        "mjd": 58568.483634300006,
        "passband": 2,
        "mag": 18.9972,
        "mag_err": 0.10935399999999999,
        "locus_id": "ZTF19aafncsv"
    },
    "13": {
        "mjd": 58572.4774074,
        "passband": 2,
        "mag": 19.0655,
        "mag_err": 0.10731800000000001,
        "locus_id": "ZTF19aafncsv"
    },
    "14": {
        "mjd": 58572.4836574,
        "passband": 1,
        "mag": 20.2597,
        "mag_err": 0.186503,
        "locus_id": "ZTF19aafncsv"
    },
    "15": {
        "mjd": 58575.4575926,
        "passband": 2,
        "mag": 19.2306,
        "mag_err": 0.123359,
        "locus_id": "ZTF19aafncsv"
    }
}