{
    "0": {
        "mjd": 58759.372083300004,
        "passband": 2,
        "mag": 19.4609,
        "mag_err": 0.09941860000000001,
        "locus_id": "ZTF19accbeju"
    },
    "1": {
        "mjd": 58759.401076400005,
        "passband": 1,
        "mag": 19.3198,
        "mag_err": 0.118703,
        "locus_id": "ZTF19accbeju"
    },
    "2": {
        "mjd": 58763.374131900004,
        "passband": 2,
        "mag": 18.8699,
        "mag_err": 0.0771947,
        "locus_id": "ZTF19accbeju"
    },
    "3": {
        "mjd": 58763.4292824,
        "passband": 1,
        "mag": 18.8712,
        "mag_err": 0.0997681,
        "locus_id": "ZTF19accbeju"
    },
    "4": {
        "mjd": 58766.4233449,
        "passband": 1,
        "mag": 19.0206,
        "mag_err": 0.11514300000000001,
        "locus_id": "ZTF19accbeju"
    },
    "5": {
        "mjd": 58766.4935069,
        "passband": 2,
        "mag": 18.7068,
        "mag_err": 0.0662393,
        "locus_id": "ZTF19accbeju"
    },
    "6": {
        "mjd": 58769.486261599995,
        "passband": 1,
        "mag": 18.8981,
        "mag_err": 0.190716,
        "locus_id": "ZTF19accbeju"
    },
    "7": {
        "mjd": 58773.29348380001,
        "passband": 2,
        "mag": 18.6322,
        "mag_err": 0.10888099999999999,
        "locus_id": "ZTF19accbeju"
    },
    "8": {
        "mjd": 58776.28375,
        "passband": 2,
        "mag": 18.9127,
        "mag_err": 0.0879727,
        "locus_id": "ZTF19accbeju"
    },
    "9": {
        "mjd": 58779.29542819999,
        "passband": 2,
        "mag": 18.9866,
        "mag_err": 0.0982793,
        "locus_id": "ZTF19accbeju"
    },
    "10": {
        "mjd": 58782.293946800004,
        "passband": 1,
        "mag": 19.602,
        "mag_err": 0.137829,
        "locus_id": "ZTF19accbeju"
    },
    "11": {
        "mjd": 58782.32545140001,
        "passband": 2,
        "mag": 19.0837,
        "mag_err": 0.131262,
        "locus_id": "ZTF19accbeju"
    },
    "12": {
        "mjd": 58788.2801273,
        "passband": 2,
        "mag": 19.1358,
        "mag_err": 0.148802,
        "locus_id": "ZTF19accbeju"
    },
    "13": {
        "mjd": 58789.268796300006,
        "passband": 2,
        "mag": 19.2437,
        "mag_err": 0.15044100000000002,
        "locus_id": "ZTF19accbeju"
    },
    "14": {
        "mjd": 58790.2805324,
        "passband": 1,
        "mag": 19.9548,
        "mag_err": 0.24476799999999999,
        "locus_id": "ZTF19accbeju"
    },
    "15": {
        "mjd": 58791.2963426,
        "passband": 1,
        "mag": 20.1722,
        "mag_err": 0.21834699999999999,
        "locus_id": "ZTF19accbeju"
    },
    "16": {
        "mjd": 58791.35658559999,
        "passband": 2,
        "mag": 19.1554,
        "mag_err": 0.098084,
        "locus_id": "ZTF19accbeju"
    },
    "17": {
        "mjd": 58792.351006900004,
        "passband": 1,
        "mag": 20.1112,
        "mag_err": 0.229413,
        "locus_id": "ZTF19accbeju"
    },
    "18": {
        "mjd": 58792.359537000004,
        "passband": 2,
        "mag": 19.2502,
        "mag_err": 0.145682,
        "locus_id": "ZTF19accbeju"
    },
    "19": {
        "mjd": 58793.3681829,
        "passband": 2,
        "mag": 19.0967,
        "mag_err": 0.0955119,
        "locus_id": "ZTF19accbeju"
    },
    "20": {
        "mjd": 58794.296412,
        "passband": 2,
        "mag": 19.2299,
        "mag_err": 0.130894,
        "locus_id": "ZTF19accbeju"
    },
    "21": {
        "mjd": 58795.294988400005,
        "passband": 2,
        "mag": 19.2626,
        "mag_err": 0.136873,
        "locus_id": "ZTF19accbeju"
    },
    "22": {
        "mjd": 58796.2955671,
        "passband": 2,
        "mag": 19.2043,
        "mag_err": 0.11487699999999999,
        "locus_id": "ZTF19accbeju"
    },
    "23": {
        "mjd": 58801.278611099995,
        "passband": 2,
        "mag": 19.092,
        "mag_err": 0.226952,
        "locus_id": "ZTF19accbeju"
    },
    "24": {
        "mjd": 58804.227604199994,
        "passband": 2,
        "mag": 19.2999,
        "mag_err": 0.151286,
        "locus_id": "ZTF19accbeju"
    },
    "25": {
        "mjd": 58804.35239580001,
        "passband": 2,
        "mag": 19.2475,
        "mag_err": 0.154968,
        "locus_id": "ZTF19accbeju"
    },
    "26": {
        "mjd": 58806.24435190001,
        "passband": 2,
        "mag": 19.4265,
        "mag_err": 0.159923,
        "locus_id": "ZTF19accbeju"
    },
    "27": {
        "mjd": 58812.19111109999,
        "passband": 2,
        "mag": 19.5584,
        "mag_err": 0.140258,
        "locus_id": "ZTF19accbeju"
    },
    "28": {
        "mjd": 58812.20160880001,
        "passband": 2,
        "mag": 19.5823,
        "mag_err": 0.160728,
        "locus_id": "ZTF19accbeju"
    },
    "29": {
        "mjd": 58814.19251159999,
        "passband": 2,
        "mag": 19.5239,
        "mag_err": 0.199593,
        "locus_id": "ZTF19accbeju"
    },
    "30": {
        "mjd": 58814.204108800004,
        "passband": 2,
        "mag": 19.4573,
        "mag_err": 0.152843,
        "locus_id": "ZTF19accbeju"
    }
}