{
    "0": {
        "mjd": 58800.18905090001,
        "passband": 1,
        "mag": 18.5116,
        "mag_err": 0.136242,
        "locus_id": "ZTF19acryaon"
    },
    "1": {
        "mjd": 58800.272581,
        "passband": 2,
        "mag": 18.5698,
        "mag_err": 0.131299,
        "locus_id": "ZTF19acryaon"
    },
    "2": {
        "mjd": 58803.2062731,
        "passband": 1,
        "mag": 17.9908,
        "mag_err": 0.108366,
        "locus_id": "ZTF19acryaon"
    },
    "3": {
        "mjd": 58806.189479199995,
        "passband": 1,
        "mag": 17.6887,
        "mag_err": 0.052828,
        "locus_id": "ZTF19acryaon"
    },
    "4": {
        "mjd": 58806.2304051,
        "passband": 2,
        "mag": 17.7482,
        "mag_err": 0.0420201,
        "locus_id": "ZTF19acryaon"
    },
    "5": {
        "mjd": 58812.14730319999,
        "passband": 1,
        "mag": 17.5897,
        "mag_err": 0.0496413,
        "locus_id": "ZTF19acryaon"
    },
    "6": {
        "mjd": 58812.1700579,
        "passband": 2,
        "mag": 17.745,
        "mag_err": 0.0552156,
        "locus_id": "ZTF19acryaon"
    },
    "7": {
        "mjd": 58829.20579859999,
        "passband": 2,
        "mag": 18.1626,
        "mag_err": 0.163002,
        "locus_id": "ZTF19acryaon"
    },
    "8": {
        "mjd": 58852.148993099996,
        "passband": 2,
        "mag": 19.1087,
        "mag_err": 0.181509,
        "locus_id": "ZTF19acryaon"
    }
}