{
    "0": {
        "mjd": 58534.3561574,
        "passband": 2,
        "mag": 17.5349,
        "mag_err": 0.0969107,
        "locus_id": "ZTF19aaklqod"
    },
    "1": {
        "mjd": 58893.212615699995,
        "passband": 1,
        "mag": 18.7401,
        "mag_err": 0.10279200000000001,
        "locus_id": "ZTF19aaklqod"
    },
    "2": {
        "mjd": 58894.2970139,
        "passband": 1,
        "mag": 18.1726,
        "mag_err": 0.07421660000000001,
        "locus_id": "ZTF19aaklqod"
    },
    "3": {
        "mjd": 58896.2244329,
        "passband": 1,
        "mag": 17.6433,
        "mag_err": 0.059537400000000004,
        "locus_id": "ZTF19aaklqod"
    },
    "4": {
        "mjd": 58896.2548148,
        "passband": 2,
        "mag": 17.801,
        "mag_err": 0.05680639999999999,
        "locus_id": "ZTF19aaklqod"
    },
    "5": {
        "mjd": 58896.2898264,
        "passband": 2,
        "mag": 17.7308,
        "mag_err": 0.0524618,
        "locus_id": "ZTF19aaklqod"
    },
    "6": {
        "mjd": 58898.2459028,
        "passband": 1,
        "mag": 17.2059,
        "mag_err": 0.046909,
        "locus_id": "ZTF19aaklqod"
    },
    "7": {
        "mjd": 58898.247708300005,
        "passband": 1,
        "mag": 17.2614,
        "mag_err": 0.036188,
        "locus_id": "ZTF19aaklqod"
    },
    "8": {
        "mjd": 58898.25607640001,
        "passband": 1,
        "mag": 17.208,
        "mag_err": 0.052272000000000006,
        "locus_id": "ZTF19aaklqod"
    },
    "9": {
        "mjd": 58899.2143981,
        "passband": 1,
        "mag": 17.0965,
        "mag_err": 0.038613999999999996,
        "locus_id": "ZTF19aaklqod"
    },
    "10": {
        "mjd": 58899.2461574,
        "passband": 2,
        "mag": 17.1884,
        "mag_err": 0.036489,
        "locus_id": "ZTF19aaklqod"
    },
    "11": {
        "mjd": 58899.270821800004,
        "passband": 2,
        "mag": 17.1583,
        "mag_err": 0.047222,
        "locus_id": "ZTF19aaklqod"
    },
    "12": {
        "mjd": 58899.3063773,
        "passband": 2,
        "mag": 17.2074,
        "mag_err": 0.033505900000000005,
        "locus_id": "ZTF19aaklqod"
    },
    "13": {
        "mjd": 58900.2057176,
        "passband": 2,
        "mag": 17.1548,
        "mag_err": 0.0447118,
        "locus_id": "ZTF19aaklqod"
    },
    "14": {
        "mjd": 58900.245416699996,
        "passband": 2,
        "mag": 17.1132,
        "mag_err": 0.0533477,
        "locus_id": "ZTF19aaklqod"
    },
    "15": {
        "mjd": 58903.2127546,
        "passband": 2,
        "mag": 16.9415,
        "mag_err": 0.034682,
        "locus_id": "ZTF19aaklqod"
    },
    "16": {
        "mjd": 58903.2132176,
        "passband": 2,
        "mag": 17.0019,
        "mag_err": 0.043626,
        "locus_id": "ZTF19aaklqod"
    },
    "17": {
        "mjd": 58903.2540046,
        "passband": 1,
        "mag": 16.8651,
        "mag_err": 0.046961,
        "locus_id": "ZTF19aaklqod"
    },
    "18": {
        "mjd": 58903.25629630001,
        "passband": 1,
        "mag": 16.8529,
        "mag_err": 0.0415315,
        "locus_id": "ZTF19aaklqod"
    },
    "19": {
        "mjd": 58903.287581,
        "passband": 1,
        "mag": 16.8648,
        "mag_err": 0.0411589,
        "locus_id": "ZTF19aaklqod"
    },
    "20": {
        "mjd": 58903.3024421,
        "passband": 1,
        "mag": 16.8355,
        "mag_err": 0.06310349999999999,
        "locus_id": "ZTF19aaklqod"
    },
    "21": {
        "mjd": 58905.2038194,
        "passband": 2,
        "mag": 16.9161,
        "mag_err": 0.045875900000000004,
        "locus_id": "ZTF19aaklqod"
    },
    "22": {
        "mjd": 58905.205625,
        "passband": 2,
        "mag": 17.0289,
        "mag_err": 0.060367,
        "locus_id": "ZTF19aaklqod"
    },
    "23": {
        "mjd": 58906.2138194,
        "passband": 2,
        "mag": 16.9231,
        "mag_err": 0.035669,
        "locus_id": "ZTF19aaklqod"
    },
    "24": {
        "mjd": 58906.2142824,
        "passband": 2,
        "mag": 16.9646,
        "mag_err": 0.052916,
        "locus_id": "ZTF19aaklqod"
    },
    "25": {
        "mjd": 58906.2734028,
        "passband": 1,
        "mag": 16.8789,
        "mag_err": 0.040731,
        "locus_id": "ZTF19aaklqod"
    },
    "26": {
        "mjd": 58909.2178472,
        "passband": 1,
        "mag": 17.0527,
        "mag_err": 0.0873625,
        "locus_id": "ZTF19aaklqod"
    },
    "27": {
        "mjd": 58909.231145800004,
        "passband": 1,
        "mag": 17.0242,
        "mag_err": 0.06423200000000001,
        "locus_id": "ZTF19aaklqod"
    },
    "28": {
        "mjd": 58909.3033102,
        "passband": 2,
        "mag": 17.1063,
        "mag_err": 0.05182819999999999,
        "locus_id": "ZTF19aaklqod"
    },
    "29": {
        "mjd": 58909.3042477,
        "passband": 2,
        "mag": 17.1381,
        "mag_err": 0.0478862,
        "locus_id": "ZTF19aaklqod"
    },
    "30": {
        "mjd": 58912.1935301,
        "passband": 2,
        "mag": 17.3744,
        "mag_err": 0.0506246,
        "locus_id": "ZTF19aaklqod"
    },
    "31": {
        "mjd": 58912.2147454,
        "passband": 2,
        "mag": 17.3424,
        "mag_err": 0.053980499999999994,
        "locus_id": "ZTF19aaklqod"
    },
    "32": {
        "mjd": 58912.2460995,
        "passband": 1,
        "mag": 17.2905,
        "mag_err": 0.0491848,
        "locus_id": "ZTF19aaklqod"
    },
    "33": {
        "mjd": 58912.25020830001,
        "passband": 1,
        "mag": 17.289,
        "mag_err": 0.0556673,
        "locus_id": "ZTF19aaklqod"
    }
}