{
    "0": {
        "mjd": 58481.26623840001,
        "passband": 1,
        "mag": 18.0379,
        "mag_err": 0.0588299,
        "locus_id": "ZTF18adbckox"
    },
    "1": {
        "mjd": 58481.312175900006,
        "passband": 2,
        "mag": 18.1401,
        "mag_err": 0.07164010000000001,
        "locus_id": "ZTF18adbckox"
    },
    "2": {
        "mjd": 58482.22204859999,
        "passband": 2,
        "mag": 18.0104,
        "mag_err": 0.0612953,
        "locus_id": "ZTF18adbckox"
    },
    "3": {
        "mjd": 58483.179525499996,
        "passband": 1,
        "mag": 17.7879,
        "mag_err": 0.062039199999999996,
        "locus_id": "ZTF18adbckox"
    },
    "4": {
        "mjd": 58487.17045140001,
        "passband": 1,
        "mag": 17.4927,
        "mag_err": 0.04854869999999999,
        "locus_id": "ZTF18adbckox"
    },
    "5": {
        "mjd": 58487.2356829,
        "passband": 2,
        "mag": 17.672,
        "mag_err": 0.0385619,
        "locus_id": "ZTF18adbckox"
    },
    "6": {
        "mjd": 58490.18626159999,
        "passband": 2,
        "mag": 17.546,
        "mag_err": 0.0424771,
        "locus_id": "ZTF18adbckox"
    },
    "7": {
        "mjd": 58493.1273495,
        "passband": 2,
        "mag": 17.4963,
        "mag_err": 0.0491801,
        "locus_id": "ZTF18adbckox"
    },
    "8": {
        "mjd": 58493.1906366,
        "passband": 1,
        "mag": 17.4643,
        "mag_err": 0.051833300000000006,
        "locus_id": "ZTF18adbckox"
    },
    "9": {
        "mjd": 58494.1824306,
        "passband": 1,
        "mag": 17.4725,
        "mag_err": 0.04137469999999999,
        "locus_id": "ZTF18adbckox"
    },
    "10": {
        "mjd": 58503.143483800006,
        "passband": 2,
        "mag": 17.8108,
        "mag_err": 0.06747810000000001,
        "locus_id": "ZTF18adbckox"
    },
    "11": {
        "mjd": 58503.1892824,
        "passband": 1,
        "mag": 17.8633,
        "mag_err": 0.0905265,
        "locus_id": "ZTF18adbckox"
    },
    "12": {
        "mjd": 58506.220046300004,
        "passband": 2,
        "mag": 18.0231,
        "mag_err": 0.0674169,
        "locus_id": "ZTF18adbckox"
    },
    "13": {
        "mjd": 58509.1911574,
        "passband": 1,
        "mag": 18.3006,
        "mag_err": 0.115397,
        "locus_id": "ZTF18adbckox"
    },
    "14": {
        "mjd": 58514.1279398,
        "passband": 2,
        "mag": 18.2264,
        "mag_err": 0.0680193,
        "locus_id": "ZTF18adbckox"
    },
    "15": {
        "mjd": 58523.150046300005,
        "passband": 2,
        "mag": 18.3232,
        "mag_err": 0.0513154,
        "locus_id": "ZTF18adbckox"
    },
    "16": {
        "mjd": 58540.1254051,
        "passband": 2,
        "mag": 19.2789,
        "mag_err": 0.10913199999999999,
        "locus_id": "ZTF18adbckox"
    }
}