{
    "0": {
        "mjd": 58628.295821800006,
        "passband": 2,
        "mag": 18.566,
        "mag_err": 0.0667912,
        "locus_id": "ZTF19aavhypb"
    },
    "1": {
        "mjd": 58628.3172801,
        "passband": 2,
        "mag": 18.5132,
        "mag_err": 0.11122699999999999,
        "locus_id": "ZTF19aavhypb"
    },
    "2": {
        "mjd": 58632.2661921,
        "passband": 2,
        "mag": 18.1695,
        "mag_err": 0.0734235,
        "locus_id": "ZTF19aavhypb"
    },
    "3": {
        "mjd": 58632.2814931,
        "passband": 2,
        "mag": 18.1249,
        "mag_err": 0.05475309999999999,
        "locus_id": "ZTF19aavhypb"
    },
    "4": {
        "mjd": 58632.3472454,
        "passband": 1,
        "mag": 17.9383,
        "mag_err": 0.055579899999999995,
        "locus_id": "ZTF19aavhypb"
    },
    "5": {
        "mjd": 58635.22625,
        "passband": 1,
        "mag": 17.805,
        "mag_err": 0.056882100000000005,
        "locus_id": "ZTF19aavhypb"
    },
    "6": {
        "mjd": 58635.2285648,
        "passband": 1,
        "mag": 17.8176,
        "mag_err": 0.0421926,
        "locus_id": "ZTF19aavhypb"
    },
    "7": {
        "mjd": 58635.257974500004,
        "passband": 2,
        "mag": 18.069000000000003,
        "mag_err": 0.0660521,
        "locus_id": "ZTF19aavhypb"
    },
    "8": {
        "mjd": 58635.2607755,
        "passband": 2,
        "mag": 18.0269,
        "mag_err": 0.034783499999999995,
        "locus_id": "ZTF19aavhypb"
    },
    "9": {
        "mjd": 58638.19379630001,
        "passband": 1,
        "mag": 17.8326,
        "mag_err": 0.0558943,
        "locus_id": "ZTF19aavhypb"
    },
    "10": {
        "mjd": 58638.240173599996,
        "passband": 2,
        "mag": 18.0134,
        "mag_err": 0.044517,
        "locus_id": "ZTF19aavhypb"
    },
    "11": {
        "mjd": 58638.256539400005,
        "passband": 2,
        "mag": 18.0163,
        "mag_err": 0.0643921,
        "locus_id": "ZTF19aavhypb"
    },
    "12": {
        "mjd": 58638.3286574,
        "passband": 1,
        "mag": 17.8501,
        "mag_err": 0.0625431,
        "locus_id": "ZTF19aavhypb"
    },
    "13": {
        "mjd": 58641.20373840001,
        "passband": 1,
        "mag": 17.9549,
        "mag_err": 0.06605,
        "locus_id": "ZTF19aavhypb"
    },
    "14": {
        "mjd": 58641.2070255,
        "passband": 1,
        "mag": 17.9324,
        "mag_err": 0.06343240000000001,
        "locus_id": "ZTF19aavhypb"
    },
    "15": {
        "mjd": 58641.3082523,
        "passband": 2,
        "mag": 18.0839,
        "mag_err": 0.054676699999999995,
        "locus_id": "ZTF19aavhypb"
    },
    "16": {
        "mjd": 58644.201875,
        "passband": 1,
        "mag": 18.1162,
        "mag_err": 0.071798,
        "locus_id": "ZTF19aavhypb"
    },
    "17": {
        "mjd": 58644.203287000004,
        "passband": 1,
        "mag": 18.0441,
        "mag_err": 0.0715543,
        "locus_id": "ZTF19aavhypb"
    },
    "18": {
        "mjd": 58644.2635069,
        "passband": 2,
        "mag": 18.2081,
        "mag_err": 0.06653939999999998,
        "locus_id": "ZTF19aavhypb"
    },
    "19": {
        "mjd": 58644.26695599999,
        "passband": 2,
        "mag": 18.1729,
        "mag_err": 0.0708161,
        "locus_id": "ZTF19aavhypb"
    },
    "20": {
        "mjd": 58647.242511599994,
        "passband": 2,
        "mag": 18.3221,
        "mag_err": 0.06809939999999999,
        "locus_id": "ZTF19aavhypb"
    },
    "21": {
        "mjd": 58647.2903819,
        "passband": 2,
        "mag": 18.4103,
        "mag_err": 0.08881789999999999,
        "locus_id": "ZTF19aavhypb"
    },
    "22": {
        "mjd": 58650.199861099994,
        "passband": 1,
        "mag": 18.5283,
        "mag_err": 0.104993,
        "locus_id": "ZTF19aavhypb"
    },
    "23": {
        "mjd": 58650.225520800006,
        "passband": 1,
        "mag": 18.4907,
        "mag_err": 0.110757,
        "locus_id": "ZTF19aavhypb"
    },
    "24": {
        "mjd": 58650.26188659999,
        "passband": 2,
        "mag": 18.6779,
        "mag_err": 0.105519,
        "locus_id": "ZTF19aavhypb"
    },
    "25": {
        "mjd": 58650.26469909999,
        "passband": 2,
        "mag": 18.6064,
        "mag_err": 0.0913425,
        "locus_id": "ZTF19aavhypb"
    },
    "26": {
        "mjd": 58653.1924421,
        "passband": 2,
        "mag": 18.752,
        "mag_err": 0.07419400000000001,
        "locus_id": "ZTF19aavhypb"
    },
    "27": {
        "mjd": 58653.2619907,
        "passband": 1,
        "mag": 18.7701,
        "mag_err": 0.104493,
        "locus_id": "ZTF19aavhypb"
    },
    "28": {
        "mjd": 58653.290011599995,
        "passband": 1,
        "mag": 18.8133,
        "mag_err": 0.131703,
        "locus_id": "ZTF19aavhypb"
    },
    "29": {
        "mjd": 58657.200196800004,
        "passband": 1,
        "mag": 19.0019,
        "mag_err": 0.07482130000000001,
        "locus_id": "ZTF19aavhypb"
    },
    "30": {
        "mjd": 58657.20291669999,
        "passband": 1,
        "mag": 19.135,
        "mag_err": 0.131701,
        "locus_id": "ZTF19aavhypb"
    },
    "31": {
        "mjd": 58657.2618634,
        "passband": 2,
        "mag": 18.9452,
        "mag_err": 0.100744,
        "locus_id": "ZTF19aavhypb"
    },
    "32": {
        "mjd": 58660.184571800004,
        "passband": 1,
        "mag": 19.4386,
        "mag_err": 0.0912152,
        "locus_id": "ZTF19aavhypb"
    },
    "33": {
        "mjd": 58660.1964352,
        "passband": 1,
        "mag": 19.3999,
        "mag_err": 0.133236,
        "locus_id": "ZTF19aavhypb"
    },
    "34": {
        "mjd": 58660.238958300004,
        "passband": 2,
        "mag": 18.8896,
        "mag_err": 0.0885026,
        "locus_id": "ZTF19aavhypb"
    },
    "35": {
        "mjd": 58663.20179400001,
        "passband": 2,
        "mag": 18.9022,
        "mag_err": 0.0868648,
        "locus_id": "ZTF19aavhypb"
    },
    "36": {
        "mjd": 58663.20273150001,
        "passband": 2,
        "mag": 18.9897,
        "mag_err": 0.139492,
        "locus_id": "ZTF19aavhypb"
    },
    "37": {
        "mjd": 58663.22017359999,
        "passband": 1,
        "mag": 19.613,
        "mag_err": 0.130509,
        "locus_id": "ZTF19aavhypb"
    },
    "38": {
        "mjd": 58663.22111109999,
        "passband": 1,
        "mag": 19.5941,
        "mag_err": 0.163261,
        "locus_id": "ZTF19aavhypb"
    },
    "39": {
        "mjd": 58667.21791669999,
        "passband": 2,
        "mag": 19.1066,
        "mag_err": 0.09841799999999999,
        "locus_id": "ZTF19aavhypb"
    },
    "40": {
        "mjd": 58667.3234028,
        "passband": 1,
        "mag": 19.9654,
        "mag_err": 0.15579,
        "locus_id": "ZTF19aavhypb"
    },
    "41": {
        "mjd": 58667.327141199996,
        "passband": 1,
        "mag": 19.9173,
        "mag_err": 0.241184,
        "locus_id": "ZTF19aavhypb"
    },
    "42": {
        "mjd": 58670.1951852,
        "passband": 1,
        "mag": 20.1491,
        "mag_err": 0.193573,
        "locus_id": "ZTF19aavhypb"
    },
    "43": {
        "mjd": 58670.3055787,
        "passband": 2,
        "mag": 19.1857,
        "mag_err": 0.114946,
        "locus_id": "ZTF19aavhypb"
    },
    "44": {
        "mjd": 58670.3098148,
        "passband": 2,
        "mag": 19.107,
        "mag_err": 0.10631800000000001,
        "locus_id": "ZTF19aavhypb"
    },
    "45": {
        "mjd": 58673.3010417,
        "passband": 1,
        "mag": 20.2769,
        "mag_err": 0.21942899999999999,
        "locus_id": "ZTF19aavhypb"
    },
    "46": {
        "mjd": 58673.3028472,
        "passband": 1,
        "mag": 20.4128,
        "mag_err": 0.239918,
        "locus_id": "ZTF19aavhypb"
    },
    "47": {
        "mjd": 58676.2058102,
        "passband": 2,
        "mag": 19.3294,
        "mag_err": 0.113497,
        "locus_id": "ZTF19aavhypb"
    },