{
    "0": {
        "mjd": 58588.3795949,
        "passband": 2,
        "mag": 20.4736,
        "mag_err": 0.345496,
        "locus_id": "ZTF19aarnqys"
    },
    "1": {
        "mjd": 58594.2741204,
        "passband": 1,
        "mag": 19.3966,
        "mag_err": 0.28075100000000003,
        "locus_id": "ZTF19aarnqys"
    },
    "2": {
        "mjd": 58597.29666669999,
        "passband": 1,
        "mag": 19.2982,
        "mag_err": 0.124777,
        "locus_id": "ZTF19aarnqys"
    },
    "3": {
        "mjd": 58597.3783102,
        "passband": 2,
        "mag": 19.3159,
        "mag_err": 0.121324,
        "locus_id": "ZTF19aarnqys"
    },
    "4": {
        "mjd": 58606.33770830001,
        "passband": 2,
        "mag": 18.8864,
        "mag_err": 0.0729212,
        "locus_id": "ZTF19aarnqys"
    },
    "5": {
        "mjd": 58616.251053199994,
        "passband": 1,
        "mag": 20.2262,
        "mag_err": 0.275131,
        "locus_id": "ZTF19aarnqys"
    },
    "6": {
        "mjd": 58616.293981500006,
        "passband": 2,
        "mag": 19.2098,
        "mag_err": 0.12779400000000002,
        "locus_id": "ZTF19aarnqys"
    },
    "7": {
        "mjd": 58619.3160532,
        "passband": 2,
        "mag": 19.4778,
        "mag_err": 0.268541,
        "locus_id": "ZTF19aarnqys"
    },
    "8": {
        "mjd": 58633.2514699,
        "passband": 1,
        "mag": 20.8145,
        "mag_err": 0.285355,
        "locus_id": "ZTF19aarnqys"
    },
    "9": {
        "mjd": 58633.2958102,
        "passband": 2,
        "mag": 19.9276,
        "mag_err": 0.181059,
        "locus_id": "ZTF19aarnqys"
    },
    "10": {
        "mjd": 58636.21042819999,
        "passband": 2,
        "mag": 19.9115,
        "mag_err": 0.152565,
        "locus_id": "ZTF19aarnqys"
    },
    "11": {
        "mjd": 58639.2739352,
        "passband": 2,
        "mag": 20.2087,
        "mag_err": 0.19304300000000002,
        "locus_id": "ZTF19aarnqys"
    },
    "12": {
        "mjd": 58642.2526968,
        "passband": 2,
        "mag": 20.3297,
        "mag_err": 0.203294,
        "locus_id": "ZTF19aarnqys"
    }
}