{
    "0": {
        "mjd": 58423.516261599994,
        "passband": 2,
        "mag": 18.7916,
        "mag_err": 0.09967360000000001,
        "locus_id": "ZTF18acbzpxx"
    },
    "1": {
        "mjd": 58426.430335599995,
        "passband": 2,
        "mag": 18.8179,
        "mag_err": 0.09664199999999999,
        "locus_id": "ZTF18acbzpxx"
    },
    "2": {
        "mjd": 58426.5490278,
        "passband": 2,
        "mag": 18.7223,
        "mag_err": 0.102652,
        "locus_id": "ZTF18acbzpxx"
    },
    "3": {
        "mjd": 58429.5196875,
        "passband": 2,
        "mag": 18.7239,
        "mag_err": 0.0805981,
        "locus_id": "ZTF18acbzpxx"
    },
    "4": {
        "mjd": 58430.3747338,
        "passband": 1,
        "mag": 19.3891,
        "mag_err": 0.106232,
        "locus_id": "ZTF18acbzpxx"
    },
    "5": {
        "mjd": 58432.3879977,
        "passband": 2,
        "mag": 18.8481,
        "mag_err": 0.111356,
        "locus_id": "ZTF18acbzpxx"
    },
    "6": {
        "mjd": 58432.44789349999,
        "passband": 1,
        "mag": 19.6226,
        "mag_err": 0.114599,
        "locus_id": "ZTF18acbzpxx"
    },
    "7": {
        "mjd": 58438.477951400004,
        "passband": 1,
        "mag": 20.1466,
        "mag_err": 0.20926999999999998,
        "locus_id": "ZTF18acbzpxx"
    },
    "8": {
        "mjd": 58438.513831,
        "passband": 2,
        "mag": 18.9927,
        "mag_err": 0.08614680000000001,
        "locus_id": "ZTF18acbzpxx"
    },
    "9": {
        "mjd": 58441.4337153,
        "passband": 2,
        "mag": 19.1279,
        "mag_err": 0.09538880000000001,
        "locus_id": "ZTF18acbzpxx"
    },
    "10": {
        "mjd": 58447.452488400006,
        "passband": 2,
        "mag": 19.2007,
        "mag_err": 0.139521,
        "locus_id": "ZTF18acbzpxx"
    },
    "11": {
        "mjd": 58455.49498840001,
        "passband": 2,
        "mag": 19.5171,
        "mag_err": 0.1551,
        "locus_id": "ZTF18acbzpxx"
    },
    "12": {
        "mjd": 58461.511330999994,
        "passband": 2,
        "mag": 19.8167,
        "mag_err": 0.188895,
        "locus_id": "ZTF18acbzpxx"
    },
    "13": {
        "mjd": 58464.4786806,
        "passband": 1,
        "mag": 19.8718,
        "mag_err": 0.154192,
        "locus_id": "ZTF18acbzpxx"
    },
    "14": {
        "mjd": 58464.5275926,
        "passband": 2,
        "mag": 19.8197,
        "mag_err": 0.143423,
        "locus_id": "ZTF18acbzpxx"
    },
    "15": {
        "mjd": 58482.5549421,
        "passband": 1,
        "mag": 19.8835,
        "mag_err": 0.206789,
        "locus_id": "ZTF18acbzpxx"
    },
    "16": {
        "mjd": 58493.2441319,
        "passband": 1,
        "mag": 19.7716,
        "mag_err": 0.21694499999999997,
        "locus_id": "ZTF18acbzpxx"
    },
    "17": {
        "mjd": 58508.2025579,
        "passband": 1,
        "mag": 19.7121,
        "mag_err": 0.158643,
        "locus_id": "ZTF18acbzpxx"
    },
    "18": {
        "mjd": 58511.17435190001,
        "passband": 1,
        "mag": 19.6542,
        "mag_err": 0.17366099999999998,
        "locus_id": "ZTF18acbzpxx"
    },
    "19": {
        "mjd": 58522.405381900004,
        "passband": 1,
        "mag": 19.7622,
        "mag_err": 0.213164,
        "locus_id": "ZTF18acbzpxx"
    },
    "20": {
        "mjd": 58556.243136599995,
        "passband": 1,
        "mag": 19.79,
        "mag_err": 0.178424,
        "locus_id": "ZTF18acbzpxx"
    },
    "21": {
        "mjd": 58567.1742245,
        "passband": 1,
        "mag": 19.6611,
        "mag_err": 0.129723,
        "locus_id": "ZTF18acbzpxx"
    },
    "22": {
        "mjd": 58572.1738426,
        "passband": 1,
        "mag": 19.7405,
        "mag_err": 0.23748899999999998,
        "locus_id": "ZTF18acbzpxx"
    },
    "23": {
        "mjd": 58575.202569400004,
        "passband": 1,
        "mag": 19.5914,
        "mag_err": 0.219243,
        "locus_id": "ZTF18acbzpxx"
    },
    "24": {
        "mjd": 58581.204838,
        "passband": 1,
        "mag": 19.7316,
        "mag_err": 0.170435,
        "locus_id": "ZTF18acbzpxx"
    },
    "25": {
        "mjd": 58584.20623840001,
        "passband": 1,
        "mag": 19.575,
        "mag_err": 0.200881,
        "locus_id": "ZTF18acbzpxx"
    },
    "26": {
        "mjd": 58591.153518499996,
        "passband": 1,
        "mag": 19.6847,
        "mag_err": 0.246462,
        "locus_id": "ZTF18acbzpxx"
    },
    "27": {
        "mjd": 58594.172164400006,
        "passband": 1,
        "mag": 19.7202,
        "mag_err": 0.177599,
        "locus_id": "ZTF18acbzpxx"
    },
    "28": {
        "mjd": 58598.2073148,
        "passband": 1,
        "mag": 19.5689,
        "mag_err": 0.131074,
        "locus_id": "ZTF18acbzpxx"
    },
    "29": {
        "mjd": 58733.491516199996,
        "passband": 1,
        "mag": 19.5164,
        "mag_err": 0.275147,
        "locus_id": "ZTF18acbzpxx"
    },
    "30": {
        "mjd": 58736.4880671,
        "passband": 1,
        "mag": 19.7663,
        "mag_err": 0.258716,
        "locus_id": "ZTF18acbzpxx"
    },
    "31": {
        "mjd": 58745.5246875,
        "passband": 1,
        "mag": 19.4826,
        "mag_err": 0.299348,
        "locus_id": "ZTF18acbzpxx"
    },
    "32": {
        "mjd": 58748.51416669999,
        "passband": 1,
        "mag": 19.6168,
        "mag_err": 0.204378,
        "locus_id": "ZTF18acbzpxx"
    },
    "33": {
        "mjd": 58756.4708449,
        "passband": 1,
        "mag": 19.5635,
        "mag_err": 0.167594,
        "locus_id": "ZTF18acbzpxx"
    },
    "34": {
        "mjd": 58758.509294,
        "passband": 1,
        "mag": 19.6307,
        "mag_err": 0.170355,
        "locus_id": "ZTF18acbzpxx"
    },
    "35": {
        "mjd": 58759.47017359999,
        "passband": 1,
        "mag": 19.6468,
        "mag_err": 0.160477,
        "locus_id": "ZTF18acbzpxx"
    },
    "36": {
        "mjd": 58763.4705324,
        "passband": 1,
        "mag": 19.5675,
        "mag_err": 0.184585,
        "locus_id": "ZTF18acbzpxx"
    },
    "37": {
        "mjd": 58766.437488400006,
        "passband": 1,
        "mag": 19.7899,
        "mag_err": 0.34770300000000004,
        "locus_id": "ZTF18acbzpxx"
    },
    "38": {
        "mjd": 58779.50471059999,
        "passband": 1,
        "mag": 19.6226,
        "mag_err": 0.197555,
        "locus_id": "ZTF18acbzpxx"
    },
    "39": {
        "mjd": 58785.462963,
        "passband": 1,
        "mag": 19.4903,
        "mag_err": 0.149096,
        "locus_id": "ZTF18acbzpxx"
    },
    "40": {
        "mjd": 58788.506446800006,
        "passband": 1,
        "mag": 19.5878,
        "mag_err": 0.168249,
        "locus_id": "ZTF18acbzpxx"
    },
    "41": {
        "mjd": 58796.5496528,
        "passband": 1,
        "mag": 19.6909,
        "mag_err": 0.18601800000000002,
        "locus_id": "ZTF18acbzpxx"
    },
    "42": {
        "mjd": 58806.4668403,
        "passband": 1,
        "mag": 19.6016,
        "mag_err": 0.23053800000000002,
        "locus_id": "ZTF18acbzpxx"
    },
    "43": {
        "mjd": 58812.434548599995,
        "passband": 1,
        "mag": 19.5673,
        "mag_err": 0.169491,
        "locus_id": "ZTF18acbzpxx"
    },
    "44": {
        "mjd": 58846.484919,
        "passband": 1,
        "mag": 19.6231,
        "mag_err": 0.154476,
        "locus_id": "ZTF18acbzpxx"
    },
    "45": {
        "mjd": 58849.4689236,
        "passband": 1,
        "mag": 19.618,
        "mag_err": 0.152167,
        "locus_id": "ZTF18acbzpxx"
    },
    "46": {
        "mjd": 58850.4254977,
        "passband": 1,
        "mag": 19.7485,
        "mag_err": 0.312134,
        "locus_id": "ZTF18acbzpxx"
    },
    "47": {
        "mjd": 58852.46247690001,
        "passband": 1,
        "mag": 19.6934,
        "mag_err": 0.13053499999999998,
        "locus_id": "ZTF18acbzpxx"
    },
    "48": {
        "mjd": 58853.46145830001,
        "passband": 1,
        "mag": 19.6595,