{
    "0": {
        "mjd": 58787.51398150001,
        "passband": 2,
        "mag": 19.9869,
        "mag_err": 0.293214,
        "locus_id": "ZTF19acnqsui"
    },
    "1": {
        "mjd": 58790.5415046,
        "passband": 1,
        "mag": 18.9836,
        "mag_err": 0.11445899999999999,
        "locus_id": "ZTF19acnqsui"
    },
    "2": {
        "mjd": 58793.519838,
        "passband": 2,
        "mag": 18.7777,
        "mag_err": 0.0859283,
        "locus_id": "ZTF19acnqsui"
    },
    "3": {
        "mjd": 58796.5395023,
        "passband": 2,
        "mag": 18.5808,
        "mag_err": 0.0964317,
        "locus_id": "ZTF19acnqsui"
    },
    "4": {
        "mjd": 58796.550115699996,
        "passband": 1,
        "mag": 18.5429,
        "mag_err": 0.09625189999999999,
        "locus_id": "ZTF19acnqsui"
    },
    "5": {
        "mjd": 58798.4372454,
        "passband": 2,
        "mag": 18.4113,
        "mag_err": 0.0730569,
        "locus_id": "ZTF19acnqsui"
    },
    "6": {
        "mjd": 58799.3676389,
        "passband": 2,
        "mag": 18.499000000000002,
        "mag_err": 0.07502139999999999,
        "locus_id": "ZTF19acnqsui"
    },
    "7": {
        "mjd": 58799.4717593,
        "passband": 2,
        "mag": 18.5232,
        "mag_err": 0.101601,
        "locus_id": "ZTF19acnqsui"
    },
    "8": {
        "mjd": 58800.4364699,
        "passband": 2,
        "mag": 18.4914,
        "mag_err": 0.08777539999999999,
        "locus_id": "ZTF19acnqsui"
    },
    "9": {
        "mjd": 58801.423460599995,
        "passband": 2,
        "mag": 18.7584,
        "mag_err": 0.173802,
        "locus_id": "ZTF19acnqsui"
    },
    "10": {
        "mjd": 58802.538912,
        "passband": 1,
        "mag": 18.5066,
        "mag_err": 0.124425,
        "locus_id": "ZTF19acnqsui"
    },
    "11": {
        "mjd": 58806.4865625,
        "passband": 2,
        "mag": 18.5931,
        "mag_err": 0.0959457,
        "locus_id": "ZTF19acnqsui"
    },
    "12": {
        "mjd": 58811.43564809999,
        "passband": 1,
        "mag": 19.0092,
        "mag_err": 0.135101,
        "locus_id": "ZTF19acnqsui"
    },
    "13": {
        "mjd": 58827.2909375,
        "passband": 2,
        "mag": 19.4682,
        "mag_err": 0.21197600000000003,
        "locus_id": "ZTF19acnqsui"
    },
    "14": {
        "mjd": 58827.4233102,
        "passband": 2,
        "mag": 19.1574,
        "mag_err": 0.17209000000000002,
        "locus_id": "ZTF19acnqsui"
    },
    "15": {
        "mjd": 58833.41633099999,
        "passband": 2,
        "mag": 19.5017,
        "mag_err": 0.192974,
        "locus_id": "ZTF19acnqsui"
    },
    "16": {
        "mjd": 58836.4720833,
        "passband": 2,
        "mag": 19.7409,
        "mag_err": 0.138271,
        "locus_id": "ZTF19acnqsui"
    },
    "17": {
        "mjd": 58846.2818403,
        "passband": 2,
        "mag": 20.1461,
        "mag_err": 0.233127,
        "locus_id": "ZTF19acnqsui"
    },
    "18": {
        "mjd": 58850.4488426,
        "passband": 2,
        "mag": 20.2221,
        "mag_err": 0.372294,
        "locus_id": "ZTF19acnqsui"
    },
    "19": {
        "mjd": 58851.43511569999,
        "passband": 2,
        "mag": 20.379,
        "mag_err": 0.254389,
        "locus_id": "ZTF19acnqsui"
    },
    "20": {
        "mjd": 58852.42998840001,
        "passband": 2,
        "mag": 20.4283,
        "mag_err": 0.190493,
        "locus_id": "ZTF19acnqsui"
    }
}