{
    "0": {
        "mjd": 58597.2432523,
        "passband": 2,
        "mag": 19.4649,
        "mag_err": 0.123052,
        "locus_id": "ZTF19aarmznp"
    },
    "1": {
        "mjd": 58597.25410880001,
        "passband": 1,
        "mag": 19.3629,
        "mag_err": 0.116578,
        "locus_id": "ZTF19aarmznp"
    },
    "2": {
        "mjd": 58597.348391199994,
        "passband": 2,
        "mag": 19.4568,
        "mag_err": 0.159136,
        "locus_id": "ZTF19aarmznp"
    },
    "3": {
        "mjd": 58601.229085599996,
        "passband": 1,
        "mag": 18.0418,
        "mag_err": 0.06665499999999999,
        "locus_id": "ZTF19aarmznp"
    },
    "4": {
        "mjd": 58601.247580999996,
        "passband": 1,
        "mag": 18.0376,
        "mag_err": 0.05821950000000001,
        "locus_id": "ZTF19aarmznp"
    },
    "5": {
        "mjd": 58601.26030090001,
        "passband": 2,
        "mag": 18.1844,
        "mag_err": 0.0581818,
        "locus_id": "ZTF19aarmznp"
    },
    "6": {
        "mjd": 58605.21136569999,
        "passband": 1,
        "mag": 17.4958,
        "mag_err": 0.051888,
        "locus_id": "ZTF19aarmznp"
    },
    "7": {
        "mjd": 58608.20751159999,
        "passband": 1,
        "mag": 17.3158,
        "mag_err": 0.0528705,
        "locus_id": "ZTF19aarmznp"
    },
    "8": {
        "mjd": 58608.215486099994,
        "passband": 2,
        "mag": 17.5378,
        "mag_err": 0.046427800000000005,
        "locus_id": "ZTF19aarmznp"
    },
    "9": {
        "mjd": 58612.1746528,
        "passband": 1,
        "mag": 17.3123,
        "mag_err": 0.046946499999999995,
        "locus_id": "ZTF19aarmznp"
    },
    "10": {
        "mjd": 58612.19438659999,
        "passband": 2,
        "mag": 17.4505,
        "mag_err": 0.047154,
        "locus_id": "ZTF19aarmznp"
    },
    "11": {
        "mjd": 58618.26839119999,
        "passband": 2,
        "mag": 17.5289,
        "mag_err": 0.0673122,
        "locus_id": "ZTF19aarmznp"
    },
    "12": {
        "mjd": 58634.1706944,
        "passband": 2,
        "mag": 18.3201,
        "mag_err": 0.058808000000000006,
        "locus_id": "ZTF19aarmznp"
    },
    "13": {
        "mjd": 58634.194375,
        "passband": 1,
        "mag": 18.8267,
        "mag_err": 0.0849173,
        "locus_id": "ZTF19aarmznp"
    },
    "14": {
        "mjd": 58637.1776852,
        "passband": 2,
        "mag": 18.3332,
        "mag_err": 0.0557408,
        "locus_id": "ZTF19aarmznp"
    },
    "15": {
        "mjd": 58637.2227199,
        "passband": 1,
        "mag": 19.0015,
        "mag_err": 0.105724,
        "locus_id": "ZTF19aarmznp"
    },
    "16": {
        "mjd": 58640.1729051,
        "passband": 1,
        "mag": 19.2846,
        "mag_err": 0.163375,
        "locus_id": "ZTF19aarmznp"
    },
    "17": {
        "mjd": 58640.2215046,
        "passband": 2,
        "mag": 18.4008,
        "mag_err": 0.0722177,
        "locus_id": "ZTF19aarmznp"
    },
    "18": {
        "mjd": 58648.19932869999,
        "passband": 2,
        "mag": 18.7987,
        "mag_err": 0.148847,
        "locus_id": "ZTF19aarmznp"
    },
    "19": {
        "mjd": 58662.179664400006,
        "passband": 2,
        "mag": 19.4156,
        "mag_err": 0.16033499999999998,
        "locus_id": "ZTF19aarmznp"
    }
}