{
    "0": {
        "mjd": 58703.426412,
        "passband": 2,
        "mag": 20.4123,
        "mag_err": 0.23128,
        "locus_id": "ZTF19abopflp"
    },
    "1": {
        "mjd": 58703.42875,
        "passband": 2,
        "mag": 20.6031,
        "mag_err": 0.185633,
        "locus_id": "ZTF19abopflp"
    },
    "2": {
        "mjd": 58703.47223380001,
        "passband": 1,
        "mag": 20.4327,
        "mag_err": 0.19529200000000002,
        "locus_id": "ZTF19abopflp"
    },
    "3": {
        "mjd": 58706.4039931,
        "passband": 2,
        "mag": 19.3933,
        "mag_err": 0.0862758,
        "locus_id": "ZTF19abopflp"
    },
    "4": {
        "mjd": 58706.40675930001,
        "passband": 2,
        "mag": 19.2847,
        "mag_err": 0.07911069999999999,
        "locus_id": "ZTF19abopflp"
    },
    "5": {
        "mjd": 58706.4586921,
        "passband": 1,
        "mag": 19.0887,
        "mag_err": 0.14579,
        "locus_id": "ZTF19abopflp"
    },
    "6": {
        "mjd": 58709.480798599994,
        "passband": 1,
        "mag": 18.5036,
        "mag_err": 0.10295,
        "locus_id": "ZTF19abopflp"
    },
    "7": {
        "mjd": 58709.4812847,
        "passband": 1,
        "mag": 18.4656,
        "mag_err": 0.0695012,
        "locus_id": "ZTF19abopflp"
    },
    "8": {
        "mjd": 58712.40263890001,
        "passband": 2,
        "mag": 18.3145,
        "mag_err": 0.07648049999999999,
        "locus_id": "ZTF19abopflp"
    },
    "9": {
        "mjd": 58712.4261227,
        "passband": 2,
        "mag": 18.2955,
        "mag_err": 0.0634323,
        "locus_id": "ZTF19abopflp"
    },
    "10": {
        "mjd": 58712.47501159999,
        "passband": 1,
        "mag": 18.0898,
        "mag_err": 0.0642948,
        "locus_id": "ZTF19abopflp"
    },
    "11": {
        "mjd": 58715.3784144,
        "passband": 2,
        "mag": 18.1512,
        "mag_err": 0.0744589,
        "locus_id": "ZTF19abopflp"
    },
    "12": {
        "mjd": 58715.42898150001,
        "passband": 2,
        "mag": 18.134,
        "mag_err": 0.0649617,
        "locus_id": "ZTF19abopflp"
    },
    "13": {
        "mjd": 58715.5074074,
        "passband": 1,
        "mag": 17.9612,
        "mag_err": 0.09087669999999999,
        "locus_id": "ZTF19abopflp"
    },
    "14": {
        "mjd": 58715.5078588,
        "passband": 1,
        "mag": 17.9522,
        "mag_err": 0.0627164,
        "locus_id": "ZTF19abopflp"
    },
    "15": {
        "mjd": 58718.40964119999,
        "passband": 1,
        "mag": 17.9322,
        "mag_err": 0.0578751,
        "locus_id": "ZTF19abopflp"
    },
    "16": {
        "mjd": 58718.4110532,
        "passband": 1,
        "mag": 17.957,
        "mag_err": 0.061697699999999994,
        "locus_id": "ZTF19abopflp"
    },
    "17": {
        "mjd": 58718.47645830001,
        "passband": 2,
        "mag": 18.1086,
        "mag_err": 0.054956,
        "locus_id": "ZTF19abopflp"
    },
    "18": {
        "mjd": 58718.4778704,
        "passband": 2,
        "mag": 18.1087,
        "mag_err": 0.06291580000000001,
        "locus_id": "ZTF19abopflp"
    },
    "19": {
        "mjd": 58721.4456597,
        "passband": 2,
        "mag": 18.379,
        "mag_err": 0.222065,
        "locus_id": "ZTF19abopflp"
    },
    "20": {
        "mjd": 58724.399305599996,
        "passband": 2,
        "mag": 18.1751,
        "mag_err": 0.056222900000000006,
        "locus_id": "ZTF19abopflp"
    },
    "21": {
        "mjd": 58724.41530090001,
        "passband": 2,
        "mag": 18.2041,
        "mag_err": 0.0463365,
        "locus_id": "ZTF19abopflp"
    },
    "22": {
        "mjd": 58724.4332755,
        "passband": 1,
        "mag": 18.13,
        "mag_err": 0.0530774,
        "locus_id": "ZTF19abopflp"
    },
    "23": {
        "mjd": 58724.44910880001,
        "passband": 1,
        "mag": 18.0765,
        "mag_err": 0.0746719,
        "locus_id": "ZTF19abopflp"
    },
    "24": {
        "mjd": 58727.40686340001,
        "passband": 1,
        "mag": 18.2312,
        "mag_err": 0.07660449999999999,
        "locus_id": "ZTF19abopflp"
    },
    "25": {
        "mjd": 58727.4470023,
        "passband": 1,
        "mag": 18.2481,
        "mag_err": 0.060319500000000005,
        "locus_id": "ZTF19abopflp"
    },
    "26": {
        "mjd": 58727.4872106,
        "passband": 2,
        "mag": 18.3371,
        "mag_err": 0.047462199999999996,
        "locus_id": "ZTF19abopflp"
    },
    "27": {
        "mjd": 58730.399074099994,
        "passband": 2,
        "mag": 18.5055,
        "mag_err": 0.06932680000000001,
        "locus_id": "ZTF19abopflp"
    },
    "28": {
        "mjd": 58730.47449069999,
        "passband": 1,
        "mag": 18.4275,
        "mag_err": 0.0658247,
        "locus_id": "ZTF19abopflp"
    },
    "29": {
        "mjd": 58732.4663194,
        "passband": 2,
        "mag": 18.6044,
        "mag_err": 0.061089300000000006,
        "locus_id": "ZTF19abopflp"
    },
    "30": {
        "mjd": 58733.393553199996,
        "passband": 2,
        "mag": 18.7078,
        "mag_err": 0.086621,
        "locus_id": "ZTF19abopflp"
    },
    "31": {
        "mjd": 58733.4517245,
        "passband": 1,
        "mag": 18.6841,
        "mag_err": 0.0881903,
        "locus_id": "ZTF19abopflp"
    },
    "32": {
        "mjd": 58735.3914699,
        "passband": 2,
        "mag": 18.7817,
        "mag_err": 0.0896663,
        "locus_id": "ZTF19abopflp"
    },
    "33": {
        "mjd": 58735.4239931,
        "passband": 1,
        "mag": 18.8218,
        "mag_err": 0.0892841,
        "locus_id": "ZTF19abopflp"
    },
    "34": {
        "mjd": 58736.431169,
        "passband": 2,
        "mag": 18.8146,
        "mag_err": 0.08156580000000001,
        "locus_id": "ZTF19abopflp"
    },
    "35": {
        "mjd": 58736.457268499995,
        "passband": 1,
        "mag": 18.8868,
        "mag_err": 0.0919727,
        "locus_id": "ZTF19abopflp"
    },
    "36": {
        "mjd": 58738.3404745,
        "passband": 2,
        "mag": 18.7366,
        "mag_err": 0.106054,
        "locus_id": "ZTF19abopflp"
    },
    "37": {
        "mjd": 58738.423553199995,
        "passband": 1,
        "mag": 18.9759,
        "mag_err": 0.133131,
        "locus_id": "ZTF19abopflp"
    },
    "38": {
        "mjd": 58739.499039400005,
        "passband": 1,
        "mag": 19.2414,
        "mag_err": 0.237909,
        "locus_id": "ZTF19abopflp"
    },
    "39": {
        "mjd": 58741.42719909999,
        "passband": 2,
        "mag": 18.7827,
        "mag_err": 0.143554,
        "locus_id": "ZTF19abopflp"
    },
    "40": {
        "mjd": 58741.4968634,
        "passband": 1,
        "mag": 19.4214,
        "mag_err": 0.293995,
        "locus_id": "ZTF19abopflp"
    },
    "41": {
        "mjd": 58743.367662,
        "passband": 2,
        "mag": 18.9626,
        "mag_err": 0.14424800000000002,
        "locus_id": "ZTF19abopflp"
    },
    "42": {
        "mjd": 58743.40101849999,
        "passband": 1,
        "mag": 19.2764,
        "mag_err": 0.23328800000000002,
        "locus_id": "ZTF19abopflp"
    },
    "43": {
        "mjd": 58744.38189809999,
        "passband": 2,
        "mag": 19.021,
        "mag_err": 0.134759,
        "locus_id": "ZTF19abopflp"
    },
    "44": {
        "mjd": 58747.42938659999,
        "passband": 2,
        "mag": 19.0295,
        "mag_err": 0.09948,
        "locus_id": "ZTF19abopflp"
    },
    "45": {
        "mjd": 58749.297523099995,
        "passband": 2,
        "mag": 19.1615,
        "mag_err": 0.09735310000000001,
        "locus_id": "ZTF19abopflp"
    },
    "46": {
        "mjd": 58749.32182869999,
        "passband": 1,
        "mag": 19.9352,
        "mag_err": 0.19956500000000002,
        "locus_id": "ZTF19abopflp"
    },
    "47": {
        "mjd": 58750.32607640001,
        "passband": 2,
        "mag": 19.1258,
        "mag_err": 0.0960002,
        "locus_id": "ZTF19abopflp"
    },