{
    "0": {
        "mjd": 58830.442893499996,
        "passband": 2,
        "mag": 19.798,
        "mag_err": 0.26442899999999997,
        "locus_id": "ZTF19aczjsqn"
    },
    "1": {
        "mjd": 58830.44379630001,
        "passband": 2,
        "mag": 19.9557,
        "mag_err": 0.32652,
        "locus_id": "ZTF19aczjsqn"
    },
    "2": {
        "mjd": 58830.5502431,
        "passband": 1,
        "mag": 19.8487,
        "mag_err": 0.254788,
        "locus_id": "ZTF19aczjsqn"
    },
    "3": {
        "mjd": 58835.4625579,
        "passband": 2,
        "mag": 19.3158,
        "mag_err": 0.21486599999999997,
        "locus_id": "ZTF19aczjsqn"
    },
    "4": {
        "mjd": 58835.5073148,
        "passband": 1,
        "mag": 19.1744,
        "mag_err": 0.130924,
        "locus_id": "ZTF19aczjsqn"
    },
    "5": {
        "mjd": 58835.508761599995,
        "passband": 1,
        "mag": 19.3158,
        "mag_err": 0.18944,
        "locus_id": "ZTF19aczjsqn"
    },
    "6": {
        "mjd": 58838.477824099995,
        "passband": 1,
        "mag": 18.947,
        "mag_err": 0.264263,
        "locus_id": "ZTF19aczjsqn"
    },
    "7": {
        "mjd": 58838.50567130001,
        "passband": 2,
        "mag": 18.9885,
        "mag_err": 0.256207,
        "locus_id": "ZTF19aczjsqn"
    },
    "8": {
        "mjd": 58849.4265972,
        "passband": 2,
        "mag": 18.655,
        "mag_err": 0.0924064,
        "locus_id": "ZTF19aczjsqn"
    },
    "9": {
        "mjd": 58849.4275,
        "passband": 2,
        "mag": 18.712,
        "mag_err": 0.09906380000000001,
        "locus_id": "ZTF19aczjsqn"
    },
    "10": {
        "mjd": 58849.46298609999,
        "passband": 1,
        "mag": 19.1256,
        "mag_err": 0.11931800000000001,
        "locus_id": "ZTF19aczjsqn"
    },
    "11": {
        "mjd": 58849.4810417,
        "passband": 1,
        "mag": 19.1759,
        "mag_err": 0.132659,
        "locus_id": "ZTF19aczjsqn"
    },
    "12": {
        "mjd": 58852.43510419999,
        "passband": 2,
        "mag": 18.9042,
        "mag_err": 0.125079,
        "locus_id": "ZTF19aczjsqn"
    },
    "13": {
        "mjd": 58852.4369097,
        "passband": 2,
        "mag": 18.9611,
        "mag_err": 0.080566,
        "locus_id": "ZTF19aczjsqn"
    },
    "14": {
        "mjd": 58852.479606500005,
        "passband": 1,
        "mag": 19.3863,
        "mag_err": 0.121452,
        "locus_id": "ZTF19aczjsqn"
    },
    "15": {
        "mjd": 58855.36079859999,
        "passband": 2,
        "mag": 19.0798,
        "mag_err": 0.14138299999999998,
        "locus_id": "ZTF19aczjsqn"
    },
    "16": {
        "mjd": 58855.46082180001,
        "passband": 1,
        "mag": 20.1111,
        "mag_err": 0.21205500000000002,
        "locus_id": "ZTF19aczjsqn"
    },
    "17": {
        "mjd": 58855.4617245,
        "passband": 1,
        "mag": 19.8848,
        "mag_err": 0.237589,
        "locus_id": "ZTF19aczjsqn"
    },
    "18": {
        "mjd": 58859.319571800006,
        "passband": 2,
        "mag": 18.9645,
        "mag_err": 0.190023,
        "locus_id": "ZTF19aczjsqn"
    },
    "19": {
        "mjd": 58862.33439809999,
        "passband": 2,
        "mag": 19.497,
        "mag_err": 0.262088,
        "locus_id": "ZTF19aczjsqn"
    },
    "20": {
        "mjd": 58862.3416898,
        "passband": 2,
        "mag": 19.1845,
        "mag_err": 0.152588,
        "locus_id": "ZTF19aczjsqn"
    },
    "21": {
        "mjd": 58866.34158559999,
        "passband": 2,
        "mag": 19.5343,
        "mag_err": 0.202232,
        "locus_id": "ZTF19aczjsqn"
    }
}