{
    "0": {
        "mjd": 58567.2941898,
        "passband": 1,
        "mag": 19.879,
        "mag_err": 0.239024,
        "locus_id": "ZTF19aanijpu"
    },
    "1": {
        "mjd": 58572.3359838,
        "passband": 1,
        "mag": 19.0771,
        "mag_err": 0.13384200000000002,
        "locus_id": "ZTF19aanijpu"
    },
    "2": {
        "mjd": 58572.3598727,
        "passband": 2,
        "mag": 18.9707,
        "mag_err": 0.19228499999999998,
        "locus_id": "ZTF19aanijpu"
    },
    "3": {
        "mjd": 58575.3938426,
        "passband": 2,
        "mag": 18.6645,
        "mag_err": 0.147727,
        "locus_id": "ZTF19aanijpu"
    },
    "4": {
        "mjd": 58580.3559028,
        "passband": 2,
        "mag": 18.2842,
        "mag_err": 0.101767,
        "locus_id": "ZTF19aanijpu"
    },
    "5": {
        "mjd": 58580.4005671,
        "passband": 1,
        "mag": 18.4469,
        "mag_err": 0.0914304,
        "locus_id": "ZTF19aanijpu"
    },
    "6": {
        "mjd": 58583.3583449,
        "passband": 1,
        "mag": 18.3451,
        "mag_err": 0.09012830000000001,
        "locus_id": "ZTF19aanijpu"
    },
    "7": {
        "mjd": 58586.272881900004,
        "passband": 1,
        "mag": 18.2515,
        "mag_err": 0.08628229999999999,
        "locus_id": "ZTF19aanijpu"
    },
    "8": {
        "mjd": 58589.295173599996,
        "passband": 2,
        "mag": 18.0667,
        "mag_err": 0.186451,
        "locus_id": "ZTF19aanijpu"
    },
    "9": {
        "mjd": 58593.3157523,
        "passband": 2,
        "mag": 17.8445,
        "mag_err": 0.0727935,
        "locus_id": "ZTF19aanijpu"
    },
    "10": {
        "mjd": 58596.27445599999,
        "passband": 2,
        "mag": 17.7492,
        "mag_err": 0.047149800000000006,
        "locus_id": "ZTF19aanijpu"
    },
    "11": {
        "mjd": 58600.236354199995,
        "passband": 1,
        "mag": 18.0738,
        "mag_err": 0.0711942,
        "locus_id": "ZTF19aanijpu"
    },
    "12": {
        "mjd": 58606.3038773,
        "passband": 2,
        "mag": 17.5734,
        "mag_err": 0.066699,
        "locus_id": "ZTF19aanijpu"
    },
    "13": {
        "mjd": 58606.398599500004,
        "passband": 1,
        "mag": 18.0902,
        "mag_err": 0.06488440000000001,
        "locus_id": "ZTF19aanijpu"
    },
    "14": {
        "mjd": 58612.2474653,
        "passband": 2,
        "mag": 17.5661,
        "mag_err": 0.0643249,
        "locus_id": "ZTF19aanijpu"
    },
    "15": {
        "mjd": 58612.2738889,
        "passband": 1,
        "mag": 18.111,
        "mag_err": 0.0715927,
        "locus_id": "ZTF19aanijpu"
    },
    "16": {
        "mjd": 58616.231145800004,
        "passband": 1,
        "mag": 18.192,
        "mag_err": 0.07748619999999999,
        "locus_id": "ZTF19aanijpu"
    },
    "17": {
        "mjd": 58616.29810190001,
        "passband": 2,
        "mag": 17.4986,
        "mag_err": 0.05397330000000001,
        "locus_id": "ZTF19aanijpu"
    },
    "18": {
        "mjd": 58628.2129745,
        "passband": 1,
        "mag": 18.235,
        "mag_err": 0.08180760000000001,
        "locus_id": "ZTF19aanijpu"
    },
    "19": {
        "mjd": 58628.286828699995,
        "passband": 2,
        "mag": 17.523,
        "mag_err": 0.062051,
        "locus_id": "ZTF19aanijpu"
    },
    "20": {
        "mjd": 58634.237731500005,
        "passband": 1,
        "mag": 18.5133,
        "mag_err": 0.085531,
        "locus_id": "ZTF19aanijpu"
    },
    "21": {
        "mjd": 58634.269895800004,
        "passband": 2,
        "mag": 17.6331,
        "mag_err": 0.0746865,
        "locus_id": "ZTF19aanijpu"
    },
    "22": {
        "mjd": 58637.207673599994,
        "passband": 2,
        "mag": 17.7411,
        "mag_err": 0.06867689999999999,
        "locus_id": "ZTF19aanijpu"
    },
    "23": {
        "mjd": 58637.23252309999,
        "passband": 1,
        "mag": 18.631,
        "mag_err": 0.09907739999999998,
        "locus_id": "ZTF19aanijpu"
    },
    "24": {
        "mjd": 58640.19192130001,
        "passband": 1,
        "mag": 18.7796,
        "mag_err": 0.0995843,
        "locus_id": "ZTF19aanijpu"
    },
    "25": {
        "mjd": 58640.23313659999,
        "passband": 2,
        "mag": 17.8387,
        "mag_err": 0.06682880000000001,
        "locus_id": "ZTF19aanijpu"
    },
    "26": {
        "mjd": 58643.19388890001,
        "passband": 1,
        "mag": 18.9195,
        "mag_err": 0.123807,
        "locus_id": "ZTF19aanijpu"
    },
    "27": {
        "mjd": 58643.2347569,
        "passband": 2,
        "mag": 17.9771,
        "mag_err": 0.0564897,
        "locus_id": "ZTF19aanijpu"
    },
    "28": {
        "mjd": 58648.1905324,
        "passband": 2,
        "mag": 18.0971,
        "mag_err": 0.10665799999999999,
        "locus_id": "ZTF19aanijpu"
    },
    "29": {
        "mjd": 58651.1924653,
        "passband": 1,
        "mag": 19.2301,
        "mag_err": 0.260231,
        "locus_id": "ZTF19aanijpu"
    },
    "30": {
        "mjd": 58654.1919792,
        "passband": 2,
        "mag": 18.2137,
        "mag_err": 0.0833173,
        "locus_id": "ZTF19aanijpu"
    },
    "31": {
        "mjd": 58654.24105319999,
        "passband": 1,
        "mag": 19.3329,
        "mag_err": 0.17439200000000002,
        "locus_id": "ZTF19aanijpu"
    },
    "32": {
        "mjd": 58657.1922222,
        "passband": 1,
        "mag": 19.3917,
        "mag_err": 0.13172899999999998,
        "locus_id": "ZTF19aanijpu"
    },
    "33": {
        "mjd": 58660.2138426,
        "passband": 2,
        "mag": 18.3475,
        "mag_err": 0.0738716,
        "locus_id": "ZTF19aanijpu"
    },
    "34": {
        "mjd": 58665.1928819,
        "passband": 1,
        "mag": 19.3776,
        "mag_err": 0.12731099999999998,
        "locus_id": "ZTF19aanijpu"
    },
    "35": {
        "mjd": 58665.2700579,
        "passband": 2,
        "mag": 18.2985,
        "mag_err": 0.0710966,
        "locus_id": "ZTF19aanijpu"
    },
    "36": {
        "mjd": 58668.17217590001,
        "passband": 2,
        "mag": 18.3739,
        "mag_err": 0.0931288,
        "locus_id": "ZTF19aanijpu"
    },
    "37": {
        "mjd": 58668.2067708,
        "passband": 1,
        "mag": 19.4637,
        "mag_err": 0.12083499999999998,
        "locus_id": "ZTF19aanijpu"
    },
    "38": {
        "mjd": 58671.2046181,
        "passband": 2,
        "mag": 18.4766,
        "mag_err": 0.111758,
        "locus_id": "ZTF19aanijpu"
    },
    "39": {
        "mjd": 58676.208588,
        "passband": 2,
        "mag": 18.4333,
        "mag_err": 0.100216,
        "locus_id": "ZTF19aanijpu"
    },
    "40": {
        "mjd": 58679.1926157,
        "passband": 2,
        "mag": 18.5013,
        "mag_err": 0.0958775,
        "locus_id": "ZTF19aanijpu"
    },
    "41": {
        "mjd": 58682.16879630001,
        "passband": 1,
        "mag": 19.4308,
        "mag_err": 0.175011,
        "locus_id": "ZTF19aanijpu"
    },
    "42": {
        "mjd": 58682.23620369999,
        "passband": 2,
        "mag": 18.4775,
        "mag_err": 0.08368389999999999,
        "locus_id": "ZTF19aanijpu"
    },
    "43": {
        "mjd": 58685.1874074,
        "passband": 1,
        "mag": 19.4154,
        "mag_err": 0.124529,
        "locus_id": "ZTF19aanijpu"
    },
    "44": {
        "mjd": 58690.17311340001,
        "passband": 2,
        "mag": 18.3915,
        "mag_err": 0.0773568,
        "locus_id": "ZTF19aanijpu"
    },
    "45": {
        "mjd": 58690.19707180001,
        "passband": 1,
        "mag": 19.5373,
        "mag_err": 0.16229200000000002,
        "locus_id": "ZTF19aanijpu"
    },
    "46": {
        "mjd": 58693.2497222,
        "passband": 1,
        "mag": 19.573,
        "mag_err": 0.21228899999999998,
        "locus_id": "ZTF19aanijpu"
    },
    "47": {
        "mjd": 58716.144838,
        "passband": 2,
        "mag": 19.4506,
        "mag_err": 0.153833,
        "locus_id": "ZTF19aanijpu"
    }
}