{
    "0": {
        "mjd": 58638.366203699996,
        "passband": 1,
        "mag": 19.8632,
        "mag_err": 0.182727,
        "locus_id": "ZTF18aanygjk"
    },
    "1": {
        "mjd": 58641.2381597,
        "passband": 1,
        "mag": 18.7437,
        "mag_err": 0.12216800000000001,
        "locus_id": "ZTF18aanygjk"
    },
    "2": {
        "mjd": 58641.4123727,
        "passband": 2,
        "mag": 18.7384,
        "mag_err": 0.0975863,
        "locus_id": "ZTF18aanygjk"
    },
    "3": {
        "mjd": 58644.331701400006,
        "passband": 2,
        "mag": 18.2211,
        "mag_err": 0.09967739999999999,
        "locus_id": "ZTF18aanygjk"
    },
    "4": {
        "mjd": 58644.3478125,
        "passband": 1,
        "mag": 18.0802,
        "mag_err": 0.0850349,
        "locus_id": "ZTF18aanygjk"
    },
    "5": {
        "mjd": 58647.302476900004,
        "passband": 2,
        "mag": 17.9799,
        "mag_err": 0.0866699,
        "locus_id": "ZTF18aanygjk"
    },
    "6": {
        "mjd": 58647.362638900006,
        "passband": 1,
        "mag": 17.8361,
        "mag_err": 0.0591437,
        "locus_id": "ZTF18aanygjk"
    },
    "7": {
        "mjd": 58650.321608800004,
        "passband": 2,
        "mag": 17.9758,
        "mag_err": 0.0737841,
        "locus_id": "ZTF18aanygjk"
    },
    "8": {
        "mjd": 58650.45210650001,
        "passband": 1,
        "mag": 17.735,
        "mag_err": 0.0627517,
        "locus_id": "ZTF18aanygjk"
    },
    "9": {
        "mjd": 58653.3701273,
        "passband": 1,
        "mag": 17.7299,
        "mag_err": 0.0604673,
        "locus_id": "ZTF18aanygjk"
    },
    "10": {
        "mjd": 58653.4061921,
        "passband": 2,
        "mag": 17.8297,
        "mag_err": 0.06595160000000001,
        "locus_id": "ZTF18aanygjk"
    },
    "11": {
        "mjd": 58654.277986099994,
        "passband": 1,
        "mag": 17.8662,
        "mag_err": 0.08476439999999999,
        "locus_id": "ZTF18aanygjk"
    },
    "12": {
        "mjd": 58654.386875,
        "passband": 2,
        "mag": 17.861,
        "mag_err": 0.0536896,
        "locus_id": "ZTF18aanygjk"
    },
    "13": {
        "mjd": 58657.2456829,
        "passband": 1,
        "mag": 17.7945,
        "mag_err": 0.0549226,
        "locus_id": "ZTF18aanygjk"
    },
    "14": {
        "mjd": 58657.392419,
        "passband": 2,
        "mag": 17.8088,
        "mag_err": 0.054334600000000004,
        "locus_id": "ZTF18aanygjk"
    },
    "15": {
        "mjd": 58658.22113430001,
        "passband": 1,
        "mag": 17.7633,
        "mag_err": 0.05958630000000001,
        "locus_id": "ZTF18aanygjk"
    },
    "16": {
        "mjd": 58660.32635419999,
        "passband": 2,
        "mag": 17.8912,
        "mag_err": 0.0584442,
        "locus_id": "ZTF18aanygjk"
    },
    "17": {
        "mjd": 58660.345983800005,
        "passband": 1,
        "mag": 17.8769,
        "mag_err": 0.0609236,
        "locus_id": "ZTF18aanygjk"
    },
    "18": {
        "mjd": 58661.32533559999,
        "passband": 2,
        "mag": 17.9943,
        "mag_err": 0.0552553,
        "locus_id": "ZTF18aanygjk"
    },
    "19": {
        "mjd": 58662.2260995,
        "passband": 1,
        "mag": 18.0086,
        "mag_err": 0.0861181,
        "locus_id": "ZTF18aanygjk"
    },
    "20": {
        "mjd": 58663.3315741,
        "passband": 2,
        "mag": 18.0419,
        "mag_err": 0.0861961,
        "locus_id": "ZTF18aanygjk"
    },
    "21": {
        "mjd": 58665.23844909999,
        "passband": 1,
        "mag": 18.3212,
        "mag_err": 0.0786288,
        "locus_id": "ZTF18aanygjk"
    },
    "22": {
        "mjd": 58665.349455999996,
        "passband": 2,
        "mag": 18.2372,
        "mag_err": 0.0876864,
        "locus_id": "ZTF18aanygjk"
    },
    "23": {
        "mjd": 58668.289039400006,
        "passband": 1,
        "mag": 18.5573,
        "mag_err": 0.08101799999999999,
        "locus_id": "ZTF18aanygjk"
    },
    "24": {
        "mjd": 58668.3288889,
        "passband": 2,
        "mag": 18.285999999999998,
        "mag_err": 0.0867584,
        "locus_id": "ZTF18aanygjk"
    },
    "25": {
        "mjd": 58674.327071800006,
        "passband": 1,
        "mag": 19.1596,
        "mag_err": 0.155257,
        "locus_id": "ZTF18aanygjk"
    },
    "26": {
        "mjd": 58678.295891199996,
        "passband": 1,
        "mag": 19.6225,
        "mag_err": 0.24781999999999998,
        "locus_id": "ZTF18aanygjk"
    },
    "27": {
        "mjd": 58680.24761569999,
        "passband": 2,
        "mag": 18.500999999999998,
        "mag_err": 0.101052,
        "locus_id": "ZTF18aanygjk"
    },
    "28": {
        "mjd": 58681.260763900005,
        "passband": 2,
        "mag": 18.5721,
        "mag_err": 0.110918,
        "locus_id": "ZTF18aanygjk"
    },
    "29": {
        "mjd": 58682.20035880001,
        "passband": 1,
        "mag": 19.588,
        "mag_err": 0.175986,
        "locus_id": "ZTF18aanygjk"
    },
    "30": {
        "mjd": 58682.2615741,
        "passband": 2,
        "mag": 18.9166,
        "mag_err": 0.141378,
        "locus_id": "ZTF18aanygjk"
    },
    "31": {
        "mjd": 58684.23939809999,
        "passband": 2,
        "mag": 18.6936,
        "mag_err": 0.102167,
        "locus_id": "ZTF18aanygjk"
    },
    "32": {
        "mjd": 58685.340833300004,
        "passband": 2,
        "mag": 18.8137,
        "mag_err": 0.10753800000000001,
        "locus_id": "ZTF18aanygjk"
    },
    "33": {
        "mjd": 58685.365891199996,
        "passband": 1,
        "mag": 19.8323,
        "mag_err": 0.264347,
        "locus_id": "ZTF18aanygjk"
    },
    "34": {
        "mjd": 58694.2018056,
        "passband": 2,
        "mag": 19.2424,
        "mag_err": 0.153397,
        "locus_id": "ZTF18aanygjk"
    },
    "35": {
        "mjd": 58695.2788079,
        "passband": 2,
        "mag": 18.1234,
        "mag_err": 0.15776099999999998,
        "locus_id": "ZTF18aanygjk"
    },
    "36": {
        "mjd": 58696.2802546,
        "passband": 2,
        "mag": 19.4168,
        "mag_err": 0.212272,
        "locus_id": "ZTF18aanygjk"
    }
}