{
    "0": {
        "mjd": 58423.401481500005,
        "passband": 1,
        "mag": 18.8201,
        "mag_err": 0.14390799999999998,
        "locus_id": "ZTF18acbyyff"
    },
    "1": {
        "mjd": 58426.26655090001,
        "passband": 2,
        "mag": 18.7586,
        "mag_err": 0.0832783,
        "locus_id": "ZTF18acbyyff"
    },
    "2": {
        "mjd": 58426.3146528,
        "passband": 1,
        "mag": 18.7773,
        "mag_err": 0.0932125,
        "locus_id": "ZTF18acbyyff"
    },
    "3": {
        "mjd": 58429.2348264,
        "passband": 1,
        "mag": 18.5859,
        "mag_err": 0.06291340000000001,
        "locus_id": "ZTF18acbyyff"
    },
    "4": {
        "mjd": 58429.2721296,
        "passband": 2,
        "mag": 18.643,
        "mag_err": 0.0782391,
        "locus_id": "ZTF18acbyyff"
    },
    "5": {
        "mjd": 58432.2406944,
        "passband": 1,
        "mag": 18.6335,
        "mag_err": 0.0726559,
        "locus_id": "ZTF18acbyyff"
    },
    "6": {
        "mjd": 58432.2736921,
        "passband": 2,
        "mag": 18.5278,
        "mag_err": 0.0977242,
        "locus_id": "ZTF18acbyyff"
    },
    "7": {
        "mjd": 58441.2518056,
        "passband": 1,
        "mag": 19.3199,
        "mag_err": 0.201464,
        "locus_id": "ZTF18acbyyff"
    }
}