{
    "0": {
        "mjd": 58461.46844909999,
        "passband": 1,
        "mag": 19.0479,
        "mag_err": 0.145472,
        "locus_id": "ZTF18acurfxn"
    },
    "1": {
        "mjd": 58464.4929977,
        "passband": 1,
        "mag": 18.9437,
        "mag_err": 0.0842436,
        "locus_id": "ZTF18acurfxn"
    },
    "2": {
        "mjd": 58471.552789400004,
        "passband": 2,
        "mag": 18.9537,
        "mag_err": 0.0877775,
        "locus_id": "ZTF18acurfxn"
    },
    "3": {
        "mjd": 58480.506203699995,
        "passband": 1,
        "mag": 19.6472,
        "mag_err": 0.157572,
        "locus_id": "ZTF18acurfxn"
    },
    "4": {
        "mjd": 58486.489675900004,
        "passband": 2,
        "mag": 19.6172,
        "mag_err": 0.117199,
        "locus_id": "ZTF18acurfxn"
    },
    "5": {
        "mjd": 58486.532963,
        "passband": 1,
        "mag": 19.999000000000002,
        "mag_err": 0.159139,
        "locus_id": "ZTF18acurfxn"
    },
    "6": {
        "mjd": 58491.558588,
        "passband": 2,
        "mag": 19.8142,
        "mag_err": 0.202761,
        "locus_id": "ZTF18acurfxn"
    },
    "7": {
        "mjd": 58494.44798609999,
        "passband": 2,
        "mag": 19.8048,
        "mag_err": 0.13515,
        "locus_id": "ZTF18acurfxn"
    }
}