{
    "0": {
        "mjd": 58635.398588,
        "passband": 2,
        "mag": 20.519000000000002,
        "mag_err": 0.244054,
        "locus_id": "ZTF19aaxhysx"
    },
    "1": {
        "mjd": 58638.443958300006,
        "passband": 1,
        "mag": 19.4144,
        "mag_err": 0.14565799999999998,
        "locus_id": "ZTF19aaxhysx"
    },
    "2": {
        "mjd": 58641.43883099999,
        "passband": 1,
        "mag": 18.8707,
        "mag_err": 0.10448800000000001,
        "locus_id": "ZTF19aaxhysx"
    },
    "3": {
        "mjd": 58644.4395602,
        "passband": 1,
        "mag": 18.6375,
        "mag_err": 0.0963225,
        "locus_id": "ZTF19aaxhysx"
    },
    "4": {
        "mjd": 58647.376088,
        "passband": 1,
        "mag": 18.5524,
        "mag_err": 0.09297539999999999,
        "locus_id": "ZTF19aaxhysx"
    },
    "5": {
        "mjd": 58650.3543981,
        "passband": 2,
        "mag": 18.5421,
        "mag_err": 0.111827,
        "locus_id": "ZTF19aaxhysx"
    },
    "6": {
        "mjd": 58653.418125,
        "passband": 2,
        "mag": 18.561,
        "mag_err": 0.129647,
        "locus_id": "ZTF19aaxhysx"
    },
    "7": {
        "mjd": 58665.48166669999,
        "passband": 1,
        "mag": 19.4897,
        "mag_err": 0.17009000000000002,
        "locus_id": "ZTF19aaxhysx"
    },
    "8": {
        "mjd": 58668.44273150001,
        "passband": 1,
        "mag": 19.6965,
        "mag_err": 0.15290399999999998,
        "locus_id": "ZTF19aaxhysx"
    },
    "9": {
        "mjd": 58674.42342590001,
        "passband": 1,
        "mag": 20.3132,
        "mag_err": 0.230345,
        "locus_id": "ZTF19aaxhysx"
    },
    "10": {
        "mjd": 58677.2927894,
        "passband": 2,
        "mag": 19.462,
        "mag_err": 0.159051,
        "locus_id": "ZTF19aaxhysx"
    },
    "11": {
        "mjd": 58680.3299653,
        "passband": 2,
        "mag": 19.4006,
        "mag_err": 0.205823,
        "locus_id": "ZTF19aaxhysx"
    },
    "12": {
        "mjd": 58684.44061340001,
        "passband": 2,
        "mag": 19.5387,
        "mag_err": 0.29438400000000003,
        "locus_id": "ZTF19aaxhysx"
    },
    "13": {
        "mjd": 58690.373402799996,
        "passband": 2,
        "mag": 20.0823,
        "mag_err": 0.15651900000000002,
        "locus_id": "ZTF19aaxhysx"
    },
    "14": {
        "mjd": 58693.34076390001,
        "passband": 2,
        "mag": 20.1517,
        "mag_err": 0.20754299999999998,
        "locus_id": "ZTF19aaxhysx"
    },
    "15": {
        "mjd": 58696.3555671,
        "passband": 2,
        "mag": 20.3424,
        "mag_err": 0.18733699999999998,
        "locus_id": "ZTF19aaxhysx"
    }
}