{
    "0": {
        "mjd": 58575.3347801,
        "passband": 1,
        "mag": 19.8068,
        "mag_err": 0.15798099999999998,
        "locus_id": "ZTF19aaokist"
    },
    "1": {
        "mjd": 58575.41429400001,
        "passband": 2,
        "mag": 19.6865,
        "mag_err": 0.11279700000000001,
        "locus_id": "ZTF19aaokist"
    },
    "2": {
        "mjd": 58580.39278940001,
        "passband": 2,
        "mag": 18.7661,
        "mag_err": 0.089585,
        "locus_id": "ZTF19aaokist"
    },
    "3": {
        "mjd": 58580.3936921,
        "passband": 2,
        "mag": 18.6545,
        "mag_err": 0.0758702,
        "locus_id": "ZTF19aaokist"
    },
    "4": {
        "mjd": 58580.3982986,
        "passband": 1,
        "mag": 18.574,
        "mag_err": 0.08294839999999999,
        "locus_id": "ZTF19aaokist"
    },
    "5": {
        "mjd": 58580.3992014,
        "passband": 1,
        "mag": 18.5976,
        "mag_err": 0.0761786,
        "locus_id": "ZTF19aaokist"
    },
    "6": {
        "mjd": 58583.3523148,
        "passband": 2,
        "mag": 18.432000000000002,
        "mag_err": 0.0723624,
        "locus_id": "ZTF19aaokist"
    },
    "7": {
        "mjd": 58583.35276619999,
        "passband": 2,
        "mag": 18.4219,
        "mag_err": 0.0893211,
        "locus_id": "ZTF19aaokist"
    },
    "8": {
        "mjd": 58583.37548609999,
        "passband": 1,
        "mag": 18.2562,
        "mag_err": 0.082487,
        "locus_id": "ZTF19aaokist"
    },
    "9": {
        "mjd": 58583.3759375,
        "passband": 1,
        "mag": 18.3264,
        "mag_err": 0.0816982,
        "locus_id": "ZTF19aaokist"
    },
    "10": {
        "mjd": 58586.3353588,
        "passband": 2,
        "mag": 18.2524,
        "mag_err": 0.059908,
        "locus_id": "ZTF19aaokist"
    },
    "11": {
        "mjd": 58586.356145800004,
        "passband": 2,
        "mag": 18.2967,
        "mag_err": 0.07318250000000001,
        "locus_id": "ZTF19aaokist"
    },
    "12": {
        "mjd": 58586.3977546,
        "passband": 1,
        "mag": 18.1785,
        "mag_err": 0.0735904,
        "locus_id": "ZTF19aaokist"
    },
    "13": {
        "mjd": 58589.2977315,
        "passband": 2,
        "mag": 18.1875,
        "mag_err": 0.140736,
        "locus_id": "ZTF19aaokist"
    },
    "14": {
        "mjd": 58592.419953699995,
        "passband": 1,
        "mag": 18.2868,
        "mag_err": 0.11518099999999999,
        "locus_id": "ZTF19aaokist"
    },
    "15": {
        "mjd": 58596.1914699,
        "passband": 1,
        "mag": 18.4788,
        "mag_err": 0.108027,
        "locus_id": "ZTF19aaokist"
    },
    "16": {
        "mjd": 58596.3320255,
        "passband": 2,
        "mag": 18.3744,
        "mag_err": 0.0752403,
        "locus_id": "ZTF19aaokist"
    },
    "17": {
        "mjd": 58597.2971181,
        "passband": 1,
        "mag": 18.545,
        "mag_err": 0.07237089999999999,
        "locus_id": "ZTF19aaokist"
    },
    "18": {
        "mjd": 58597.3787616,
        "passband": 2,
        "mag": 18.4476,
        "mag_err": 0.0802749,
        "locus_id": "ZTF19aaokist"
    },
    "19": {
        "mjd": 58606.3393403,
        "passband": 2,
        "mag": 18.8173,
        "mag_err": 0.0932587,
        "locus_id": "ZTF19aaokist"
    },
    "20": {
        "mjd": 58606.3578935,
        "passband": 2,
        "mag": 18.8993,
        "mag_err": 0.110196,
        "locus_id": "ZTF19aaokist"
    },
    "21": {
        "mjd": 58606.416886599996,
        "passband": 1,
        "mag": 19.2615,
        "mag_err": 0.10413499999999999,
        "locus_id": "ZTF19aaokist"
    },
    "22": {
        "mjd": 58606.4360648,
        "passband": 1,
        "mag": 19.2635,
        "mag_err": 0.118618,
        "locus_id": "ZTF19aaokist"
    },
    "23": {
        "mjd": 58612.29420140001,
        "passband": 1,
        "mag": 19.8456,
        "mag_err": 0.152673,
        "locus_id": "ZTF19aaokist"
    },
    "24": {
        "mjd": 58612.3374306,
        "passband": 2,
        "mag": 19.0345,
        "mag_err": 0.084414,
        "locus_id": "ZTF19aaokist"
    },
    "25": {
        "mjd": 58612.3378819,
        "passband": 2,
        "mag": 18.9767,
        "mag_err": 0.09097050000000001,
        "locus_id": "ZTF19aaokist"
    },
    "26": {
        "mjd": 58616.27230319999,
        "passband": 1,
        "mag": 20.2591,
        "mag_err": 0.269839,
        "locus_id": "ZTF19aaokist"
    },
    "27": {
        "mjd": 58616.2727546,
        "passband": 1,
        "mag": 20.2127,
        "mag_err": 0.25702800000000003,
        "locus_id": "ZTF19aaokist"
    },
    "28": {
        "mjd": 58616.294884300005,
        "passband": 2,
        "mag": 19.0397,
        "mag_err": 0.130911,
        "locus_id": "ZTF19aaokist"
    },
    "29": {
        "mjd": 58616.29627309999,
        "passband": 2,
        "mag": 18.9195,
        "mag_err": 0.08382780000000001,
        "locus_id": "ZTF19aaokist"
    },
    "30": {
        "mjd": 58619.31560190001,
        "passband": 2,
        "mag": 19.1061,
        "mag_err": 0.24151199999999998,
        "locus_id": "ZTF19aaokist"
    },
    "31": {
        "mjd": 58628.214838,
        "passband": 1,
        "mag": 20.5999,
        "mag_err": 0.268868,
        "locus_id": "ZTF19aaokist"
    },
    "32": {
        "mjd": 58628.3115972,
        "passband": 2,
        "mag": 19.8189,
        "mag_err": 0.175361,
        "locus_id": "ZTF19aaokist"
    },
    "33": {
        "mjd": 58632.2724653,
        "passband": 2,
        "mag": 20.1871,
        "mag_err": 0.22707800000000003,
        "locus_id": "ZTF19aaokist"
    },
    "34": {
        "mjd": 58635.2114815,
        "passband": 1,
        "mag": 21.0777,
        "mag_err": 0.274147,
        "locus_id": "ZTF19aaokist"
    },
    "35": {
        "mjd": 58635.2688194,
        "passband": 2,
        "mag": 19.8594,
        "mag_err": 0.16080999999999998,
        "locus_id": "ZTF19aaokist"
    },
    "36": {
        "mjd": 58635.29164349999,
        "passband": 2,
        "mag": 19.9812,
        "mag_err": 0.14974,
        "locus_id": "ZTF19aaokist"
    },
    "37": {
        "mjd": 58638.18905090001,
        "passband": 1,
        "mag": 20.9544,
        "mag_err": 0.33660500000000004,
        "locus_id": "ZTF19aaokist"
    },
    "38": {
        "mjd": 58638.231759300004,
        "passband": 2,
        "mag": 19.9194,
        "mag_err": 0.17180499999999999,
        "locus_id": "ZTF19aaokist"
    },
    "39": {
        "mjd": 58641.2755671,
        "passband": 2,
        "mag": 19.9347,
        "mag_err": 0.148797,
        "locus_id": "ZTF19aaokist"
    }
}