{
    "0": {
        "mjd": 58852.52486109999,
        "passband": 1,
        "mag": 18.5947,
        "mag_err": 0.0694061,
        "locus_id": "ZTF19acxqakw"
    },
    "1": {
        "mjd": 58852.5627546,
        "passband": 2,
        "mag": 18.3496,
        "mag_err": 0.078388,
        "locus_id": "ZTF19acxqakw"
    },
    "2": {
        "mjd": 58855.5021181,
        "passband": 1,
        "mag": 19.0032,
        "mag_err": 0.0759901,
        "locus_id": "ZTF19acxqakw"
    },
    "3": {
        "mjd": 58864.5212153,
        "passband": 2,
        "mag": 18.8592,
        "mag_err": 0.123706,
        "locus_id": "ZTF19acxqakw"
    }
}