{
    "0": {
        "mjd": 58266.25,
        "passband": 2,
        "mag": 18.8244,
        "mag_err": 0.11908699999999998,
        "locus_id": "ZTF18aahjafd"
    },
    "1": {
        "mjd": 58269.25,
        "passband": 1,
        "mag": 18.7923,
        "mag_err": 0.10169,
        "locus_id": "ZTF18aahjafd"
    },
    "2": {
        "mjd": 58272.25,
        "passband": 1,
        "mag": 18.8859,
        "mag_err": 0.04475730000000001,
        "locus_id": "ZTF18aahjafd"
    },
    "3": {
        "mjd": 58272.25,
        "passband": 2,
        "mag": 19.1542,
        "mag_err": 0.0777239,
        "locus_id": "ZTF18aahjafd"
    },
    "4": {
        "mjd": 58276.196701400004,
        "passband": 2,
        "mag": 19.1705,
        "mag_err": 0.07534210000000001,
        "locus_id": "ZTF18aahjafd"
    },
    "5": {
        "mjd": 58276.213044000004,
        "passband": 1,
        "mag": 18.8341,
        "mag_err": 0.0406865,
        "locus_id": "ZTF18aahjafd"
    },
    "6": {
        "mjd": 58279.217175900005,
        "passband": 1,
        "mag": 18.8596,
        "mag_err": 0.04309419999999999,
        "locus_id": "ZTF18aahjafd"
    },
    "7": {
        "mjd": 58282.1919097,
        "passband": 2,
        "mag": 19.2929,
        "mag_err": 0.0870302,
        "locus_id": "ZTF18aahjafd"
    },
    "8": {
        "mjd": 58282.2585069,
        "passband": 1,
        "mag": 18.8527,
        "mag_err": 0.045845699999999996,
        "locus_id": "ZTF18aahjafd"
    },
    "9": {
        "mjd": 58288.19511569999,
        "passband": 1,
        "mag": 18.7293,
        "mag_err": 0.09973860000000001,
        "locus_id": "ZTF18aahjafd"
    },
    "10": {
        "mjd": 58292.19346059999,
        "passband": 1,
        "mag": 18.824,
        "mag_err": 0.10348900000000001,
        "locus_id": "ZTF18aahjafd"
    },
    "11": {
        "mjd": 58295.1756019,
        "passband": 1,
        "mag": 18.698,
        "mag_err": 0.101999,
        "locus_id": "ZTF18aahjafd"
    },
    "12": {
        "mjd": 58298.1767477,
        "passband": 1,
        "mag": 18.7463,
        "mag_err": 0.11980999999999999,
        "locus_id": "ZTF18aahjafd"
    },
    "13": {
        "mjd": 58301.2572454,
        "passband": 1,
        "mag": 18.7565,
        "mag_err": 0.113072,
        "locus_id": "ZTF18aahjafd"
    },
    "14": {
        "mjd": 58307.2274653,
        "passband": 1,
        "mag": 18.7559,
        "mag_err": 0.10132200000000001,
        "locus_id": "ZTF18aahjafd"
    },
    "15": {
        "mjd": 58333.182858800006,
        "passband": 1,
        "mag": 18.6269,
        "mag_err": 0.106503,
        "locus_id": "ZTF18aahjafd"
    },
    "16": {
        "mjd": 58336.17730319999,
        "passband": 1,
        "mag": 18.6689,
        "mag_err": 0.0821843,
        "locus_id": "ZTF18aahjafd"
    },
    "17": {
        "mjd": 58348.15686340001,
        "passband": 1,
        "mag": 18.7122,
        "mag_err": 0.184496,
        "locus_id": "ZTF18aahjafd"
    },
    "18": {
        "mjd": 58437.5185995,
        "passband": 1,
        "mag": 18.5769,
        "mag_err": 0.100923,
        "locus_id": "ZTF18aahjafd"
    },
    "19": {
        "mjd": 58442.50932869999,
        "passband": 1,
        "mag": 18.5382,
        "mag_err": 0.155104,
        "locus_id": "ZTF18aahjafd"
    },
    "20": {
        "mjd": 58465.5509259,
        "passband": 1,
        "mag": 18.636,
        "mag_err": 0.077848,
        "locus_id": "ZTF18aahjafd"
    },
    "21": {
        "mjd": 58471.51704859999,
        "passband": 1,
        "mag": 18.5441,
        "mag_err": 0.08941210000000001,
        "locus_id": "ZTF18aahjafd"
    },
    "22": {
        "mjd": 58480.540949099995,
        "passband": 1,
        "mag": 18.6089,
        "mag_err": 0.103052,
        "locus_id": "ZTF18aahjafd"
    },
    "23": {
        "mjd": 58486.55583330001,
        "passband": 1,
        "mag": 18.5869,
        "mag_err": 0.0814166,
        "locus_id": "ZTF18aahjafd"
    },
    "24": {
        "mjd": 58491.4951505,
        "passband": 1,
        "mag": 18.5769,
        "mag_err": 0.0673434,
        "locus_id": "ZTF18aahjafd"
    },
    "25": {
        "mjd": 58494.5078819,
        "passband": 1,
        "mag": 18.5731,
        "mag_err": 0.07864260000000001,
        "locus_id": "ZTF18aahjafd"
    },
    "26": {
        "mjd": 58502.467696800006,
        "passband": 1,
        "mag": 18.5398,
        "mag_err": 0.131703,
        "locus_id": "ZTF18aahjafd"
    },
    "27": {
        "mjd": 58505.451875,
        "passband": 1,
        "mag": 18.5431,
        "mag_err": 0.134345,
        "locus_id": "ZTF18aahjafd"
    },
    "28": {
        "mjd": 58511.448553199996,
        "passband": 1,
        "mag": 18.6029,
        "mag_err": 0.0895869,
        "locus_id": "ZTF18aahjafd"
    },
    "29": {
        "mjd": 58522.4455787,
        "passband": 1,
        "mag": 18.6447,
        "mag_err": 0.0898987,
        "locus_id": "ZTF18aahjafd"
    },
    "30": {
        "mjd": 58526.47738430001,
        "passband": 1,
        "mag": 18.6812,
        "mag_err": 0.118193,
        "locus_id": "ZTF18aahjafd"
    },
    "31": {
        "mjd": 58547.33875,
        "passband": 1,
        "mag": 18.554000000000002,
        "mag_err": 0.0889319,
        "locus_id": "ZTF18aahjafd"
    },
    "32": {
        "mjd": 58562.30550930001,
        "passband": 1,
        "mag": 18.5288,
        "mag_err": 0.165186,
        "locus_id": "ZTF18aahjafd"
    },
    "33": {
        "mjd": 58567.2908449,
        "passband": 1,
        "mag": 18.6059,
        "mag_err": 0.08882949999999999,
        "locus_id": "ZTF18aahjafd"
    },
    "34": {
        "mjd": 58572.3187847,
        "passband": 1,
        "mag": 18.6021,
        "mag_err": 0.11719600000000001,
        "locus_id": "ZTF18aahjafd"
    },
    "35": {
        "mjd": 58575.29626159999,
        "passband": 1,
        "mag": 18.5221,
        "mag_err": 0.0751118,
        "locus_id": "ZTF18aahjafd"
    },
    "36": {
        "mjd": 58580.3007523,
        "passband": 1,
        "mag": 18.5796,
        "mag_err": 0.0810568,
        "locus_id": "ZTF18aahjafd"
    },
    "37": {
        "mjd": 58586.2737847,
        "passband": 1,
        "mag": 18.5517,
        "mag_err": 0.0930638,
        "locus_id": "ZTF18aahjafd"
    },
    "38": {
        "mjd": 58596.21298609999,
        "passband": 1,
        "mag": 18.6534,
        "mag_err": 0.0931126,
        "locus_id": "ZTF18aahjafd"
    },
    "39": {
        "mjd": 58600.2349653,
        "passband": 1,
        "mag": 18.5777,
        "mag_err": 0.0703681,
        "locus_id": "ZTF18aahjafd"
    },
    "40": {
        "mjd": 58606.403645800005,
        "passband": 1,
        "mag": 18.5389,
        "mag_err": 0.0879164,
        "locus_id": "ZTF18aahjafd"
    },
    "41": {
        "mjd": 58616.2302083,
        "passband": 1,
        "mag": 18.558,
        "mag_err": 0.10293499999999998,
        "locus_id": "ZTF18aahjafd"
    },
    "42": {
        "mjd": 58619.2526273,
        "passband": 1,
        "mag": 18.4802,
        "mag_err": 0.13558800000000001,
        "locus_id": "ZTF18aahjafd"
    },
    "43": {
        "mjd": 58622.1703935,
        "passband": 1,
        "mag": 18.5055,
        "mag_err": 0.125459,
        "locus_id": "ZTF18aahjafd"
    },
    "44": {
        "mjd": 58633.258796300004,
        "passband": 1,
        "mag": 18.5452,
        "mag_err": 0.0841728,
        "locus_id": "ZTF18aahjafd"
    },
    "45": {
        "mjd": 58636.2491898,
        "passband": 1,
        "mag": 18.5115,
        "mag_err": 0.0736133,
        "locus_id": "ZTF18aahjafd"
    },
    "46": {
        "mjd": 58639.2391551,
        "passband": 1,
        "mag": 18.5689,
        "mag_err": 0.0924158,
        "locus_id": "ZTF18aahjafd"
    },
    "47": {
        "mjd": 58642.19695599999,
        "passband": 1,
        "mag": 18.5597,
        "mag_err": 0.09227719999999999,
        "locus_id": "ZTF18aahjafd"
    },
    "48": {
        "mjd": 58645.212534700004,