{
    "0": {
        "mjd": 58635.39903940001,
        "passband": 2,
        "mag": 20.3254,
        "mag_err": 0.257369,
        "locus_id": "ZTF19aaxibby"
    },
    "1": {
        "mjd": 58638.4444097,
        "passband": 1,
        "mag": 19.3756,
        "mag_err": 0.187148,
        "locus_id": "ZTF19aaxibby"
    },
    "2": {
        "mjd": 58641.4392824,
        "passband": 1,
        "mag": 18.8278,
        "mag_err": 0.0853772,
        "locus_id": "ZTF19aaxibby"
    },
    "3": {
        "mjd": 58641.4815972,
        "passband": 2,
        "mag": 19.0092,
        "mag_err": 0.0994715,
        "locus_id": "ZTF19aaxibby"
    },
    "4": {
        "mjd": 58644.439097200004,
        "passband": 1,
        "mag": 18.5647,
        "mag_err": 0.0676165,
        "locus_id": "ZTF19aaxibby"
    },
    "5": {
        "mjd": 58644.4812384,
        "passband": 2,
        "mag": 18.730999999999998,
        "mag_err": 0.0930717,
        "locus_id": "ZTF19aaxibby"
    },
    "6": {
        "mjd": 58647.464143499994,
        "passband": 1,
        "mag": 18.4156,
        "mag_err": 0.0554359,
        "locus_id": "ZTF19aaxibby"
    },
    "7": {
        "mjd": 58650.42167819999,
        "passband": 2,
        "mag": 18.4804,
        "mag_err": 0.110624,
        "locus_id": "ZTF19aaxibby"
    },
    "8": {
        "mjd": 58653.3762847,
        "passband": 1,
        "mag": 18.2979,
        "mag_err": 0.11362699999999999,
        "locus_id": "ZTF19aaxibby"
    },
    "9": {
        "mjd": 58653.43932869999,
        "passband": 2,
        "mag": 18.3983,
        "mag_err": 0.105775,
        "locus_id": "ZTF19aaxibby"
    },
    "10": {
        "mjd": 58657.4188773,
        "passband": 2,
        "mag": 18.573,
        "mag_err": 0.115755,
        "locus_id": "ZTF19aaxibby"
    },
    "11": {
        "mjd": 58660.482708300005,
        "passband": 2,
        "mag": 18.5519,
        "mag_err": 0.0786951,
        "locus_id": "ZTF19aaxibby"
    },
    "12": {
        "mjd": 58665.4812153,
        "passband": 1,
        "mag": 19.0322,
        "mag_err": 0.0933054,
        "locus_id": "ZTF19aaxibby"
    },
    "13": {
        "mjd": 58668.4422801,
        "passband": 1,
        "mag": 19.3325,
        "mag_err": 0.10594300000000001,
        "locus_id": "ZTF19aaxibby"
    },
    "14": {
        "mjd": 58674.424791699996,
        "passband": 1,
        "mag": 19.6062,
        "mag_err": 0.115098,
        "locus_id": "ZTF19aaxibby"
    },
    "15": {
        "mjd": 58685.41780090001,
        "passband": 2,
        "mag": 19.2555,
        "mag_err": 0.155548,
        "locus_id": "ZTF19aaxibby"
    },
    "16": {
        "mjd": 58688.3964005,
        "passband": 2,
        "mag": 19.3556,
        "mag_err": 0.10730899999999999,
        "locus_id": "ZTF19aaxibby"
    },
    "17": {
        "mjd": 58691.394375,
        "passband": 2,
        "mag": 19.5385,
        "mag_err": 0.155276,
        "locus_id": "ZTF19aaxibby"
    },
    "18": {
        "mjd": 58691.4413657,
        "passband": 1,
        "mag": 20.3684,
        "mag_err": 0.316972,
        "locus_id": "ZTF19aaxibby"
    },
    "19": {
        "mjd": 58694.3597222,
        "passband": 2,
        "mag": 19.6044,
        "mag_err": 0.10019,
        "locus_id": "ZTF19aaxibby"
    },
    "20": {
        "mjd": 58698.4021991,
        "passband": 2,
        "mag": 19.7055,
        "mag_err": 0.142841,
        "locus_id": "ZTF19aaxibby"
    },
    "21": {
        "mjd": 58701.3813194,
        "passband": 2,
        "mag": 19.7754,
        "mag_err": 0.145207,
        "locus_id": "ZTF19aaxibby"
    }
}