{
    "0": {
        "mjd": 58833.4774074,
        "passband": 2,
        "mag": 18.2163,
        "mag_err": 0.113702,
        "locus_id": "ZTF19acytidb"
    },
    "1": {
        "mjd": 58837.5154051,
        "passband": 1,
        "mag": 17.0815,
        "mag_err": 0.030916200000000005,
        "locus_id": "ZTF19acytidb"
    },
    "2": {
        "mjd": 58846.463287,
        "passband": 2,
        "mag": 16.5561,
        "mag_err": 0.034219400000000004,
        "locus_id": "ZTF19acytidb"
    },
    "3": {
        "mjd": 58846.520925900004,
        "passband": 1,
        "mag": 16.5298,
        "mag_err": 0.0266132,
        "locus_id": "ZTF19acytidb"
    },
    "4": {
        "mjd": 58849.451238400005,
        "passband": 2,
        "mag": 16.4957,
        "mag_err": 0.0348083,
        "locus_id": "ZTF19acytidb"
    },
    "5": {
        "mjd": 58851.47313659999,
        "passband": 2,
        "mag": 16.5421,
        "mag_err": 0.0332353,
        "locus_id": "ZTF19acytidb"
    },
    "6": {
        "mjd": 58852.4428472,
        "passband": 2,
        "mag": 16.6122,
        "mag_err": 0.035049699999999996,
        "locus_id": "ZTF19acytidb"
    },
    "7": {
        "mjd": 58852.5037616,
        "passband": 1,
        "mag": 16.6234,
        "mag_err": 0.027347800000000002,
        "locus_id": "ZTF19acytidb"
    },
    "8": {
        "mjd": 58855.5381713,
        "passband": 2,
        "mag": 16.7646,
        "mag_err": 0.031109699999999997,
        "locus_id": "ZTF19acytidb"
    },
    "9": {
        "mjd": 58859.36133099999,
        "passband": 2,
        "mag": 17.1255,
        "mag_err": 0.0486134,
        "locus_id": "ZTF19acytidb"
    },
    "10": {
        "mjd": 58859.526875,
        "passband": 1,
        "mag": 17.1005,
        "mag_err": 0.0427672,
        "locus_id": "ZTF19acytidb"
    },
    "11": {
        "mjd": 58863.5452546,
        "passband": 2,
        "mag": 17.2239,
        "mag_err": 0.037429699999999996,
        "locus_id": "ZTF19acytidb"
    },
    "12": {
        "mjd": 58866.3554051,
        "passband": 2,
        "mag": 17.2204,
        "mag_err": 0.03791,
        "locus_id": "ZTF19acytidb"
    },
    "13": {
        "mjd": 58866.40060190001,
        "passband": 1,
        "mag": 17.7239,
        "mag_err": 0.047711500000000004,
        "locus_id": "ZTF19acytidb"
    },
    "14": {
        "mjd": 58871.4362847,
        "passband": 1,
        "mag": 18.3712,
        "mag_err": 0.0779,
        "locus_id": "ZTF19acytidb"
    },
    "15": {
        "mjd": 58871.4868171,
        "passband": 2,
        "mag": 17.3476,
        "mag_err": 0.0483525,
        "locus_id": "ZTF19acytidb"
    },
    "16": {
        "mjd": 58874.377858800006,
        "passband": 1,
        "mag": 18.5641,
        "mag_err": 0.09366189999999999,
        "locus_id": "ZTF19acytidb"
    },
    "17": {
        "mjd": 58877.39432869999,
        "passband": 1,
        "mag": 18.9001,
        "mag_err": 0.09289700000000001,
        "locus_id": "ZTF19acytidb"
    },
    "18": {
        "mjd": 58877.4846181,
        "passband": 2,
        "mag": 17.5364,
        "mag_err": 0.045618,
        "locus_id": "ZTF19acytidb"
    },
    "19": {
        "mjd": 58880.51802080001,
        "passband": 2,
        "mag": 17.8269,
        "mag_err": 0.0621164,
        "locus_id": "ZTF19acytidb"
    },
    "20": {
        "mjd": 58883.4616204,
        "passband": 1,
        "mag": 18.9437,
        "mag_err": 0.1238,
        "locus_id": "ZTF19acytidb"
    },
    "21": {
        "mjd": 58883.50541669999,
        "passband": 2,
        "mag": 18.1102,
        "mag_err": 0.0885675,
        "locus_id": "ZTF19acytidb"
    },
    "22": {
        "mjd": 58886.51008099999,
        "passband": 2,
        "mag": 18.1379,
        "mag_err": 0.0878947,
        "locus_id": "ZTF19acytidb"
    },
    "23": {
        "mjd": 58894.3193171,
        "passband": 1,
        "mag": 19.2929,
        "mag_err": 0.119123,
        "locus_id": "ZTF19acytidb"
    },
    "24": {
        "mjd": 58894.47017359999,
        "passband": 2,
        "mag": 18.2845,
        "mag_err": 0.07882769999999999,
        "locus_id": "ZTF19acytidb"
    },
    "25": {
        "mjd": 58898.3409144,
        "passband": 2,
        "mag": 18.6713,
        "mag_err": 0.101132,
        "locus_id": "ZTF19acytidb"
    },
    "26": {
        "mjd": 58899.42166669999,
        "passband": 1,
        "mag": 19.4376,
        "mag_err": 0.121423,
        "locus_id": "ZTF19acytidb"
    },
    "27": {
        "mjd": 58900.4003472,
        "passband": 2,
        "mag": 18.8734,
        "mag_err": 0.176304,
        "locus_id": "ZTF19acytidb"
    },
    "28": {
        "mjd": 58903.3134954,
        "passband": 1,
        "mag": 19.6834,
        "mag_err": 0.158102,
        "locus_id": "ZTF19acytidb"
    },
    "29": {
        "mjd": 58905.3083102,
        "passband": 1,
        "mag": 19.4676,
        "mag_err": 0.12050799999999999,
        "locus_id": "ZTF19acytidb"
    }
}