{
    "0": {
        "mjd": 58612.3007407,
        "passband": 1,
        "mag": 21.2134,
        "mag_err": 0.31157399999999996,
        "locus_id": "ZTF19aaupkev"
    },
    "1": {
        "mjd": 58616.283912,
        "passband": 1,
        "mag": 19.6499,
        "mag_err": 0.174101,
        "locus_id": "ZTF19aaupkev"
    },
    "2": {
        "mjd": 58617.28332180001,
        "passband": 2,
        "mag": 19.5646,
        "mag_err": 0.13535999999999998,
        "locus_id": "ZTF19aaupkev"
    },
    "3": {
        "mjd": 58618.2251505,
        "passband": 2,
        "mag": 19.1851,
        "mag_err": 0.103203,
        "locus_id": "ZTF19aaupkev"
    },
    "4": {
        "mjd": 58619.2647685,
        "passband": 1,
        "mag": 18.956,
        "mag_err": 0.163626,
        "locus_id": "ZTF19aaupkev"
    },
    "5": {
        "mjd": 58632.264838,
        "passband": 2,
        "mag": 18.3741,
        "mag_err": 0.0701962,
        "locus_id": "ZTF19aaupkev"
    },
    "6": {
        "mjd": 58632.346794000005,
        "passband": 1,
        "mag": 18.2772,
        "mag_err": 0.0637953,
        "locus_id": "ZTF19aaupkev"
    },
    "7": {
        "mjd": 58635.2229745,
        "passband": 1,
        "mag": 18.3912,
        "mag_err": 0.06560039999999999,
        "locus_id": "ZTF19aaupkev"
    },
    "8": {
        "mjd": 58635.2566204,
        "passband": 2,
        "mag": 18.359,
        "mag_err": 0.0633643,
        "locus_id": "ZTF19aaupkev"
    },
    "9": {
        "mjd": 58638.2360301,
        "passband": 2,
        "mag": 18.4252,
        "mag_err": 0.074156,
        "locus_id": "ZTF19aaupkev"
    },
    "10": {
        "mjd": 58638.32770830001,
        "passband": 1,
        "mag": 18.5311,
        "mag_err": 0.0763944,
        "locus_id": "ZTF19aaupkev"
    },
    "11": {
        "mjd": 58641.227419,
        "passband": 1,
        "mag": 18.7645,
        "mag_err": 0.0972678,
        "locus_id": "ZTF19aaupkev"
    },
    "12": {
        "mjd": 58641.2848032,
        "passband": 2,
        "mag": 18.6222,
        "mag_err": 0.060834900000000004,
        "locus_id": "ZTF19aaupkev"
    },
    "13": {
        "mjd": 58644.206041699996,
        "passband": 1,
        "mag": 18.9074,
        "mag_err": 0.09495010000000001,
        "locus_id": "ZTF19aaupkev"
    },
    "14": {
        "mjd": 58644.265601900006,
        "passband": 2,
        "mag": 18.7869,
        "mag_err": 0.0871298,
        "locus_id": "ZTF19aaupkev"
    },
    "15": {
        "mjd": 58647.24392359999,
        "passband": 2,
        "mag": 18.9135,
        "mag_err": 0.0876807,
        "locus_id": "ZTF19aaupkev"
    },
    "16": {
        "mjd": 58650.263738400005,
        "passband": 2,
        "mag": 18.9292,
        "mag_err": 0.09223710000000002,
        "locus_id": "ZTF19aaupkev"
    },
    "17": {
        "mjd": 58653.19704859999,
        "passband": 2,
        "mag": 19.0555,
        "mag_err": 0.127343,
        "locus_id": "ZTF19aaupkev"
    },
    "18": {
        "mjd": 58653.2685301,
        "passband": 1,
        "mag": 19.6667,
        "mag_err": 0.233163,
        "locus_id": "ZTF19aaupkev"
    },
    "19": {
        "mjd": 58657.2294444,
        "passband": 1,
        "mag": 20.016,
        "mag_err": 0.167999,
        "locus_id": "ZTF19aaupkev"
    },
    "20": {
        "mjd": 58657.26091440001,
        "passband": 2,
        "mag": 19.2176,
        "mag_err": 0.128151,
        "locus_id": "ZTF19aaupkev"
    },
    "21": {
        "mjd": 58660.196886599995,
        "passband": 1,
        "mag": 20.2174,
        "mag_err": 0.180641,
        "locus_id": "ZTF19aaupkev"
    },
    "22": {
        "mjd": 58660.2250579,
        "passband": 2,
        "mag": 19.2656,
        "mag_err": 0.0803492,
        "locus_id": "ZTF19aaupkev"
    },
    "23": {
        "mjd": 58663.2022801,
        "passband": 2,
        "mag": 19.2409,
        "mag_err": 0.0976171,
        "locus_id": "ZTF19aaupkev"
    },
    "24": {
        "mjd": 58663.2206597,
        "passband": 1,
        "mag": 20.4612,
        "mag_err": 0.239852,
        "locus_id": "ZTF19aaupkev"
    },
    "25": {
        "mjd": 58666.262673599995,
        "passband": 2,
        "mag": 19.474,
        "mag_err": 0.118628,
        "locus_id": "ZTF19aaupkev"
    },
    "26": {
        "mjd": 58669.178634300006,
        "passband": 2,
        "mag": 19.6824,
        "mag_err": 0.181947,
        "locus_id": "ZTF19aaupkev"
    },
    "27": {
        "mjd": 58672.177766199995,
        "passband": 1,
        "mag": 20.6531,
        "mag_err": 0.29735700000000004,
        "locus_id": "ZTF19aaupkev"
    },
    "28": {
        "mjd": 58672.200231500006,
        "passband": 2,
        "mag": 19.7638,
        "mag_err": 0.15340399999999998,
        "locus_id": "ZTF19aaupkev"
    },
    "29": {
        "mjd": 58675.23736109999,
        "passband": 2,
        "mag": 19.988,
        "mag_err": 0.264613,
        "locus_id": "ZTF19aaupkev"
    },
    "30": {
        "mjd": 58678.1977199,
        "passband": 2,
        "mag": 19.9688,
        "mag_err": 0.222942,
        "locus_id": "ZTF19aaupkev"
    },
    "31": {
        "mjd": 58684.1831019,
        "passband": 2,
        "mag": 20.2673,
        "mag_err": 0.18119200000000002,
        "locus_id": "ZTF19aaupkev"
    }
}