{
    "0": {
        "mjd": 58827.4509375,
        "passband": 2,
        "mag": 19.7473,
        "mag_err": 0.20730300000000002,
        "locus_id": "ZTF19acxoywk"
    },
    "1": {
        "mjd": 58827.5459722,
        "passband": 1,
        "mag": 20.1812,
        "mag_err": 0.202716,
        "locus_id": "ZTF19acxoywk"
    },
    "2": {
        "mjd": 58830.4284722,
        "passband": 2,
        "mag": 19.8612,
        "mag_err": 0.238945,
        "locus_id": "ZTF19acxoywk"
    },
    "3": {
        "mjd": 58830.54842590001,
        "passband": 1,
        "mag": 19.7204,
        "mag_err": 0.243473,
        "locus_id": "ZTF19acxoywk"
    },
    "4": {
        "mjd": 58836.4806597,
        "passband": 2,
        "mag": 19.694000000000003,
        "mag_err": 0.152277,
        "locus_id": "ZTF19acxoywk"
    }
}