{
    "0": {
        "mjd": 58721.4578009,
        "passband": 2,
        "mag": 18.0416,
        "mag_err": 0.182257,
        "locus_id": "ZTF19abtcapa"
    },
    "1": {
        "mjd": 58819.1453009,
        "passband": 2,
        "mag": 17.9852,
        "mag_err": 0.193125,
        "locus_id": "ZTF19abtcapa"
    },
    "2": {
        "mjd": 58819.151076400005,
        "passband": 2,
        "mag": 19.1215,
        "mag_err": 0.12452,
        "locus_id": "ZTF19abtcapa"
    },
    "3": {
        "mjd": 58819.210787,
        "passband": 1,
        "mag": 18.9451,
        "mag_err": 0.092528,
        "locus_id": "ZTF19abtcapa"
    },
    "4": {
        "mjd": 58820.1646875,
        "passband": 1,
        "mag": 18.9085,
        "mag_err": 0.24408000000000002,
        "locus_id": "ZTF19abtcapa"
    },
    "5": {
        "mjd": 58828.1086111,
        "passband": 1,
        "mag": 18.2971,
        "mag_err": 0.141469,
        "locus_id": "ZTF19abtcapa"
    },
    "6": {
        "mjd": 58828.1900579,
        "passband": 2,
        "mag": 18.2055,
        "mag_err": 0.133793,
        "locus_id": "ZTF19abtcapa"
    },
    "7": {
        "mjd": 58830.1277546,
        "passband": 1,
        "mag": 18.3149,
        "mag_err": 0.0831448,
        "locus_id": "ZTF19abtcapa"
    },
    "8": {
        "mjd": 58830.2043171,
        "passband": 1,
        "mag": 18.2689,
        "mag_err": 0.0841592,
        "locus_id": "ZTF19abtcapa"
    },
    "9": {
        "mjd": 58830.2329051,
        "passband": 2,
        "mag": 18.2253,
        "mag_err": 0.0683839,
        "locus_id": "ZTF19abtcapa"
    },
    "10": {
        "mjd": 58831.1000926,
        "passband": 2,
        "mag": 18.3215,
        "mag_err": 0.08852230000000001,
        "locus_id": "ZTF19abtcapa"
    },
    "11": {
        "mjd": 58831.1446644,
        "passband": 1,
        "mag": 18.3339,
        "mag_err": 0.10344600000000001,
        "locus_id": "ZTF19abtcapa"
    },
    "12": {
        "mjd": 58831.207893499995,
        "passband": 1,
        "mag": 18.2662,
        "mag_err": 0.08087260000000002,
        "locus_id": "ZTF19abtcapa"
    },
    "13": {
        "mjd": 58833.10436340001,
        "passband": 2,
        "mag": 18.2622,
        "mag_err": 0.0700563,
        "locus_id": "ZTF19abtcapa"
    },
    "14": {
        "mjd": 58833.176423599994,
        "passband": 1,
        "mag": 18.3889,
        "mag_err": 0.0782779,
        "locus_id": "ZTF19abtcapa"
    },
    "15": {
        "mjd": 58833.291296300005,
        "passband": 2,
        "mag": 18.3038,
        "mag_err": 0.0804233,
        "locus_id": "ZTF19abtcapa"
    },
    "16": {
        "mjd": 58836.095949099996,
        "passband": 2,
        "mag": 18.3464,
        "mag_err": 0.0884506,
        "locus_id": "ZTF19abtcapa"
    },
    "17": {
        "mjd": 58836.1309722,
        "passband": 1,
        "mag": 18.5057,
        "mag_err": 0.09716419999999999,
        "locus_id": "ZTF19abtcapa"
    },
    "18": {
        "mjd": 58846.1276852,
        "passband": 2,
        "mag": 18.949,
        "mag_err": 0.116351,
        "locus_id": "ZTF19abtcapa"
    },
    "19": {
        "mjd": 58846.21730319999,
        "passband": 1,
        "mag": 19.3348,
        "mag_err": 0.12009500000000001,
        "locus_id": "ZTF19abtcapa"
    },
    "20": {
        "mjd": 58849.10197919999,
        "passband": 1,
        "mag": 19.5924,
        "mag_err": 0.16855699999999998,
        "locus_id": "ZTF19abtcapa"
    },
    "21": {
        "mjd": 58849.126794,
        "passband": 1,
        "mag": 19.5675,
        "mag_err": 0.134515,
        "locus_id": "ZTF19abtcapa"
    },
    "22": {
        "mjd": 58849.1488426,
        "passband": 2,
        "mag": 18.9525,
        "mag_err": 0.11197,
        "locus_id": "ZTF19abtcapa"
    },
    "23": {
        "mjd": 58852.10269680001,
        "passband": 1,
        "mag": 19.566,
        "mag_err": 0.187927,
        "locus_id": "ZTF19abtcapa"
    },
    "24": {
        "mjd": 58852.1658449,
        "passband": 2,
        "mag": 18.828,
        "mag_err": 0.136675,
        "locus_id": "ZTF19abtcapa"
    },
    "25": {
        "mjd": 58855.2065394,
        "passband": 2,
        "mag": 18.9853,
        "mag_err": 0.119709,
        "locus_id": "ZTF19abtcapa"
    },
    "26": {
        "mjd": 58859.1753241,
        "passband": 2,
        "mag": 19.1777,
        "mag_err": 0.116823,
        "locus_id": "ZTF19abtcapa"
    },
    "27": {
        "mjd": 58859.2163079,
        "passband": 2,
        "mag": 19.0628,
        "mag_err": 0.1402,
        "locus_id": "ZTF19abtcapa"
    },
    "28": {
        "mjd": 58860.1544329,
        "passband": 2,
        "mag": 19.1702,
        "mag_err": 0.12134600000000001,
        "locus_id": "ZTF19abtcapa"
    },
    "29": {
        "mjd": 58861.15605319999,
        "passband": 2,
        "mag": 19.3781,
        "mag_err": 0.14643299999999998,
        "locus_id": "ZTF19abtcapa"
    },
    "30": {
        "mjd": 58882.1306829,
        "passband": 2,
        "mag": 19.6937,
        "mag_err": 0.187228,
        "locus_id": "ZTF19abtcapa"
    }
}