{
    "0": {
        "mjd": 58343.1540278,
        "passband": 2,
        "mag": 19.5965,
        "mag_err": 0.144624,
        "locus_id": "ZTF18abmjvuf"
    },
    "1": {
        "mjd": 58343.17361109999,
        "passband": 1,
        "mag": 19.7588,
        "mag_err": 0.137915,
        "locus_id": "ZTF18abmjvuf"
    },
    "2": {
        "mjd": 58346.15833330001,
        "passband": 1,
        "mag": 19.174,
        "mag_err": 0.09260399999999999,
        "locus_id": "ZTF18abmjvuf"
    },
    "3": {
        "mjd": 58346.172928199994,
        "passband": 2,
        "mag": 19.1397,
        "mag_err": 0.09608860000000001,
        "locus_id": "ZTF18abmjvuf"
    },
    "4": {
        "mjd": 58350.1521991,
        "passband": 2,
        "mag": 18.9349,
        "mag_err": 0.08837919999999999,
        "locus_id": "ZTF18abmjvuf"
    },
    "5": {
        "mjd": 58350.238298599994,
        "passband": 1,
        "mag": 19.0487,
        "mag_err": 0.138574,
        "locus_id": "ZTF18abmjvuf"
    },
    "6": {
        "mjd": 58353.163078699996,
        "passband": 2,
        "mag": 18.8578,
        "mag_err": 0.104152,
        "locus_id": "ZTF18abmjvuf"
    },
    "7": {
        "mjd": 58353.2385648,
        "passband": 2,
        "mag": 18.8933,
        "mag_err": 0.10360699999999999,
        "locus_id": "ZTF18abmjvuf"
    },
    "8": {
        "mjd": 58362.1422569,
        "passband": 2,
        "mag": 19.2239,
        "mag_err": 0.101763,
        "locus_id": "ZTF18abmjvuf"
    },
    "9": {
        "mjd": 58362.193009300005,
        "passband": 1,
        "mag": 19.762999999999998,
        "mag_err": 0.173955,
        "locus_id": "ZTF18abmjvuf"
    },
    "10": {
        "mjd": 58365.14495369999,
        "passband": 2,
        "mag": 19.4085,
        "mag_err": 0.101441,
        "locus_id": "ZTF18abmjvuf"
    },
    "11": {
        "mjd": 58370.137037,
        "passband": 2,
        "mag": 19.4773,
        "mag_err": 0.137264,
        "locus_id": "ZTF18abmjvuf"
    }
}