{
    "0": {
        "mjd": 58468.2868171,
        "passband": 2,
        "mag": 19.4133,
        "mag_err": 0.121448,
        "locus_id": "ZTF18acwutbr"
    },
    "1": {
        "mjd": 58468.39958330001,
        "passband": 1,
        "mag": 19.7095,
        "mag_err": 0.164145,
        "locus_id": "ZTF18acwutbr"
    },
    "2": {
        "mjd": 58471.290983800005,
        "passband": 2,
        "mag": 18.3597,
        "mag_err": 0.08762239999999999,
        "locus_id": "ZTF18acwutbr"
    },
    "3": {
        "mjd": 58476.28373840001,
        "passband": 1,
        "mag": 17.6729,
        "mag_err": 0.06843560000000001,
        "locus_id": "ZTF18acwutbr"
    },
    "4": {
        "mjd": 58480.28914349999,
        "passband": 1,
        "mag": 17.418,
        "mag_err": 0.0637284,
        "locus_id": "ZTF18acwutbr"
    },
    "5": {
        "mjd": 58487.2237269,
        "passband": 1,
        "mag": 17.4387,
        "mag_err": 0.047601199999999996,
        "locus_id": "ZTF18acwutbr"
    },
    "6": {
        "mjd": 58487.239375,
        "passband": 2,
        "mag": 17.1402,
        "mag_err": 0.0396635,
        "locus_id": "ZTF18acwutbr"
    },
    "7": {
        "mjd": 58488.2400694,
        "passband": 1,
        "mag": 17.4829,
        "mag_err": 0.0713063,
        "locus_id": "ZTF18acwutbr"
    },
    "8": {
        "mjd": 58490.227338,
        "passband": 2,
        "mag": 17.2968,
        "mag_err": 0.0378617,
        "locus_id": "ZTF18acwutbr"
    },
    "9": {
        "mjd": 58491.2459722,
        "passband": 2,
        "mag": 17.3772,
        "mag_err": 0.039897699999999994,
        "locus_id": "ZTF18acwutbr"
    },
    "10": {
        "mjd": 58493.209838,
        "passband": 1,
        "mag": 17.7981,
        "mag_err": 0.06405090000000001,
        "locus_id": "ZTF18acwutbr"
    },
    "11": {
        "mjd": 58493.2663079,
        "passband": 2,
        "mag": 17.5367,
        "mag_err": 0.0473596,
        "locus_id": "ZTF18acwutbr"
    },
    "12": {
        "mjd": 58495.2275694,
        "passband": 1,
        "mag": 18.0292,
        "mag_err": 0.06147040000000001,
        "locus_id": "ZTF18acwutbr"
    },
    "13": {
        "mjd": 58504.2604745,
        "passband": 2,
        "mag": 17.8698,
        "mag_err": 0.06598789999999999,
        "locus_id": "ZTF18acwutbr"
    },
    "14": {
        "mjd": 58505.2230556,
        "passband": 1,
        "mag": 18.7618,
        "mag_err": 0.179214,
        "locus_id": "ZTF18acwutbr"
    },
    "15": {
        "mjd": 58506.2427546,
        "passband": 2,
        "mag": 17.9383,
        "mag_err": 0.0662807,
        "locus_id": "ZTF18acwutbr"
    },
    "16": {
        "mjd": 58507.26214119999,
        "passband": 2,
        "mag": 17.9051,
        "mag_err": 0.0686846,
        "locus_id": "ZTF18acwutbr"
    },
    "17": {
        "mjd": 58508.261736099994,
        "passband": 2,
        "mag": 17.929000000000002,
        "mag_err": 0.058255999999999995,
        "locus_id": "ZTF18acwutbr"
    },
    "18": {
        "mjd": 58509.2113773,
        "passband": 1,
        "mag": 19.2283,
        "mag_err": 0.131946,
        "locus_id": "ZTF18acwutbr"
    },
    "19": {
        "mjd": 58509.25479169999,
        "passband": 2,
        "mag": 17.9772,
        "mag_err": 0.08526900000000001,
        "locus_id": "ZTF18acwutbr"
    },
    "20": {
        "mjd": 58514.1444792,
        "passband": 2,
        "mag": 18.2454,
        "mag_err": 0.0526327,
        "locus_id": "ZTF18acwutbr"
    },
    "21": {
        "mjd": 58514.2076157,
        "passband": 1,
        "mag": 19.7074,
        "mag_err": 0.29256,
        "locus_id": "ZTF18acwutbr"
    },
    "22": {
        "mjd": 58523.18563659999,
        "passband": 2,
        "mag": 18.7819,
        "mag_err": 0.0859697,
        "locus_id": "ZTF18acwutbr"
    },
    "23": {
        "mjd": 58526.20241900001,
        "passband": 2,
        "mag": 18.8803,
        "mag_err": 0.12166199999999999,
        "locus_id": "ZTF18acwutbr"
    },
    "24": {
        "mjd": 58540.275983800006,
        "passband": 2,
        "mag": 19.2743,
        "mag_err": 0.151255,
        "locus_id": "ZTF18acwutbr"
    },
    "25": {
        "mjd": 58542.1343056,
        "passband": 1,
        "mag": 20.4406,
        "mag_err": 0.28726199999999996,
        "locus_id": "ZTF18acwutbr"
    },
    "26": {
        "mjd": 58547.1129282,
        "passband": 2,
        "mag": 19.5418,
        "mag_err": 0.14081400000000002,
        "locus_id": "ZTF18acwutbr"
    },
    "27": {
        "mjd": 58547.153333300004,
        "passband": 2,
        "mag": 19.6253,
        "mag_err": 0.16785,
        "locus_id": "ZTF18acwutbr"
    }
}