{
    "0": {
        "mjd": 58440.4488194,
        "passband": 1,
        "mag": 18.6083,
        "mag_err": 0.0948221,
        "locus_id": "ZTF18acnbenl"
    },
    "1": {
        "mjd": 58440.5310995,
        "passband": 2,
        "mag": 18.8143,
        "mag_err": 0.0687135,
        "locus_id": "ZTF18acnbenl"
    },
    "2": {
        "mjd": 58443.431713,
        "passband": 2,
        "mag": 18.4494,
        "mag_err": 0.08046829999999999,
        "locus_id": "ZTF18acnbenl"
    },
    "3": {
        "mjd": 58443.51873840001,
        "passband": 1,
        "mag": 18.2865,
        "mag_err": 0.0500528,
        "locus_id": "ZTF18acnbenl"
    },
    "4": {
        "mjd": 58447.432615699996,
        "passband": 2,
        "mag": 18.3759,
        "mag_err": 0.0855148,
        "locus_id": "ZTF18acnbenl"
    },
    "5": {
        "mjd": 58447.5276852,
        "passband": 2,
        "mag": 18.2355,
        "mag_err": 0.0626053,
        "locus_id": "ZTF18acnbenl"
    },
    "6": {
        "mjd": 58450.4684028,
        "passband": 1,
        "mag": 18.1857,
        "mag_err": 0.0647423,
        "locus_id": "ZTF18acnbenl"
    },
    "7": {
        "mjd": 58450.52979169999,
        "passband": 2,
        "mag": 18.235,
        "mag_err": 0.0539802,
        "locus_id": "ZTF18acnbenl"
    },
    "8": {
        "mjd": 58461.46795140001,
        "passband": 1,
        "mag": 18.897000000000002,
        "mag_err": 0.11251099999999999,
        "locus_id": "ZTF18acnbenl"
    },
    "9": {
        "mjd": 58464.490196800005,
        "passband": 1,
        "mag": 19.1987,
        "mag_err": 0.0832596,
        "locus_id": "ZTF18acnbenl"
    },
    "10": {
        "mjd": 58472.44682869999,
        "passband": 2,
        "mag": 19.0185,
        "mag_err": 0.0920567,
        "locus_id": "ZTF18acnbenl"
    },
    "11": {
        "mjd": 58472.514213,
        "passband": 1,
        "mag": 19.8997,
        "mag_err": 0.16965,
        "locus_id": "ZTF18acnbenl"
    },
    "12": {
        "mjd": 58480.446192100004,
        "passband": 2,
        "mag": 19.4582,
        "mag_err": 0.165571,
        "locus_id": "ZTF18acnbenl"
    },
    "13": {
        "mjd": 58486.493865699995,
        "passband": 2,
        "mag": 19.7198,
        "mag_err": 0.134374,
        "locus_id": "ZTF18acnbenl"
    },
    "14": {
        "mjd": 58593.2858449,
        "passband": 2,
        "mag": 19.4573,
        "mag_err": 0.24469200000000002,
        "locus_id": "ZTF18acnbenl"
    },
    "15": {
        "mjd": 58606.27085650001,
        "passband": 2,
        "mag": 19.3402,
        "mag_err": 0.128288,
        "locus_id": "ZTF18acnbenl"
    }
}