{
    "0": {
        "mjd": 58678.44375,
        "passband": 1,
        "mag": 18.8747,
        "mag_err": 0.13839300000000002,
        "locus_id": "ZTF19abgiwkt"
    },
    "1": {
        "mjd": 58681.4533796,
        "passband": 2,
        "mag": 17.7529,
        "mag_err": 0.06624,
        "locus_id": "ZTF19abgiwkt"
    },
    "2": {
        "mjd": 58681.47223380001,
        "passband": 1,
        "mag": 18.1352,
        "mag_err": 0.0990138,
        "locus_id": "ZTF19abgiwkt"
    },
    "3": {
        "mjd": 58684.4308449,
        "passband": 1,
        "mag": 18.045,
        "mag_err": 0.0919302,
        "locus_id": "ZTF19abgiwkt"
    },
    "4": {
        "mjd": 58692.4932755,
        "passband": 2,
        "mag": 17.3239,
        "mag_err": 0.0434981,
        "locus_id": "ZTF19abgiwkt"
    },
    "5": {
        "mjd": 58695.448263900005,
        "passband": 1,
        "mag": 17.9687,
        "mag_err": 0.07556619999999999,
        "locus_id": "ZTF19abgiwkt"
    },
    "6": {
        "mjd": 58695.4830671,
        "passband": 2,
        "mag": 17.3332,
        "mag_err": 0.047732800000000006,
        "locus_id": "ZTF19abgiwkt"
    },
    "7": {
        "mjd": 58698.4766319,
        "passband": 1,
        "mag": 18.0047,
        "mag_err": 0.0742569,
        "locus_id": "ZTF19abgiwkt"
    },
    "8": {
        "mjd": 58698.4963194,
        "passband": 2,
        "mag": 17.2324,
        "mag_err": 0.05362000000000001,
        "locus_id": "ZTF19abgiwkt"
    },
    "9": {
        "mjd": 58701.4656134,
        "passband": 1,
        "mag": 18.0792,
        "mag_err": 0.0814694,
        "locus_id": "ZTF19abgiwkt"
    },
    "10": {
        "mjd": 58701.486296300005,
        "passband": 2,
        "mag": 17.2777,
        "mag_err": 0.0659406,
        "locus_id": "ZTF19abgiwkt"
    },
    "11": {
        "mjd": 58704.4499074,
        "passband": 1,
        "mag": 18.1696,
        "mag_err": 0.0782598,
        "locus_id": "ZTF19abgiwkt"
    },
    "12": {
        "mjd": 58704.4951968,
        "passband": 2,
        "mag": 17.3163,
        "mag_err": 0.0601612,
        "locus_id": "ZTF19abgiwkt"
    },
    "13": {
        "mjd": 58707.450520800005,
        "passband": 1,
        "mag": 18.2298,
        "mag_err": 0.0725584,
        "locus_id": "ZTF19abgiwkt"
    },
    "14": {
        "mjd": 58707.4852778,
        "passband": 2,
        "mag": 17.3271,
        "mag_err": 0.0463045,
        "locus_id": "ZTF19abgiwkt"
    },
    "15": {
        "mjd": 58711.431921300005,
        "passband": 2,
        "mag": 17.3973,
        "mag_err": 0.0444774,
        "locus_id": "ZTF19abgiwkt"
    },
    "16": {
        "mjd": 58714.446921300005,
        "passband": 2,
        "mag": 17.4034,
        "mag_err": 0.057705200000000005,
        "locus_id": "ZTF19abgiwkt"
    },
    "17": {
        "mjd": 58714.4951852,
        "passband": 1,
        "mag": 18.4026,
        "mag_err": 0.079626,
        "locus_id": "ZTF19abgiwkt"
    },
    "18": {
        "mjd": 58717.448888900006,
        "passband": 1,
        "mag": 18.4527,
        "mag_err": 0.0972947,
        "locus_id": "ZTF19abgiwkt"
    },
    "19": {
        "mjd": 58717.4716319,
        "passband": 2,
        "mag": 17.4068,
        "mag_err": 0.0456477,
        "locus_id": "ZTF19abgiwkt"
    },
    "20": {
        "mjd": 58724.4707523,
        "passband": 1,
        "mag": 18.6285,
        "mag_err": 0.0890755,
        "locus_id": "ZTF19abgiwkt"
    },
    "21": {
        "mjd": 58724.4864931,
        "passband": 2,
        "mag": 17.4789,
        "mag_err": 0.0470852,
        "locus_id": "ZTF19abgiwkt"
    },
    "22": {
        "mjd": 58727.47091440001,
        "passband": 1,
        "mag": 18.6196,
        "mag_err": 0.0914988,
        "locus_id": "ZTF19abgiwkt"
    },
    "23": {
        "mjd": 58727.499976900006,
        "passband": 2,
        "mag": 17.4579,
        "mag_err": 0.0620693,
        "locus_id": "ZTF19abgiwkt"
    },
    "24": {
        "mjd": 58732.4416898,
        "passband": 1,
        "mag": 18.6889,
        "mag_err": 0.0724525,
        "locus_id": "ZTF19abgiwkt"
    },
    "25": {
        "mjd": 58732.48552080001,
        "passband": 2,
        "mag": 17.4972,
        "mag_err": 0.0453005,
        "locus_id": "ZTF19abgiwkt"
    },
    "26": {
        "mjd": 58735.4492593,
        "passband": 1,
        "mag": 18.6271,
        "mag_err": 0.11431600000000001,
        "locus_id": "ZTF19abgiwkt"
    },
    "27": {
        "mjd": 58735.4918056,
        "passband": 2,
        "mag": 17.5084,
        "mag_err": 0.056834,
        "locus_id": "ZTF19abgiwkt"
    },
    "28": {
        "mjd": 58738.486713,
        "passband": 1,
        "mag": 18.7126,
        "mag_err": 0.120572,
        "locus_id": "ZTF19abgiwkt"
    },
    "29": {
        "mjd": 58738.50719909999,
        "passband": 2,
        "mag": 17.5359,
        "mag_err": 0.0554384,
        "locus_id": "ZTF19abgiwkt"
    },
    "30": {
        "mjd": 58741.44491900001,
        "passband": 2,
        "mag": 17.5352,
        "mag_err": 0.056439699999999995,
        "locus_id": "ZTF19abgiwkt"
    },
    "31": {
        "mjd": 58744.44304400001,
        "passband": 2,
        "mag": 17.5504,
        "mag_err": 0.050937199999999995,
        "locus_id": "ZTF19abgiwkt"
    },
    "32": {
        "mjd": 58744.4855324,
        "passband": 1,
        "mag": 18.777,
        "mag_err": 0.11713399999999999,
        "locus_id": "ZTF19abgiwkt"
    },
    "33": {
        "mjd": 58747.4433796,
        "passband": 2,
        "mag": 17.5292,
        "mag_err": 0.04108,
        "locus_id": "ZTF19abgiwkt"
    },
    "34": {
        "mjd": 58747.48798609999,
        "passband": 1,
        "mag": 18.7319,
        "mag_err": 0.106794,
        "locus_id": "ZTF19abgiwkt"
    },
    "35": {
        "mjd": 58750.377951400005,
        "passband": 1,
        "mag": 18.8881,
        "mag_err": 0.11766099999999999,
        "locus_id": "ZTF19abgiwkt"
    },
    "36": {
        "mjd": 58750.4740046,
        "passband": 2,
        "mag": 17.5462,
        "mag_err": 0.06269119999999999,
        "locus_id": "ZTF19abgiwkt"
    },
    "37": {
        "mjd": 58756.410463,
        "passband": 1,
        "mag": 18.8425,
        "mag_err": 0.11530399999999999,
        "locus_id": "ZTF19abgiwkt"
    },
    "38": {
        "mjd": 58756.485,
        "passband": 2,
        "mag": 17.5507,
        "mag_err": 0.0559923,
        "locus_id": "ZTF19abgiwkt"
    },
    "39": {
        "mjd": 58759.383761599995,
        "passband": 2,
        "mag": 17.5621,
        "mag_err": 0.0511788,
        "locus_id": "ZTF19abgiwkt"
    },
    "40": {
        "mjd": 58759.431886599996,
        "passband": 1,
        "mag": 18.8352,
        "mag_err": 0.09927230000000001,
        "locus_id": "ZTF19abgiwkt"
    },
    "41": {
        "mjd": 58763.3713079,
        "passband": 2,
        "mag": 17.5782,
        "mag_err": 0.0481541,
        "locus_id": "ZTF19abgiwkt"
    },
    "42": {
        "mjd": 58766.4569097,
        "passband": 1,
        "mag": 18.8439,
        "mag_err": 0.0920096,
        "locus_id": "ZTF19abgiwkt"
    },
    "43": {
        "mjd": 58766.4953472,
        "passband": 2,
        "mag": 17.6215,
        "mag_err": 0.0486364,
        "locus_id": "ZTF19abgiwkt"
    },
    "44": {
        "mjd": 58769.4963079,
        "passband": 1,
        "mag": 18.9263,
        "mag_err": 0.158644,
        "locus_id": "ZTF19abgiwkt"
    },
    "45": {
        "mjd": 58772.318287,
        "passband": 1,
        "mag": 18.7826,
        "mag_err": 0.275294,
        "locus_id": "ZTF19abgiwkt"
    },
    "46": {
        "mjd": 58772.3828125,
        "passband": 2,
        "mag": 17.6187,
        "mag_err": 0.0906141,
        "locus_id": "ZTF19abgiwkt"
    },
    "47": {
        "mjd": 58775.3703819,
        "passband": 2,
        "mag": 17.7187,
        "mag_err": 0.06492909999999999,
        "locus_id": "ZTF19abgiwkt"
    },
    "48": {
        "mjd": 58775.38651619999,
        "passband": 1,