{
    "0": {
        "mjd": 58782.21125,
        "passband": 1,
        "mag": 19.1821,
        "mag_err": 0.178528,
        "locus_id": "ZTF18accxltw"
    },
    "1": {
        "mjd": 58785.0811343,
        "passband": 2,
        "mag": 17.8613,
        "mag_err": 0.0856043,
        "locus_id": "ZTF18accxltw"
    },
    "2": {
        "mjd": 58785.2330324,
        "passband": 2,
        "mag": 17.8053,
        "mag_err": 0.0918512,
        "locus_id": "ZTF18accxltw"
    },
    "3": {
        "mjd": 58789.1821528,
        "passband": 1,
        "mag": 17.2313,
        "mag_err": 0.064823,
        "locus_id": "ZTF18accxltw"
    },
    "4": {
        "mjd": 58789.211585599995,
        "passband": 2,
        "mag": 17.2346,
        "mag_err": 0.0756154,
        "locus_id": "ZTF18accxltw"
    },
    "5": {
        "mjd": 58790.0981019,
        "passband": 1,
        "mag": 17.1356,
        "mag_err": 0.05170980000000001,
        "locus_id": "ZTF18accxltw"
    },
    "6": {
        "mjd": 58790.10638890001,
        "passband": 2,
        "mag": 17.0034,
        "mag_err": 0.038473900000000005,
        "locus_id": "ZTF18accxltw"
    },
    "7": {
        "mjd": 58794.1280093,
        "passband": 1,
        "mag": 17.007,
        "mag_err": 0.06122380000000001,
        "locus_id": "ZTF18accxltw"
    },
    "8": {
        "mjd": 58794.147708300006,
        "passband": 1,
        "mag": 16.9539,
        "mag_err": 0.0445635,
        "locus_id": "ZTF18accxltw"
    },
    "9": {
        "mjd": 58797.12848380001,
        "passband": 1,
        "mag": 17.0539,
        "mag_err": 0.060810300000000005,
        "locus_id": "ZTF18accxltw"
    },
    "10": {
        "mjd": 58797.146759300005,
        "passband": 1,
        "mag": 17.0658,
        "mag_err": 0.0404853,
        "locus_id": "ZTF18accxltw"
    },
    "11": {
        "mjd": 58801.073044000004,
        "passband": 2,
        "mag": 17.1849,
        "mag_err": 0.11904,
        "locus_id": "ZTF18accxltw"
    },
    "12": {
        "mjd": 58804.1735648,
        "passband": 1,
        "mag": 17.3806,
        "mag_err": 0.08033530000000001,
        "locus_id": "ZTF18accxltw"
    },
    "13": {
        "mjd": 58804.19160880001,
        "passband": 1,
        "mag": 17.4756,
        "mag_err": 0.0753298,
        "locus_id": "ZTF18accxltw"
    },
    "14": {
        "mjd": 58812.0899653,
        "passband": 2,
        "mag": 17.801,
        "mag_err": 0.06891219999999999,
        "locus_id": "ZTF18accxltw"
    },
    "15": {
        "mjd": 58812.0908681,
        "passband": 2,
        "mag": 17.7496,
        "mag_err": 0.0863304,
        "locus_id": "ZTF18accxltw"
    }
}