{
    "0": {
        "mjd": 58759.4388194,
        "passband": 1,
        "mag": 20.1223,
        "mag_err": 0.20061500000000002,
        "locus_id": "ZTF19accjnpz"
    },
    "1": {
        "mjd": 58763.4585648,
        "passband": 1,
        "mag": 19.3807,
        "mag_err": 0.108451,
        "locus_id": "ZTF19accjnpz"
    },
    "2": {
        "mjd": 58763.4995949,
        "passband": 2,
        "mag": 19.3912,
        "mag_err": 0.12871,
        "locus_id": "ZTF19accjnpz"
    },
    "3": {
        "mjd": 58766.40789349999,
        "passband": 1,
        "mag": 19.1001,
        "mag_err": 0.150565,
        "locus_id": "ZTF19accjnpz"
    },
    "4": {
        "mjd": 58766.482071800005,
        "passband": 2,
        "mag": 19.1755,
        "mag_err": 0.12385999999999998,
        "locus_id": "ZTF19accjnpz"
    },
    "5": {
        "mjd": 58769.4307176,
        "passband": 2,
        "mag": 19.0184,
        "mag_err": 0.136991,
        "locus_id": "ZTF19accjnpz"
    },
    "6": {
        "mjd": 58775.3568171,
        "passband": 2,
        "mag": 18.9042,
        "mag_err": 0.108135,
        "locus_id": "ZTF19accjnpz"
    },
    "7": {
        "mjd": 58775.4375463,
        "passband": 1,
        "mag": 19.0374,
        "mag_err": 0.0945849,
        "locus_id": "ZTF19accjnpz"
    },
    "8": {
        "mjd": 58778.311713,
        "passband": 1,
        "mag": 19.1423,
        "mag_err": 0.177111,
        "locus_id": "ZTF19accjnpz"
    },
    "9": {
        "mjd": 58778.457963,
        "passband": 2,
        "mag": 18.9597,
        "mag_err": 0.113901,
        "locus_id": "ZTF19accjnpz"
    },
    "10": {
        "mjd": 58781.4145023,
        "passband": 1,
        "mag": 19.2258,
        "mag_err": 0.124668,
        "locus_id": "ZTF19accjnpz"
    },
    "11": {
        "mjd": 58784.3922801,
        "passband": 2,
        "mag": 19.2347,
        "mag_err": 0.247556,
        "locus_id": "ZTF19accjnpz"
    },
    "12": {
        "mjd": 58787.43311340001,
        "passband": 1,
        "mag": 19.5697,
        "mag_err": 0.22945,
        "locus_id": "ZTF19accjnpz"
    },
    "13": {
        "mjd": 58790.335069400004,
        "passband": 1,
        "mag": 19.9229,
        "mag_err": 0.174333,
        "locus_id": "ZTF19accjnpz"
    },
    "14": {
        "mjd": 58790.3690278,
        "passband": 2,
        "mag": 19.5852,
        "mag_err": 0.163019,
        "locus_id": "ZTF19accjnpz"
    },
    "15": {
        "mjd": 58793.350300900005,
        "passband": 1,
        "mag": 19.9454,
        "mag_err": 0.171018,
        "locus_id": "ZTF19accjnpz"
    },
    "16": {
        "mjd": 58796.31917819999,
        "passband": 2,
        "mag": 19.4693,
        "mag_err": 0.20808000000000001,
        "locus_id": "ZTF19accjnpz"
    },
    "17": {
        "mjd": 58803.314097200004,
        "passband": 2,
        "mag": 19.7193,
        "mag_err": 0.22797199999999998,
        "locus_id": "ZTF19accjnpz"
    },
    "18": {
        "mjd": 58806.316875,
        "passband": 2,
        "mag": 19.8513,
        "mag_err": 0.20066099999999998,
        "locus_id": "ZTF19accjnpz"
    }
}