{
    "0": {
        "mjd": 58823.436620399996,
        "passband": 1,
        "mag": 18.476,
        "mag_err": 0.214626,
        "locus_id": "ZTF19acxldra"
    },
    "1": {
        "mjd": 58827.2909375,
        "passband": 2,
        "mag": 18.5702,
        "mag_err": 0.110623,
        "locus_id": "ZTF19acxldra"
    },
    "2": {
        "mjd": 58827.4233102,
        "passband": 2,
        "mag": 18.6225,
        "mag_err": 0.109173,
        "locus_id": "ZTF19acxldra"
    },
    "3": {
        "mjd": 58828.2990046,
        "passband": 2,
        "mag": 18.5945,
        "mag_err": 0.188669,
        "locus_id": "ZTF19acxldra"
    },
    "4": {
        "mjd": 58830.2246875,
        "passband": 1,
        "mag": 18.326,
        "mag_err": 0.151651,
        "locus_id": "ZTF19acxldra"
    },
    "5": {
        "mjd": 58833.3847801,
        "passband": 2,
        "mag": 18.6379,
        "mag_err": 0.122135,
        "locus_id": "ZTF19acxldra"
    },
    "6": {
        "mjd": 58833.41633099999,
        "passband": 2,
        "mag": 18.7429,
        "mag_err": 0.121928,
        "locus_id": "ZTF19acxldra"
    },
    "7": {
        "mjd": 58833.5191782,
        "passband": 1,
        "mag": 18.5004,
        "mag_err": 0.186346,
        "locus_id": "ZTF19acxldra"
    },
    "8": {
        "mjd": 58836.4720833,
        "passband": 2,
        "mag": 18.7473,
        "mag_err": 0.0784431,
        "locus_id": "ZTF19acxldra"
    },
    "9": {
        "mjd": 58846.4853819,
        "passband": 1,
        "mag": 19.7839,
        "mag_err": 0.151418,
        "locus_id": "ZTF19acxldra"
    },
    "10": {
        "mjd": 58849.46989580001,
        "passband": 1,
        "mag": 19.9729,
        "mag_err": 0.173896,
        "locus_id": "ZTF19acxldra"
    },
    "11": {
        "mjd": 58850.4259606,
        "passband": 1,
        "mag": 20.0341,
        "mag_err": 0.251578,
        "locus_id": "ZTF19acxldra"
    },
    "12": {
        "mjd": 58850.4488426,
        "passband": 2,
        "mag": 19.4237,
        "mag_err": 0.180075,
        "locus_id": "ZTF19acxldra"
    },
    "13": {
        "mjd": 58852.42998840001,
        "passband": 2,
        "mag": 19.3546,
        "mag_err": 0.0940682,
        "locus_id": "ZTF19acxldra"
    },
    "14": {
        "mjd": 58852.4629398,
        "passband": 1,
        "mag": 20.4305,
        "mag_err": 0.18690199999999998,
        "locus_id": "ZTF19acxldra"
    },
    "15": {
        "mjd": 58853.4280556,
        "passband": 2,
        "mag": 19.5055,
        "mag_err": 0.120478,
        "locus_id": "ZTF19acxldra"
    },
    "16": {
        "mjd": 58854.442384300004,
        "passband": 2,
        "mag": 19.4173,
        "mag_err": 0.182309,
        "locus_id": "ZTF19acxldra"
    },
    "17": {
        "mjd": 58856.3287847,
        "passband": 2,
        "mag": 19.3778,
        "mag_err": 0.220086,
        "locus_id": "ZTF19acxldra"
    },
    "18": {
        "mjd": 58860.26675930001,
        "passband": 2,
        "mag": 19.7804,
        "mag_err": 0.283916,
        "locus_id": "ZTF19acxldra"
    },
    "19": {
        "mjd": 58862.21616900001,
        "passband": 2,
        "mag": 19.7628,
        "mag_err": 0.20640100000000003,
        "locus_id": "ZTF19acxldra"
    },
    "20": {
        "mjd": 58862.3024653,
        "passband": 2,
        "mag": 19.7976,
        "mag_err": 0.247518,
        "locus_id": "ZTF19acxldra"
    },
    "21": {
        "mjd": 58871.2616551,
        "passband": 2,
        "mag": 20.3193,
        "mag_err": 0.182729,
        "locus_id": "ZTF19acxldra"
    }
}