{
    "0": {
        "mjd": 58714.17945599999,
        "passband": 2,
        "mag": 20.5467,
        "mag_err": 0.221063,
        "locus_id": "ZTF19abqsvue"
    },
    "1": {
        "mjd": 58714.1799306,
        "passband": 2,
        "mag": 20.565,
        "mag_err": 0.317823,
        "locus_id": "ZTF19abqsvue"
    },
    "2": {
        "mjd": 58715.263645800005,
        "passband": 2,
        "mag": 20.4701,
        "mag_err": 0.274403,
        "locus_id": "ZTF19abqsvue"
    },
    "3": {
        "mjd": 58717.2635648,
        "passband": 2,
        "mag": 20.0944,
        "mag_err": 0.186724,
        "locus_id": "ZTF19abqsvue"
    },
    "4": {
        "mjd": 58717.264050900005,
        "passband": 2,
        "mag": 20.0224,
        "mag_err": 0.305647,
        "locus_id": "ZTF19abqsvue"
    },
    "5": {
        "mjd": 58717.2905324,
        "passband": 1,
        "mag": 20.1882,
        "mag_err": 0.25403600000000004,
        "locus_id": "ZTF19abqsvue"
    },
    "6": {
        "mjd": 58717.2910069,
        "passband": 1,
        "mag": 20.2116,
        "mag_err": 0.30803,
        "locus_id": "ZTF19abqsvue"
    },
    "7": {
        "mjd": 58718.28526619999,
        "passband": 2,
        "mag": 19.7525,
        "mag_err": 0.137606,
        "locus_id": "ZTF19abqsvue"
    },
    "8": {
        "mjd": 58718.2857407,
        "passband": 2,
        "mag": 19.8398,
        "mag_err": 0.188375,
        "locus_id": "ZTF19abqsvue"
    },
    "9": {
        "mjd": 58718.310925900005,
        "passband": 1,
        "mag": 20.1954,
        "mag_err": 0.289461,
        "locus_id": "ZTF19abqsvue"
    },
    "10": {
        "mjd": 58718.311412,
        "passband": 1,
        "mag": 20.2562,
        "mag_err": 0.317788,
        "locus_id": "ZTF19abqsvue"
    },
    "11": {
        "mjd": 58719.264236099996,
        "passband": 2,
        "mag": 19.7403,
        "mag_err": 0.132388,
        "locus_id": "ZTF19abqsvue"
    },
    "12": {
        "mjd": 58719.2911227,
        "passband": 1,
        "mag": 19.979,
        "mag_err": 0.25637,
        "locus_id": "ZTF19abqsvue"
    },
    "13": {
        "mjd": 58719.2915972,
        "passband": 1,
        "mag": 19.9358,
        "mag_err": 0.257683,
        "locus_id": "ZTF19abqsvue"
    },
    "14": {
        "mjd": 58720.2850231,
        "passband": 2,
        "mag": 19.6671,
        "mag_err": 0.17213599999999998,
        "locus_id": "ZTF19abqsvue"
    },
    "15": {
        "mjd": 58720.2854977,
        "passband": 2,
        "mag": 19.7108,
        "mag_err": 0.176872,
        "locus_id": "ZTF19abqsvue"
    },
    "16": {
        "mjd": 58720.309953699994,
        "passband": 1,
        "mag": 19.8239,
        "mag_err": 0.178895,
        "locus_id": "ZTF19abqsvue"
    },
    "17": {
        "mjd": 58720.3104398,
        "passband": 1,
        "mag": 19.9978,
        "mag_err": 0.26807800000000004,
        "locus_id": "ZTF19abqsvue"
    },
    "18": {
        "mjd": 58721.2641551,
        "passband": 2,
        "mag": 19.651,
        "mag_err": 0.143414,
        "locus_id": "ZTF19abqsvue"
    },
    "19": {
        "mjd": 58722.264050900005,
        "passband": 2,
        "mag": 19.532,
        "mag_err": 0.11295699999999999,
        "locus_id": "ZTF19abqsvue"
    },
    "20": {
        "mjd": 58722.264537,
        "passband": 2,
        "mag": 19.5427,
        "mag_err": 0.150383,
        "locus_id": "ZTF19abqsvue"
    },
    "21": {
        "mjd": 58722.290023099995,
        "passband": 1,
        "mag": 19.7497,
        "mag_err": 0.144587,
        "locus_id": "ZTF19abqsvue"
    },
    "22": {
        "mjd": 58722.2904977,
        "passband": 1,
        "mag": 19.9426,
        "mag_err": 0.183203,
        "locus_id": "ZTF19abqsvue"
    },
    "23": {
        "mjd": 58723.28855319999,
        "passband": 2,
        "mag": 19.4527,
        "mag_err": 0.144617,
        "locus_id": "ZTF19abqsvue"
    },
    "24": {
        "mjd": 58723.2890278,
        "passband": 2,
        "mag": 19.4494,
        "mag_err": 0.15205,
        "locus_id": "ZTF19abqsvue"
    },
    "25": {
        "mjd": 58723.31201390001,
        "passband": 1,
        "mag": 19.7117,
        "mag_err": 0.188504,
        "locus_id": "ZTF19abqsvue"
    },
    "26": {
        "mjd": 58723.3125,
        "passband": 1,
        "mag": 19.8019,
        "mag_err": 0.163141,
        "locus_id": "ZTF19abqsvue"
    },
    "27": {
        "mjd": 58724.2886111,
        "passband": 2,
        "mag": 19.3867,
        "mag_err": 0.14185699999999998,
        "locus_id": "ZTF19abqsvue"
    },
    "28": {
        "mjd": 58724.289085599994,
        "passband": 2,
        "mag": 19.4036,
        "mag_err": 0.181922,
        "locus_id": "ZTF19abqsvue"
    },
    "29": {
        "mjd": 58724.312037,
        "passband": 1,
        "mag": 19.9852,
        "mag_err": 0.218917,
        "locus_id": "ZTF19abqsvue"
    },
    "30": {
        "mjd": 58724.312523099994,
        "passband": 1,
        "mag": 19.9204,
        "mag_err": 0.19883199999999998,
        "locus_id": "ZTF19abqsvue"
    },
    "31": {
        "mjd": 58725.26254630001,
        "passband": 2,
        "mag": 19.4467,
        "mag_err": 0.134331,
        "locus_id": "ZTF19abqsvue"
    },
    "32": {
        "mjd": 58725.263020800005,
        "passband": 2,
        "mag": 19.4244,
        "mag_err": 0.15168399999999999,
        "locus_id": "ZTF19abqsvue"
    },
    "33": {
        "mjd": 58725.2883449,
        "passband": 1,
        "mag": 19.8109,
        "mag_err": 0.164675,
        "locus_id": "ZTF19abqsvue"
    },
    "34": {
        "mjd": 58725.2888194,
        "passband": 1,
        "mag": 19.9839,
        "mag_err": 0.173791,
        "locus_id": "ZTF19abqsvue"
    },
    "35": {
        "mjd": 58726.2639931,
        "passband": 2,
        "mag": 19.4516,
        "mag_err": 0.114227,
        "locus_id": "ZTF19abqsvue"
    },
    "36": {
        "mjd": 58726.2896412,
        "passband": 1,
        "mag": 19.9538,
        "mag_err": 0.206202,
        "locus_id": "ZTF19abqsvue"
    },
    "37": {
        "mjd": 58726.290115699994,
        "passband": 1,
        "mag": 19.9284,
        "mag_err": 0.190196,
        "locus_id": "ZTF19abqsvue"
    },
    "38": {
        "mjd": 58727.28822919999,
        "passband": 2,
        "mag": 19.4547,
        "mag_err": 0.14356,
        "locus_id": "ZTF19abqsvue"
    },
    "39": {
        "mjd": 58727.2887037,
        "passband": 2,
        "mag": 19.5,
        "mag_err": 0.14843800000000001,
        "locus_id": "ZTF19abqsvue"
    },
    "40": {
        "mjd": 58727.3115972,
        "passband": 1,
        "mag": 19.8582,
        "mag_err": 0.18665,
        "locus_id": "ZTF19abqsvue"
    },
    "41": {
        "mjd": 58727.31208330001,
        "passband": 1,
        "mag": 20.1628,
        "mag_err": 0.275462,
        "locus_id": "ZTF19abqsvue"
    },
    "42": {
        "mjd": 58730.2647338,
        "passband": 2,
        "mag": 19.3661,
        "mag_err": 0.269986,
        "locus_id": "ZTF19abqsvue"
    },
    "43": {
        "mjd": 58730.2888194,
        "passband": 1,
        "mag": 20.2425,
        "mag_err": 0.32429600000000003,
        "locus_id": "ZTF19abqsvue"
    },
    "44": {
        "mjd": 58732.262893499996,
        "passband": 2,
        "mag": 19.6602,
        "mag_err": 0.155151,
        "locus_id": "ZTF19abqsvue"
    },
    "45": {
        "mjd": 58732.2633796,
        "passband": 2,
        "mag": 19.8652,
        "mag_err": 0.215613,
        "locus_id": "ZTF19abqsvue"
    },
    "46": {
        "mjd": 58733.2624884,
        "passband": 2,
        "mag": 19.771,
        "mag_err": 0.155745,
        "locus_id": "ZTF19abqsvue"
    }
}