{
    "0": {
        "mjd": 58349.3040625,
        "passband": 2,
        "mag": 19.5087,
        "mag_err": 0.109355,
        "locus_id": "ZTF18abnvoel"
    },
    "1": {
        "mjd": 58352.2848958,
        "passband": 2,
        "mag": 18.8751,
        "mag_err": 0.099868,
        "locus_id": "ZTF18abnvoel"
    },
    "2": {
        "mjd": 58352.3468056,
        "passband": 1,
        "mag": 18.7639,
        "mag_err": 0.121116,
        "locus_id": "ZTF18abnvoel"
    },
    "3": {
        "mjd": 58355.2856134,
        "passband": 2,
        "mag": 18.4758,
        "mag_err": 0.0846407,
        "locus_id": "ZTF18abnvoel"
    },
    "4": {
        "mjd": 58358.2179051,
        "passband": 2,
        "mag": 18.3876,
        "mag_err": 0.0821069,
        "locus_id": "ZTF18abnvoel"
    },
    "5": {
        "mjd": 58361.2827778,
        "passband": 2,
        "mag": 18.3337,
        "mag_err": 0.0655695,
        "locus_id": "ZTF18abnvoel"
    },
    "6": {
        "mjd": 58361.38229169999,
        "passband": 1,
        "mag": 18.3044,
        "mag_err": 0.100061,
        "locus_id": "ZTF18abnvoel"
    },
    "7": {
        "mjd": 58364.19682869999,
        "passband": 1,
        "mag": 18.3321,
        "mag_err": 0.0848166,
        "locus_id": "ZTF18abnvoel"
    },
    "8": {
        "mjd": 58364.315671300006,
        "passband": 2,
        "mag": 18.3463,
        "mag_err": 0.0602396,
        "locus_id": "ZTF18abnvoel"
    },
    "9": {
        "mjd": 58367.2818403,
        "passband": 1,
        "mag": 18.4595,
        "mag_err": 0.0747482,
        "locus_id": "ZTF18abnvoel"
    },
    "10": {
        "mjd": 58367.3287153,
        "passband": 2,
        "mag": 18.3668,
        "mag_err": 0.06337580000000001,
        "locus_id": "ZTF18abnvoel"
    },
    "11": {
        "mjd": 58370.2419329,
        "passband": 1,
        "mag": 18.62,
        "mag_err": 0.08417430000000001,
        "locus_id": "ZTF18abnvoel"
    },
    "12": {
        "mjd": 58370.2686806,
        "passband": 2,
        "mag": 18.5045,
        "mag_err": 0.08580499999999999,
        "locus_id": "ZTF18abnvoel"
    },
    "13": {
        "mjd": 58373.2644329,
        "passband": 1,
        "mag": 18.7929,
        "mag_err": 0.100874,
        "locus_id": "ZTF18abnvoel"
    },
    "14": {
        "mjd": 58373.3007407,
        "passband": 2,
        "mag": 18.6903,
        "mag_err": 0.113559,
        "locus_id": "ZTF18abnvoel"
    },
    "15": {
        "mjd": 58376.236794000004,
        "passband": 1,
        "mag": 19.1268,
        "mag_err": 0.0923086,
        "locus_id": "ZTF18abnvoel"
    },
    "16": {
        "mjd": 58379.23407409999,
        "passband": 2,
        "mag": 18.932000000000002,
        "mag_err": 0.0873292,
        "locus_id": "ZTF18abnvoel"
    },
    "17": {
        "mjd": 58379.3242824,
        "passband": 1,
        "mag": 19.3341,
        "mag_err": 0.170246,
        "locus_id": "ZTF18abnvoel"
    },
    "18": {
        "mjd": 58382.1359606,
        "passband": 2,
        "mag": 19.1461,
        "mag_err": 0.113351,
        "locus_id": "ZTF18abnvoel"
    },
    "19": {
        "mjd": 58382.21361109999,
        "passband": 1,
        "mag": 19.5163,
        "mag_err": 0.21504299999999998,
        "locus_id": "ZTF18abnvoel"
    },
    "20": {
        "mjd": 58385.2219329,
        "passband": 2,
        "mag": 19.0775,
        "mag_err": 0.127606,
        "locus_id": "ZTF18abnvoel"
    }
}