{
    "0": {
        "mjd": 58733.4888079,
        "passband": 1,
        "mag": 18.1306,
        "mag_err": 0.09897389999999999,
        "locus_id": "ZTF19abxvjkn"
    },
    "1": {
        "mjd": 58733.509178199994,
        "passband": 2,
        "mag": 18.1981,
        "mag_err": 0.0724651,
        "locus_id": "ZTF19abxvjkn"
    },
    "2": {
        "mjd": 58736.490787,
        "passband": 1,
        "mag": 17.9674,
        "mag_err": 0.06553490000000001,
        "locus_id": "ZTF19abxvjkn"
    },
    "3": {
        "mjd": 58736.512395800004,
        "passband": 2,
        "mag": 18.0796,
        "mag_err": 0.06396900000000001,
        "locus_id": "ZTF19abxvjkn"
    },
    "4": {
        "mjd": 58739.466643499996,
        "passband": 2,
        "mag": 17.9715,
        "mag_err": 0.0862168,
        "locus_id": "ZTF19abxvjkn"
    },
    "5": {
        "mjd": 58739.524490699994,
        "passband": 1,
        "mag": 17.8919,
        "mag_err": 0.0917679,
        "locus_id": "ZTF19abxvjkn"
    },
    "6": {
        "mjd": 58742.5240278,
        "passband": 1,
        "mag": 17.9779,
        "mag_err": 0.140234,
        "locus_id": "ZTF19abxvjkn"
    },
    "7": {
        "mjd": 58745.484699099994,
        "passband": 2,
        "mag": 18.0153,
        "mag_err": 0.0650793,
        "locus_id": "ZTF19abxvjkn"
    },
    "8": {
        "mjd": 58745.5265741,
        "passband": 1,
        "mag": 18.0999,
        "mag_err": 0.0840713,
        "locus_id": "ZTF19abxvjkn"
    },
    "9": {
        "mjd": 58748.4851852,
        "passband": 2,
        "mag": 18.2213,
        "mag_err": 0.090662,
        "locus_id": "ZTF19abxvjkn"
    },
    "10": {
        "mjd": 58748.5159838,
        "passband": 1,
        "mag": 18.4188,
        "mag_err": 0.081638,
        "locus_id": "ZTF19abxvjkn"
    },
    "11": {
        "mjd": 58751.482963,
        "passband": 1,
        "mag": 18.7419,
        "mag_err": 0.100245,
        "locus_id": "ZTF19abxvjkn"
    },
    "12": {
        "mjd": 58756.469039400006,
        "passband": 1,
        "mag": 19.2384,
        "mag_err": 0.105843,
        "locus_id": "ZTF19abxvjkn"
    },
    "13": {
        "mjd": 58756.51736109999,
        "passband": 2,
        "mag": 18.6315,
        "mag_err": 0.0798378,
        "locus_id": "ZTF19abxvjkn"
    },
    "14": {
        "mjd": 58758.51201390001,
        "passband": 1,
        "mag": 19.426,
        "mag_err": 0.116501,
        "locus_id": "ZTF19abxvjkn"
    },
    "15": {
        "mjd": 58759.4733449,
        "passband": 1,
        "mag": 19.6038,
        "mag_err": 0.143542,
        "locus_id": "ZTF19abxvjkn"
    },
    "16": {
        "mjd": 58763.4750694,
        "passband": 1,
        "mag": 19.9178,
        "mag_err": 0.21989899999999998,
        "locus_id": "ZTF19abxvjkn"
    },
    "17": {
        "mjd": 58766.4653819,
        "passband": 1,
        "mag": 20.1156,
        "mag_err": 0.22463000000000002,
        "locus_id": "ZTF19abxvjkn"
    },
    "18": {
        "mjd": 58766.5293171,
        "passband": 2,
        "mag": 18.8927,
        "mag_err": 0.0839515,
        "locus_id": "ZTF19abxvjkn"
    },
    "19": {
        "mjd": 58769.4769097,
        "passband": 2,
        "mag": 19.0602,
        "mag_err": 0.143827,
        "locus_id": "ZTF19abxvjkn"
    },
    "20": {
        "mjd": 58779.48127309999,
        "passband": 1,
        "mag": 20.7431,
        "mag_err": 0.29888400000000004,
        "locus_id": "ZTF19abxvjkn"
    },
    "21": {
        "mjd": 58785.4985995,
        "passband": 2,
        "mag": 19.8732,
        "mag_err": 0.189492,
        "locus_id": "ZTF19abxvjkn"
    },
    "22": {
        "mjd": 58788.45230319999,
        "passband": 1,
        "mag": 20.8242,
        "mag_err": 0.35265599999999997,
        "locus_id": "ZTF19abxvjkn"
    },
    "23": {
        "mjd": 58788.5238194,
        "passband": 2,
        "mag": 20.0449,
        "mag_err": 0.24442199999999997,
        "locus_id": "ZTF19abxvjkn"
    },
    "24": {
        "mjd": 58791.481018499995,
        "passband": 2,
        "mag": 20.1957,
        "mag_err": 0.21343099999999998,
        "locus_id": "ZTF19abxvjkn"
    }
}