{
    "0": {
        "mjd": 58675.4440972,
        "passband": 1,
        "mag": 19.1167,
        "mag_err": 0.0769735,
        "locus_id": "ZTF19abfvhlx"
    },
    "1": {
        "mjd": 58678.42302080001,
        "passband": 1,
        "mag": 18.4026,
        "mag_err": 0.0727719,
        "locus_id": "ZTF19abfvhlx"
    },
    "2": {
        "mjd": 58678.4809375,
        "passband": 2,
        "mag": 18.4331,
        "mag_err": 0.0980931,
        "locus_id": "ZTF19abfvhlx"
    },
    "3": {
        "mjd": 58681.419143499996,
        "passband": 2,
        "mag": 18.0261,
        "mag_err": 0.0796099,
        "locus_id": "ZTF19abfvhlx"
    },
    "4": {
        "mjd": 58686.481018499995,
        "passband": 1,
        "mag": 17.846,
        "mag_err": 0.053365300000000004,
        "locus_id": "ZTF19abfvhlx"
    },
    "5": {
        "mjd": 58690.4,
        "passband": 2,
        "mag": 17.9637,
        "mag_err": 0.051195,
        "locus_id": "ZTF19abfvhlx"
    },
    "6": {
        "mjd": 58690.4575,
        "passband": 1,
        "mag": 18.0116,
        "mag_err": 0.0447846,
        "locus_id": "ZTF19abfvhlx"
    },
    "7": {
        "mjd": 58694.3879977,
        "passband": 2,
        "mag": 18.3775,
        "mag_err": 0.09395060000000001,
        "locus_id": "ZTF19abfvhlx"
    },
    "8": {
        "mjd": 58694.430544,
        "passband": 1,
        "mag": 18.2811,
        "mag_err": 0.051197,
        "locus_id": "ZTF19abfvhlx"
    },
    "9": {
        "mjd": 58697.373946800006,
        "passband": 1,
        "mag": 18.567,
        "mag_err": 0.0632873,
        "locus_id": "ZTF19abfvhlx"
    },
    "10": {
        "mjd": 58697.39670140001,
        "passband": 2,
        "mag": 18.4654,
        "mag_err": 0.0958622,
        "locus_id": "ZTF19abfvhlx"
    },
    "11": {
        "mjd": 58700.3715972,
        "passband": 1,
        "mag": 18.8591,
        "mag_err": 0.0725318,
        "locus_id": "ZTF19abfvhlx"
    },
    "12": {
        "mjd": 58704.3766204,
        "passband": 1,
        "mag": 19.3142,
        "mag_err": 0.11875699999999999,
        "locus_id": "ZTF19abfvhlx"
    },
    "13": {
        "mjd": 58707.503287,
        "passband": 2,
        "mag": 18.8234,
        "mag_err": 0.118726,
        "locus_id": "ZTF19abfvhlx"
    },
    "14": {
        "mjd": 58717.332013900006,
        "passband": 2,
        "mag": 19.2572,
        "mag_err": 0.163348,
        "locus_id": "ZTF19abfvhlx"
    },
    "15": {
        "mjd": 58717.398599500004,
        "passband": 1,
        "mag": 20.2425,
        "mag_err": 0.259251,
        "locus_id": "ZTF19abfvhlx"
    },
    "16": {
        "mjd": 58720.398425900006,
        "passband": 1,
        "mag": 20.0143,
        "mag_err": 0.214101,
        "locus_id": "ZTF19abfvhlx"
    }
}