{
    "0": {
        "mjd": 58508.192789400004,
        "passband": 1,
        "mag": 18.0305,
        "mag_err": 0.0627483,
        "locus_id": "ZTF19aadwtoe"
    },
    "1": {
        "mjd": 58508.2407755,
        "passband": 2,
        "mag": 17.9218,
        "mag_err": 0.054338599999999994,
        "locus_id": "ZTF19aadwtoe"
    },
    "2": {
        "mjd": 58508.288125,
        "passband": 2,
        "mag": 17.9259,
        "mag_err": 0.065789,
        "locus_id": "ZTF19aadwtoe"
    },
    "3": {
        "mjd": 58510.2882986,
        "passband": 2,
        "mag": 17.7249,
        "mag_err": 0.0635719,
        "locus_id": "ZTF19aadwtoe"
    },
    "4": {
        "mjd": 58511.1715972,
        "passband": 1,
        "mag": 17.9741,
        "mag_err": 0.07561160000000001,
        "locus_id": "ZTF19aadwtoe"
    },
    "5": {
        "mjd": 58523.2275347,
        "passband": 2,
        "mag": 17.9224,
        "mag_err": 0.0627345,
        "locus_id": "ZTF19aadwtoe"
    },
    "6": {
        "mjd": 58523.2358449,
        "passband": 1,
        "mag": 18.6533,
        "mag_err": 0.115672,
        "locus_id": "ZTF19aadwtoe"
    },
    "7": {
        "mjd": 58526.226898099994,
        "passband": 2,
        "mag": 18.0726,
        "mag_err": 0.0653242,
        "locus_id": "ZTF19aadwtoe"
    },
    "8": {
        "mjd": 58541.2880324,
        "passband": 2,
        "mag": 18.6042,
        "mag_err": 0.179428,
        "locus_id": "ZTF19aadwtoe"
    },
    "9": {
        "mjd": 58547.1912847,
        "passband": 2,
        "mag": 18.9258,
        "mag_err": 0.085253,
        "locus_id": "ZTF19aadwtoe"
    },
    "10": {
        "mjd": 58547.208044000006,
        "passband": 2,
        "mag": 18.95,
        "mag_err": 0.109279,
        "locus_id": "ZTF19aadwtoe"
    },
    "11": {
        "mjd": 58547.208044000006,
        "passband": 2,
        "mag": 18.95,
        "mag_err": 0.109279,
        "locus_id": "ZTF19aadwtoe"
    },
    "12": {
        "mjd": 58556.19028940001,
        "passband": 2,
        "mag": 19.0101,
        "mag_err": 0.12258499999999999,
        "locus_id": "ZTF19aadwtoe"
    },
    "13": {
        "mjd": 58567.1710185,
        "passband": 1,
        "mag": 20.5409,
        "mag_err": 0.224716,
        "locus_id": "ZTF19aadwtoe"
    },
    "14": {
        "mjd": 58568.1253472,
        "passband": 2,
        "mag": 19.5489,
        "mag_err": 0.159898,
        "locus_id": "ZTF19aadwtoe"
    },
    "15": {
        "mjd": 58581.153391199994,
        "passband": 2,
        "mag": 19.4521,
        "mag_err": 0.281376,
        "locus_id": "ZTF19aadwtoe"
    },
    "16": {
        "mjd": 58584.156921300004,
        "passband": 2,
        "mag": 19.5671,
        "mag_err": 0.202628,
        "locus_id": "ZTF19aadwtoe"
    },
    "17": {
        "mjd": 58608.166701400005,
        "passband": 2,
        "mag": 19.8422,
        "mag_err": 0.20802199999999998,
        "locus_id": "ZTF19aadwtoe"
    }
}