{
    "0": {
        "mjd": 58836.502662,
        "passband": 2,
        "mag": 18.7527,
        "mag_err": 0.10973,
        "locus_id": "ZTF19adaiyrd"
    },
    "1": {
        "mjd": 58836.54726849999,
        "passband": 1,
        "mag": 18.7616,
        "mag_err": 0.126833,
        "locus_id": "ZTF19adaiyrd"
    },
    "2": {
        "mjd": 58849.455416699995,
        "passband": 2,
        "mag": 18.2954,
        "mag_err": 0.0715005,
        "locus_id": "ZTF19adaiyrd"
    },
    "3": {
        "mjd": 58849.4989931,
        "passband": 1,
        "mag": 18.5261,
        "mag_err": 0.07785410000000001,
        "locus_id": "ZTF19adaiyrd"
    },
    "4": {
        "mjd": 58852.501412,
        "passband": 1,
        "mag": 18.656,
        "mag_err": 0.0728347,
        "locus_id": "ZTF19adaiyrd"
    },
    "5": {
        "mjd": 58855.3751273,
        "passband": 2,
        "mag": 18.5886,
        "mag_err": 0.116281,
        "locus_id": "ZTF19adaiyrd"
    },
    "6": {
        "mjd": 58864.318738400005,
        "passband": 2,
        "mag": 18.9094,
        "mag_err": 0.158841,
        "locus_id": "ZTF19adaiyrd"
    },
    "7": {
        "mjd": 58873.330138900004,
        "passband": 2,
        "mag": 19.0894,
        "mag_err": 0.11192300000000001,
        "locus_id": "ZTF19adaiyrd"
    },
    "8": {
        "mjd": 58873.3975,
        "passband": 1,
        "mag": 20.5,
        "mag_err": 0.281169,
        "locus_id": "ZTF19adaiyrd"
    },
    "9": {
        "mjd": 58876.3383681,
        "passband": 2,
        "mag": 19.1238,
        "mag_err": 0.124858,
        "locus_id": "ZTF19adaiyrd"
    }
}