{
    "0": {
        "mjd": 58667.2295023,
        "passband": 2,
        "mag": 19.8213,
        "mag_err": 0.182636,
        "locus_id": "ZTF19abdehcz"
    },
    "1": {
        "mjd": 58674.20342590001,
        "passband": 1,
        "mag": 18.7195,
        "mag_err": 0.133962,
        "locus_id": "ZTF19abdehcz"
    },
    "2": {
        "mjd": 58674.2206944,
        "passband": 2,
        "mag": 19.1961,
        "mag_err": 0.21106999999999998,
        "locus_id": "ZTF19abdehcz"
    },
    "3": {
        "mjd": 58677.20489580001,
        "passband": 2,
        "mag": 19.0638,
        "mag_err": 0.150103,
        "locus_id": "ZTF19abdehcz"
    }
}