{
    "0": {
        "mjd": 58830.2057176,
        "passband": 1,
        "mag": 19.3944,
        "mag_err": 0.195052,
        "locus_id": "ZTF19acyfkbf"
    },
    "1": {
        "mjd": 58831.10144680001,
        "passband": 2,
        "mag": 19.2213,
        "mag_err": 0.122627,
        "locus_id": "ZTF19acyfkbf"
    },
    "2": {
        "mjd": 58831.145173599994,
        "passband": 1,
        "mag": 19.1712,
        "mag_err": 0.19325499999999998,
        "locus_id": "ZTF19acyfkbf"
    },
    "3": {
        "mjd": 58837.125324099994,
        "passband": 1,
        "mag": 18.3956,
        "mag_err": 0.08501410000000001,
        "locus_id": "ZTF19acyfkbf"
    },
    "4": {
        "mjd": 58838.142951400005,
        "passband": 1,
        "mag": 18.3538,
        "mag_err": 0.124045,
        "locus_id": "ZTF19acyfkbf"
    },
    "5": {
        "mjd": 58846.1267824,
        "passband": 2,
        "mag": 18.1826,
        "mag_err": 0.0658202,
        "locus_id": "ZTF19acyfkbf"
    },
    "6": {
        "mjd": 58850.1267824,
        "passband": 2,
        "mag": 18.3745,
        "mag_err": 0.12275499999999999,
        "locus_id": "ZTF19acyfkbf"
    },
    "7": {
        "mjd": 58850.170277799996,
        "passband": 1,
        "mag": 18.4721,
        "mag_err": 0.0940507,
        "locus_id": "ZTF19acyfkbf"
    },
    "8": {
        "mjd": 58855.20791669999,
        "passband": 2,
        "mag": 18.5592,
        "mag_err": 0.08873980000000001,
        "locus_id": "ZTF19acyfkbf"
    },
    "9": {
        "mjd": 58859.0862153,
        "passband": 1,
        "mag": 19.1163,
        "mag_err": 0.191334,
        "locus_id": "ZTF19acyfkbf"
    },
    "10": {
        "mjd": 58859.173483800005,
        "passband": 2,
        "mag": 18.6149,
        "mag_err": 0.09576069999999999,
        "locus_id": "ZTF19acyfkbf"
    },
    "11": {
        "mjd": 58860.1801389,
        "passband": 2,
        "mag": 18.7761,
        "mag_err": 0.11208199999999999,
        "locus_id": "ZTF19acyfkbf"
    },
    "12": {
        "mjd": 58861.17866900001,
        "passband": 2,
        "mag": 18.8516,
        "mag_err": 0.0942155,
        "locus_id": "ZTF19acyfkbf"
    },
    "13": {
        "mjd": 58862.1401273,
        "passband": 1,
        "mag": 19.3704,
        "mag_err": 0.144476,
        "locus_id": "ZTF19acyfkbf"
    },
    "14": {
        "mjd": 58867.1089352,
        "passband": 2,
        "mag": 18.864,
        "mag_err": 0.0972318,
        "locus_id": "ZTF19acyfkbf"
    },
    "15": {
        "mjd": 58871.1003472,
        "passband": 2,
        "mag": 18.9869,
        "mag_err": 0.0948036,
        "locus_id": "ZTF19acyfkbf"
    },
    "16": {
        "mjd": 58871.1057523,
        "passband": 2,
        "mag": 19.0123,
        "mag_err": 0.0763186,
        "locus_id": "ZTF19acyfkbf"
    },
    "17": {
        "mjd": 58871.1533102,
        "passband": 1,
        "mag": 20.1853,
        "mag_err": 0.28158099999999997,
        "locus_id": "ZTF19acyfkbf"
    },
    "18": {
        "mjd": 58874.111088,
        "passband": 2,
        "mag": 18.9776,
        "mag_err": 0.0830218,
        "locus_id": "ZTF19acyfkbf"
    },
    "19": {
        "mjd": 58874.16526619999,
        "passband": 1,
        "mag": 20.5189,
        "mag_err": 0.377187,
        "locus_id": "ZTF19acyfkbf"
    },
    "20": {
        "mjd": 58877.139351900005,
        "passband": 2,
        "mag": 19.1669,
        "mag_err": 0.112071,
        "locus_id": "ZTF19acyfkbf"
    },
    "21": {
        "mjd": 58882.1288542,
        "passband": 2,
        "mag": 19.562,
        "mag_err": 0.187682,
        "locus_id": "ZTF19acyfkbf"
    },
    "22": {
        "mjd": 58885.1417477,
        "passband": 2,
        "mag": 19.5883,
        "mag_err": 0.223744,
        "locus_id": "ZTF19acyfkbf"
    },
    "23": {
        "mjd": 58891.1091088,
        "passband": 2,
        "mag": 19.9669,
        "mag_err": 0.214613,
        "locus_id": "ZTF19acyfkbf"
    },
    "24": {
        "mjd": 58894.1373032,
        "passband": 2,
        "mag": 19.8968,
        "mag_err": 0.1857,
        "locus_id": "ZTF19acyfkbf"
    }
}