{
    "0": {
        "mjd": 58657.1964005,
        "passband": 1,
        "mag": 19.0017,
        "mag_err": 0.104075,
        "locus_id": "ZTF19abakjci"
    },
    "1": {
        "mjd": 58660.222268499994,
        "passband": 2,
        "mag": 18.8274,
        "mag_err": 0.0699007,
        "locus_id": "ZTF19abakjci"
    },
    "2": {
        "mjd": 58665.19572919999,
        "passband": 1,
        "mag": 18.4313,
        "mag_err": 0.0985332,
        "locus_id": "ZTF19abakjci"
    },
    "3": {
        "mjd": 58665.2682523,
        "passband": 2,
        "mag": 18.4559,
        "mag_err": 0.0774,
        "locus_id": "ZTF19abakjci"
    },
    "4": {
        "mjd": 58668.1941898,
        "passband": 1,
        "mag": 18.3563,
        "mag_err": 0.06981180000000001,
        "locus_id": "ZTF19abakjci"
    },
    "5": {
        "mjd": 58671.2021181,
        "passband": 2,
        "mag": 18.3605,
        "mag_err": 0.101953,
        "locus_id": "ZTF19abakjci"
    },
    "6": {
        "mjd": 58674.2002431,
        "passband": 1,
        "mag": 18.649,
        "mag_err": 0.114726,
        "locus_id": "ZTF19abakjci"
    },
    "7": {
        "mjd": 58674.218425900006,
        "passband": 2,
        "mag": 18.4224,
        "mag_err": 0.0740195,
        "locus_id": "ZTF19abakjci"
    },
    "8": {
        "mjd": 58677.18247690001,
        "passband": 1,
        "mag": 18.7976,
        "mag_err": 0.12549200000000002,
        "locus_id": "ZTF19abakjci"
    },
    "9": {
        "mjd": 58680.17791669999,
        "passband": 1,
        "mag": 19.0029,
        "mag_err": 0.204708,
        "locus_id": "ZTF19abakjci"
    },
    "10": {
        "mjd": 58680.24278940001,
        "passband": 2,
        "mag": 18.7259,
        "mag_err": 0.102817,
        "locus_id": "ZTF19abakjci"
    },
    "11": {
        "mjd": 58683.1756597,
        "passband": 1,
        "mag": 19.4931,
        "mag_err": 0.192261,
        "locus_id": "ZTF19abakjci"
    },
    "12": {
        "mjd": 58686.174178199995,
        "passband": 1,
        "mag": 19.6926,
        "mag_err": 0.19372999999999999,
        "locus_id": "ZTF19abakjci"
    },
    "13": {
        "mjd": 58690.1988773,
        "passband": 1,
        "mag": 19.8846,
        "mag_err": 0.203779,
        "locus_id": "ZTF19abakjci"
    }
}