{
    "0": {
        "mjd": 58792.4685995,
        "passband": 2,
        "mag": 19.8927,
        "mag_err": 0.147799,
        "locus_id": "ZTF19acoxgqw"
    },
    "1": {
        "mjd": 58795.4280324,
        "passband": 2,
        "mag": 18.9762,
        "mag_err": 0.118559,
        "locus_id": "ZTF19acoxgqw"
    },
    "2": {
        "mjd": 58799.50361109999,
        "passband": 1,
        "mag": 18.7144,
        "mag_err": 0.138285,
        "locus_id": "ZTF19acoxgqw"
    },
    "3": {
        "mjd": 58802.530381900004,
        "passband": 1,
        "mag": 18.5227,
        "mag_err": 0.14068,
        "locus_id": "ZTF19acoxgqw"
    },
    "4": {
        "mjd": 58805.4721296,
        "passband": 2,
        "mag": 18.1605,
        "mag_err": 0.0856905,
        "locus_id": "ZTF19acoxgqw"
    },
    "5": {
        "mjd": 58805.4835185,
        "passband": 1,
        "mag": 18.4371,
        "mag_err": 0.10421099999999998,
        "locus_id": "ZTF19acoxgqw"
    },
    "6": {
        "mjd": 58812.31010419999,
        "passband": 2,
        "mag": 18.5016,
        "mag_err": 0.0780779,
        "locus_id": "ZTF19acoxgqw"
    },
    "7": {
        "mjd": 58812.4109375,
        "passband": 1,
        "mag": 19.1117,
        "mag_err": 0.127334,
        "locus_id": "ZTF19acoxgqw"
    }
}