{
    "0": {
        "mjd": 58442.5097801,
        "passband": 1,
        "mag": 16.2245,
        "mag_err": 0.0544947,
        "locus_id": "ZTF18acqpobb"
    },
    "1": {
        "mjd": 58448.5102431,
        "passband": 2,
        "mag": 16.3557,
        "mag_err": 0.0290203,
        "locus_id": "ZTF18acqpobb"
    },
    "2": {
        "mjd": 58448.557580999994,
        "passband": 2,
        "mag": 16.3434,
        "mag_err": 0.026212400000000004,
        "locus_id": "ZTF18acqpobb"
    },
    "3": {
        "mjd": 58465.5154051,
        "passband": 2,
        "mag": 16.9627,
        "mag_err": 0.05858240000000001,
        "locus_id": "ZTF18acqpobb"
    },
    "4": {
        "mjd": 58465.550463,
        "passband": 1,
        "mag": 17.7005,
        "mag_err": 0.0492151,
        "locus_id": "ZTF18acqpobb"
    },
    "5": {
        "mjd": 58468.5309375,
        "passband": 2,
        "mag": 17.0508,
        "mag_err": 0.0318005,
        "locus_id": "ZTF18acqpobb"
    },
    "6": {
        "mjd": 58471.5152199,
        "passband": 1,
        "mag": 18.0854,
        "mag_err": 0.0620828,
        "locus_id": "ZTF18acqpobb"
    },
    "7": {
        "mjd": 58474.487199099996,
        "passband": 2,
        "mag": 17.2249,
        "mag_err": 0.041703199999999996,
        "locus_id": "ZTF18acqpobb"
    },
    "8": {
        "mjd": 58476.4791898,
        "passband": 2,
        "mag": 17.3373,
        "mag_err": 0.0500597,
        "locus_id": "ZTF18acqpobb"
    },
    "9": {
        "mjd": 58480.5194676,
        "passband": 1,
        "mag": 18.4861,
        "mag_err": 0.123474,
        "locus_id": "ZTF18acqpobb"
    },
    "10": {
        "mjd": 58481.510162,
        "passband": 2,
        "mag": 17.5176,
        "mag_err": 0.0477837,
        "locus_id": "ZTF18acqpobb"
    },
    "11": {
        "mjd": 58486.517338,
        "passband": 2,
        "mag": 17.8317,
        "mag_err": 0.047085699999999994,
        "locus_id": "ZTF18acqpobb"
    },
    "12": {
        "mjd": 58486.5544676,
        "passband": 1,
        "mag": 18.6913,
        "mag_err": 0.09780989999999999,
        "locus_id": "ZTF18acqpobb"
    },
    "13": {
        "mjd": 58491.5054745,
        "passband": 1,
        "mag": 18.9057,
        "mag_err": 0.08968630000000001,
        "locus_id": "ZTF18acqpobb"
    },
    "14": {
        "mjd": 58491.5502546,
        "passband": 2,
        "mag": 18.0262,
        "mag_err": 0.056071800000000005,
        "locus_id": "ZTF18acqpobb"
    },
    "15": {
        "mjd": 58493.4950694,
        "passband": 2,
        "mag": 18.2173,
        "mag_err": 0.0565033,
        "locus_id": "ZTF18acqpobb"
    },
    "16": {
        "mjd": 58494.5083449,
        "passband": 1,
        "mag": 18.9352,
        "mag_err": 0.0779439,
        "locus_id": "ZTF18acqpobb"
    },
    "17": {
        "mjd": 58494.5521875,
        "passband": 2,
        "mag": 18.2079,
        "mag_err": 0.0534533,
        "locus_id": "ZTF18acqpobb"
    },
    "18": {
        "mjd": 58502.493449099995,
        "passband": 1,
        "mag": 19.1358,
        "mag_err": 0.19253,
        "locus_id": "ZTF18acqpobb"
    },
    "19": {
        "mjd": 58503.4777546,
        "passband": 2,
        "mag": 18.4987,
        "mag_err": 0.138786,
        "locus_id": "ZTF18acqpobb"
    },
    "20": {
        "mjd": 58505.467384300006,
        "passband": 1,
        "mag": 19.115,
        "mag_err": 0.19753900000000002,
        "locus_id": "ZTF18acqpobb"
    },
    "21": {
        "mjd": 58505.539398099994,
        "passband": 2,
        "mag": 18.5284,
        "mag_err": 0.12118499999999999,
        "locus_id": "ZTF18acqpobb"
    },
    "22": {
        "mjd": 58507.4842477,
        "passband": 1,
        "mag": 19.1064,
        "mag_err": 0.19230899999999998,
        "locus_id": "ZTF18acqpobb"
    },
    "23": {
        "mjd": 58508.4963079,
        "passband": 2,
        "mag": 18.5246,
        "mag_err": 0.0824987,
        "locus_id": "ZTF18acqpobb"
    },
    "24": {
        "mjd": 58511.461412,
        "passband": 1,
        "mag": 19.2313,
        "mag_err": 0.129851,
        "locus_id": "ZTF18acqpobb"
    },
    "25": {
        "mjd": 58511.5388889,
        "passband": 2,
        "mag": 18.7291,
        "mag_err": 0.0998239,
        "locus_id": "ZTF18acqpobb"
    },
    "26": {
        "mjd": 58513.46032409999,
        "passband": 2,
        "mag": 18.5957,
        "mag_err": 0.0956564,
        "locus_id": "ZTF18acqpobb"
    },
    "27": {
        "mjd": 58522.4379051,
        "passband": 1,
        "mag": 19.415,
        "mag_err": 0.177397,
        "locus_id": "ZTF18acqpobb"
    },
    "28": {
        "mjd": 58522.461261599994,
        "passband": 1,
        "mag": 19.5391,
        "mag_err": 0.184393,
        "locus_id": "ZTF18acqpobb"
    },
    "29": {
        "mjd": 58522.525115699995,
        "passband": 2,
        "mag": 19.0796,
        "mag_err": 0.08671439999999998,
        "locus_id": "ZTF18acqpobb"
    },
    "30": {
        "mjd": 58524.458125,
        "passband": 2,
        "mag": 19.2196,
        "mag_err": 0.08662719999999999,
        "locus_id": "ZTF18acqpobb"
    },
    "31": {
        "mjd": 58526.47447919999,
        "passband": 1,
        "mag": 19.4763,
        "mag_err": 0.134318,
        "locus_id": "ZTF18acqpobb"
    },
    "32": {
        "mjd": 58538.4622569,
        "passband": 2,
        "mag": 19.1777,
        "mag_err": 0.278314,
        "locus_id": "ZTF18acqpobb"
    },
    "33": {
        "mjd": 58543.3726505,
        "passband": 2,
        "mag": 19.6222,
        "mag_err": 0.18031,
        "locus_id": "ZTF18acqpobb"
    },
    "34": {
        "mjd": 58547.37511569999,
        "passband": 1,
        "mag": 19.7806,
        "mag_err": 0.151375,
        "locus_id": "ZTF18acqpobb"
    },
    "35": {
        "mjd": 58556.3794792,
        "passband": 1,
        "mag": 20.0249,
        "mag_err": 0.256391,
        "locus_id": "ZTF18acqpobb"
    },
    "36": {
        "mjd": 58556.421319400004,
        "passband": 2,
        "mag": 20.0217,
        "mag_err": 0.176637,
        "locus_id": "ZTF18acqpobb"
    },
    "37": {
        "mjd": 58559.34982640001,
        "passband": 1,
        "mag": 19.8269,
        "mag_err": 0.230908,
        "locus_id": "ZTF18acqpobb"
    },
    "38": {
        "mjd": 58567.30888890001,
        "passband": 1,
        "mag": 20.0725,
        "mag_err": 0.346312,
        "locus_id": "ZTF18acqpobb"
    },
    "39": {
        "mjd": 58567.3622801,
        "passband": 2,
        "mag": 20.4339,
        "mag_err": 0.362543,
        "locus_id": "ZTF18acqpobb"
    },
    "40": {
        "mjd": 58572.3192361,
        "passband": 1,
        "mag": 20.0728,
        "mag_err": 0.237296,
        "locus_id": "ZTF18acqpobb"
    },
    "41": {
        "mjd": 58575.3175347,
        "passband": 1,
        "mag": 20.1898,
        "mag_err": 0.164542,
        "locus_id": "ZTF18acqpobb"
    },
    "42": {
        "mjd": 58580.3016551,
        "passband": 1,
        "mag": 20.3816,
        "mag_err": 0.184363,
        "locus_id": "ZTF18acqpobb"
    }
}