{
    "0": {
        "mjd": 58712.4832986,
        "passband": 1,
        "mag": 19.8907,
        "mag_err": 0.307456,
        "locus_id": "ZTF19abqmpsr"
    },
    "1": {
        "mjd": 58719.4645949,
        "passband": 2,
        "mag": 17.5836,
        "mag_err": 0.048113699999999995,
        "locus_id": "ZTF19abqmpsr"
    },
    "2": {
        "mjd": 58719.4974074,
        "passband": 1,
        "mag": 17.7159,
        "mag_err": 0.063967,
        "locus_id": "ZTF19abqmpsr"
    },
    "3": {
        "mjd": 58722.4410995,
        "passband": 1,
        "mag": 17.4477,
        "mag_err": 0.0490764,
        "locus_id": "ZTF19abqmpsr"
    },
    "4": {
        "mjd": 58722.486898099996,
        "passband": 2,
        "mag": 17.3457,
        "mag_err": 0.0415666,
        "locus_id": "ZTF19abqmpsr"
    },
    "5": {
        "mjd": 58723.4754977,
        "passband": 1,
        "mag": 17.3971,
        "mag_err": 0.046575599999999995,
        "locus_id": "ZTF19abqmpsr"
    },
    "6": {
        "mjd": 58725.4373727,
        "passband": 1,
        "mag": 17.3556,
        "mag_err": 0.0444761,
        "locus_id": "ZTF19abqmpsr"
    },
    "7": {
        "mjd": 58725.46361109999,
        "passband": 1,
        "mag": 17.375999999999998,
        "mag_err": 0.0380054,
        "locus_id": "ZTF19abqmpsr"
    },
    "8": {
        "mjd": 58725.49949069999,
        "passband": 2,
        "mag": 17.2369,
        "mag_err": 0.0328919,
        "locus_id": "ZTF19abqmpsr"
    },
    "9": {
        "mjd": 58726.4627778,
        "passband": 1,
        "mag": 17.3649,
        "mag_err": 0.044133099999999995,
        "locus_id": "ZTF19abqmpsr"
    },
    "10": {
        "mjd": 58732.4213426,
        "passband": 1,
        "mag": 17.5706,
        "mag_err": 0.062358800000000006,
        "locus_id": "ZTF19abqmpsr"
    },
    "11": {
        "mjd": 58732.47770830001,
        "passband": 2,
        "mag": 17.3839,
        "mag_err": 0.0396229,
        "locus_id": "ZTF19abqmpsr"
    },
    "12": {
        "mjd": 58735.4413194,
        "passband": 1,
        "mag": 17.8167,
        "mag_err": 0.0520683,
        "locus_id": "ZTF19abqmpsr"
    },
    "13": {
        "mjd": 58735.4830324,
        "passband": 2,
        "mag": 17.6087,
        "mag_err": 0.0553014,
        "locus_id": "ZTF19abqmpsr"
    },
    "14": {
        "mjd": 58738.505289400004,
        "passband": 2,
        "mag": 17.8499,
        "mag_err": 0.052576,
        "locus_id": "ZTF19abqmpsr"
    },
    "15": {
        "mjd": 58741.421006900004,
        "passband": 2,
        "mag": 17.9272,
        "mag_err": 0.071771,
        "locus_id": "ZTF19abqmpsr"
    },
    "16": {
        "mjd": 58747.4405671,
        "passband": 2,
        "mag": 18.0699,
        "mag_err": 0.064574,
        "locus_id": "ZTF19abqmpsr"
    },
    "17": {
        "mjd": 58747.4870718,
        "passband": 1,
        "mag": 18.9645,
        "mag_err": 0.101634,
        "locus_id": "ZTF19abqmpsr"
    },
    "18": {
        "mjd": 58750.3770255,
        "passband": 1,
        "mag": 19.2865,
        "mag_err": 0.130226,
        "locus_id": "ZTF19abqmpsr"
    },
    "19": {
        "mjd": 58750.4668056,
        "passband": 2,
        "mag": 18.1569,
        "mag_err": 0.0627438,
        "locus_id": "ZTF19abqmpsr"
    },
    "20": {
        "mjd": 58756.41292819999,
        "passband": 1,
        "mag": 19.8728,
        "mag_err": 0.187198,
        "locus_id": "ZTF19abqmpsr"
    },
    "21": {
        "mjd": 58759.37254630001,
        "passband": 2,
        "mag": 18.677,
        "mag_err": 0.0682556,
        "locus_id": "ZTF19abqmpsr"
    },
    "22": {
        "mjd": 58759.4205324,
        "passband": 1,
        "mag": 19.8753,
        "mag_err": 0.12168599999999999,
        "locus_id": "ZTF19abqmpsr"
    },
    "23": {
        "mjd": 58763.37458330001,
        "passband": 2,
        "mag": 18.8066,
        "mag_err": 0.08178189999999999,
        "locus_id": "ZTF19abqmpsr"
    },
    "24": {
        "mjd": 58763.4108449,
        "passband": 1,
        "mag": 20.0374,
        "mag_err": 0.18481,
        "locus_id": "ZTF19abqmpsr"
    },
    "25": {
        "mjd": 58766.491203699996,
        "passband": 2,
        "mag": 19.0571,
        "mag_err": 0.103307,
        "locus_id": "ZTF19abqmpsr"
    },
    "26": {
        "mjd": 58769.42076390001,
        "passband": 2,
        "mag": 18.8987,
        "mag_err": 0.12517799999999998,
        "locus_id": "ZTF19abqmpsr"
    },
    "27": {
        "mjd": 58774.3144676,
        "passband": 2,
        "mag": 19.2888,
        "mag_err": 0.225025,
        "locus_id": "ZTF19abqmpsr"
    },
    "28": {
        "mjd": 58777.29285880001,
        "passband": 2,
        "mag": 19.4713,
        "mag_err": 0.189359,
        "locus_id": "ZTF19abqmpsr"
    },
    "29": {
        "mjd": 58784.3810648,
        "passband": 2,
        "mag": 19.9496,
        "mag_err": 0.221948,
        "locus_id": "ZTF19abqmpsr"
    },
    "30": {
        "mjd": 58788.342800900005,
        "passband": 2,
        "mag": 19.7817,
        "mag_err": 0.166122,
        "locus_id": "ZTF19abqmpsr"
    },
    "31": {
        "mjd": 58789.2692477,
        "passband": 2,
        "mag": 19.8677,
        "mag_err": 0.174723,
        "locus_id": "ZTF19abqmpsr"
    },
    "32": {
        "mjd": 58789.3438426,
        "passband": 1,
        "mag": 20.4811,
        "mag_err": 0.22779699999999997,
        "locus_id": "ZTF19abqmpsr"
    },
    "33": {
        "mjd": 58790.28280090001,
        "passband": 1,
        "mag": 20.8193,
        "mag_err": 0.295414,
        "locus_id": "ZTF19abqmpsr"
    },
    "34": {
        "mjd": 58791.29679400001,
        "passband": 1,
        "mag": 20.6605,
        "mag_err": 0.22471999999999998,
        "locus_id": "ZTF19abqmpsr"
    },
    "35": {
        "mjd": 58791.337199099995,
        "passband": 2,
        "mag": 19.874000000000002,
        "mag_err": 0.17290999999999998,
        "locus_id": "ZTF19abqmpsr"
    },
    "36": {
        "mjd": 58794.316736099994,
        "passband": 2,
        "mag": 19.9666,
        "mag_err": 0.20917600000000003,
        "locus_id": "ZTF19abqmpsr"
    }
}