{
    "0": {
        "mjd": 58833.31011569999,
        "passband": 2,
        "mag": 18.3486,
        "mag_err": 0.143554,
        "locus_id": "ZTF19acyqwlm"
    },
    "1": {
        "mjd": 58833.311944400004,
        "passband": 2,
        "mag": 18.4177,
        "mag_err": 0.117593,
        "locus_id": "ZTF19acyqwlm"
    },
    "2": {
        "mjd": 58833.401388900005,
        "passband": 2,
        "mag": 18.5243,
        "mag_err": 0.0906213,
        "locus_id": "ZTF19acyqwlm"
    },
    "3": {
        "mjd": 58833.4046181,
        "passband": 2,
        "mag": 18.4754,
        "mag_err": 0.10991500000000001,
        "locus_id": "ZTF19acyqwlm"
    },
    "4": {
        "mjd": 58833.50989580001,
        "passband": 1,
        "mag": 18.6548,
        "mag_err": 0.22717199999999999,
        "locus_id": "ZTF19acyqwlm"
    },
    "5": {
        "mjd": 58833.5103704,
        "passband": 1,
        "mag": 18.7034,
        "mag_err": 0.188884,
        "locus_id": "ZTF19acyqwlm"
    },
    "6": {
        "mjd": 58836.46804400001,
        "passband": 2,
        "mag": 17.6006,
        "mag_err": 0.0577702,
        "locus_id": "ZTF19acyqwlm"
    },
    "7": {
        "mjd": 58836.494421300005,
        "passband": 2,
        "mag": 17.5644,
        "mag_err": 0.0479389,
        "locus_id": "ZTF19acyqwlm"
    },
    "8": {
        "mjd": 58846.2902546,
        "passband": 2,
        "mag": 16.7942,
        "mag_err": 0.0309812,
        "locus_id": "ZTF19acyqwlm"
    },
    "9": {
        "mjd": 58846.4769676,
        "passband": 2,
        "mag": 16.773,
        "mag_err": 0.038463,
        "locus_id": "ZTF19acyqwlm"
    },
    "10": {
        "mjd": 58846.48673609999,
        "passband": 1,
        "mag": 16.9904,
        "mag_err": 0.036433099999999996,
        "locus_id": "ZTF19acyqwlm"
    },
    "11": {
        "mjd": 58846.4872106,
        "passband": 1,
        "mag": 17.012999999999998,
        "mag_err": 0.0413171,
        "locus_id": "ZTF19acyqwlm"
    },
    "12": {
        "mjd": 58849.4732523,
        "passband": 1,
        "mag": 17.1113,
        "mag_err": 0.0456543,
        "locus_id": "ZTF19acyqwlm"
    },
    "13": {
        "mjd": 58849.48579859999,
        "passband": 1,
        "mag": 17.1502,
        "mag_err": 0.0425293,
        "locus_id": "ZTF19acyqwlm"
    },
    "14": {
        "mjd": 58850.429664400006,
        "passband": 1,
        "mag": 17.2003,
        "mag_err": 0.0464202,
        "locus_id": "ZTF19acyqwlm"
    },
    "15": {
        "mjd": 58850.4314931,
        "passband": 1,
        "mag": 17.1898,
        "mag_err": 0.051179,
        "locus_id": "ZTF19acyqwlm"
    },
    "16": {
        "mjd": 58850.4709028,
        "passband": 2,
        "mag": 16.8868,
        "mag_err": 0.037260800000000004,
        "locus_id": "ZTF19acyqwlm"
    },
    "17": {
        "mjd": 58851.4314005,
        "passband": 2,
        "mag": 16.9132,
        "mag_err": 0.0347272,
        "locus_id": "ZTF19acyqwlm"
    },
    "18": {
        "mjd": 58851.44488430001,
        "passband": 2,
        "mag": 16.9165,
        "mag_err": 0.0399148,
        "locus_id": "ZTF19acyqwlm"
    },
    "19": {
        "mjd": 58851.445335599994,
        "passband": 2,
        "mag": 16.9335,
        "mag_err": 0.0455019,
        "locus_id": "ZTF19acyqwlm"
    },
    "20": {
        "mjd": 58852.42629630001,
        "passband": 2,
        "mag": 17.2082,
        "mag_err": 0.064734,
        "locus_id": "ZTF19acyqwlm"
    },
    "21": {
        "mjd": 58852.4676736,
        "passband": 1,
        "mag": 17.3749,
        "mag_err": 0.0468696,
        "locus_id": "ZTF19acyqwlm"
    },
    "22": {
        "mjd": 58852.4681597,
        "passband": 1,
        "mag": 17.3467,
        "mag_err": 0.059830600000000005,
        "locus_id": "ZTF19acyqwlm"
    },
    "23": {
        "mjd": 58853.4308449,
        "passband": 2,
        "mag": 17.0482,
        "mag_err": 0.0373195,
        "locus_id": "ZTF19acyqwlm"
    },
    "24": {
        "mjd": 58853.45292819999,
        "passband": 1,
        "mag": 17.4448,
        "mag_err": 0.044461,
        "locus_id": "ZTF19acyqwlm"
    },
    "25": {
        "mjd": 58853.462835599996,
        "passband": 1,
        "mag": 17.4129,
        "mag_err": 0.0531523,
        "locus_id": "ZTF19acyqwlm"
    },
    "26": {
        "mjd": 58854.1766551,
        "passband": 2,
        "mag": 17.2126,
        "mag_err": 0.0627828,
        "locus_id": "ZTF19acyqwlm"
    },
    "27": {
        "mjd": 58854.4464931,
        "passband": 2,
        "mag": 17.1437,
        "mag_err": 0.046467699999999994,
        "locus_id": "ZTF19acyqwlm"
    },
    "28": {
        "mjd": 58854.4511921,
        "passband": 2,
        "mag": 17.1317,
        "mag_err": 0.0534321,
        "locus_id": "ZTF19acyqwlm"
    },
    "29": {
        "mjd": 58854.492743099996,
        "passband": 1,
        "mag": 17.5435,
        "mag_err": 0.062274,
        "locus_id": "ZTF19acyqwlm"
    },
    "30": {
        "mjd": 58854.4941319,
        "passband": 1,
        "mag": 17.6135,
        "mag_err": 0.081342,
        "locus_id": "ZTF19acyqwlm"
    },
    "31": {
        "mjd": 58855.1795023,
        "passband": 1,
        "mag": 17.6491,
        "mag_err": 0.07487089999999999,
        "locus_id": "ZTF19acyqwlm"
    },
    "32": {
        "mjd": 58855.327384300006,
        "passband": 2,
        "mag": 17.143,
        "mag_err": 0.0379325,
        "locus_id": "ZTF19acyqwlm"
    },
    "33": {
        "mjd": 58855.4245718,
        "passband": 1,
        "mag": 17.6324,
        "mag_err": 0.050316900000000005,
        "locus_id": "ZTF19acyqwlm"
    },
    "34": {
        "mjd": 58856.2004745,
        "passband": 2,
        "mag": 17.1868,
        "mag_err": 0.0622756,
        "locus_id": "ZTF19acyqwlm"
    },
    "35": {
        "mjd": 58856.3273727,
        "passband": 2,
        "mag": 17.17,
        "mag_err": 0.08085110000000001,
        "locus_id": "ZTF19acyqwlm"
    },
    "36": {
        "mjd": 58859.1435069,
        "passband": 1,
        "mag": 17.9464,
        "mag_err": 0.105246,
        "locus_id": "ZTF19acyqwlm"
    },
    "37": {
        "mjd": 58859.25302080001,
        "passband": 2,
        "mag": 17.3488,
        "mag_err": 0.0508938,
        "locus_id": "ZTF19acyqwlm"
    },
    "38": {
        "mjd": 58859.2765741,
        "passband": 2,
        "mag": 17.3716,
        "mag_err": 0.0547856,
        "locus_id": "ZTF19acyqwlm"
    },
    "39": {
        "mjd": 58859.292338,
        "passband": 2,
        "mag": 17.308,
        "mag_err": 0.0511835,
        "locus_id": "ZTF19acyqwlm"
    },
    "40": {
        "mjd": 58859.35885419999,
        "passband": 2,
        "mag": 17.3602,
        "mag_err": 0.0484445,
        "locus_id": "ZTF19acyqwlm"
    },
    "41": {
        "mjd": 58860.1141898,
        "passband": 1,
        "mag": 18.2145,
        "mag_err": 0.18996500000000002,
        "locus_id": "ZTF19acyqwlm"
    },
    "42": {
        "mjd": 58860.242025499996,
        "passband": 2,
        "mag": 17.3499,
        "mag_err": 0.0575065,
        "locus_id": "ZTF19acyqwlm"
    },
    "43": {
        "mjd": 58860.2489236,
        "passband": 2,
        "mag": 17.4158,
        "mag_err": 0.0583385,
        "locus_id": "ZTF19acyqwlm"
    },
    "44": {
        "mjd": 58860.2802546,
        "passband": 2,
        "mag": 17.3307,
        "mag_err": 0.0520915,
        "locus_id": "ZTF19acyqwlm"
    },
    "45": {
        "mjd": 58860.342789400005,
        "passband": 2,
        "mag": 17.4028,
        "mag_err": 0.064911,
        "locus_id": "ZTF19acyqwlm"
    },
    "46": {
        "mjd": 58861.1118171,
        "passband": 1,
        "mag": 18.3391,
        "mag_err": 0.0935373,
        "locus_id": "ZTF19acyqwlm"
    },
    "47": {
        "mjd": 58861.133368099996,
        "passband": 2,
        "mag": 17.3646,
        "mag_err": 0.06184730000000001,
        "locus_id": "ZTF19acyqwlm"
    },
    "48": {
        "mjd": 58861.1347569,
        "passband": 2,