{
    "0": {
        "mjd": 58574.410891199994,
        "passband": 1,
        "mag": 19.5142,
        "mag_err": 0.18857100000000002,
        "locus_id": "ZTF19aaocbes"
    },
    "1": {
        "mjd": 58581.4490741,
        "passband": 2,
        "mag": 18.7404,
        "mag_err": 0.118208,
        "locus_id": "ZTF19aaocbes"
    },
    "2": {
        "mjd": 58581.4881481,
        "passband": 1,
        "mag": 18.9741,
        "mag_err": 0.114974,
        "locus_id": "ZTF19aaocbes"
    },
    "3": {
        "mjd": 58585.431990699995,
        "passband": 2,
        "mag": 18.645,
        "mag_err": 0.08473560000000001,
        "locus_id": "ZTF19aaocbes"
    },
    "4": {
        "mjd": 58588.4723958,
        "passband": 1,
        "mag": 18.9995,
        "mag_err": 0.102896,
        "locus_id": "ZTF19aaocbes"
    },
    "5": {
        "mjd": 58591.4725231,
        "passband": 2,
        "mag": 18.6892,
        "mag_err": 0.118598,
        "locus_id": "ZTF19aaocbes"
    },
    "6": {
        "mjd": 58597.445324099994,
        "passband": 2,
        "mag": 18.8526,
        "mag_err": 0.0911707,
        "locus_id": "ZTF19aaocbes"
    },
    "7": {
        "mjd": 58597.4770255,
        "passband": 1,
        "mag": 19.4981,
        "mag_err": 0.14686,
        "locus_id": "ZTF19aaocbes"
    },
    "8": {
        "mjd": 58606.3251273,
        "passband": 2,
        "mag": 19.2304,
        "mag_err": 0.128892,
        "locus_id": "ZTF19aaocbes"
    },
    "9": {
        "mjd": 58606.481955999996,
        "passband": 1,
        "mag": 20.3411,
        "mag_err": 0.228594,
        "locus_id": "ZTF19aaocbes"
    },
    "10": {
        "mjd": 58617.348958300005,
        "passband": 2,
        "mag": 19.5612,
        "mag_err": 0.12927,
        "locus_id": "ZTF19aaocbes"
    }
}