{
    "0": {
        "mjd": 58584.288425900006,
        "passband": 1,
        "mag": 20.3579,
        "mag_err": 0.29746100000000003,
        "locus_id": "ZTF19aapvogv"
    },
    "1": {
        "mjd": 58584.361365699995,
        "passband": 2,
        "mag": 20.3052,
        "mag_err": 0.285486,
        "locus_id": "ZTF19aapvogv"
    },
    "2": {
        "mjd": 58597.295300900005,
        "passband": 1,
        "mag": 18.541,
        "mag_err": 0.0851703,
        "locus_id": "ZTF19aapvogv"
    },
    "3": {
        "mjd": 58597.3559954,
        "passband": 2,
        "mag": 18.679000000000002,
        "mag_err": 0.100104,
        "locus_id": "ZTF19aapvogv"
    },
    "4": {
        "mjd": 58601.306794000004,
        "passband": 2,
        "mag": 18.6559,
        "mag_err": 0.08328730000000001,
        "locus_id": "ZTF19aapvogv"
    },
    "5": {
        "mjd": 58606.3372569,
        "passband": 2,
        "mag": 18.7297,
        "mag_err": 0.0984162,
        "locus_id": "ZTF19aapvogv"
    },
    "6": {
        "mjd": 58606.3967824,
        "passband": 1,
        "mag": 18.8483,
        "mag_err": 0.09448889999999999,
        "locus_id": "ZTF19aapvogv"
    },
    "7": {
        "mjd": 58617.198588,
        "passband": 1,
        "mag": 19.618,
        "mag_err": 0.242917,
        "locus_id": "ZTF19aapvogv"
    },
    "8": {
        "mjd": 58617.2935995,
        "passband": 2,
        "mag": 19.2254,
        "mag_err": 0.17335,
        "locus_id": "ZTF19aapvogv"
    },
    "9": {
        "mjd": 58633.2983565,
        "passband": 2,
        "mag": 19.732,
        "mag_err": 0.180531,
        "locus_id": "ZTF19aapvogv"
    },
    "10": {
        "mjd": 58636.2095255,
        "passband": 2,
        "mag": 19.7825,
        "mag_err": 0.17489100000000002,
        "locus_id": "ZTF19aapvogv"
    }
}