{
    "0": {
        "mjd": 58633.2514699,
        "passband": 1,
        "mag": 19.3897,
        "mag_err": 0.110845,
        "locus_id": "ZTF19aavrswr"
    },
    "1": {
        "mjd": 58633.2958102,
        "passband": 2,
        "mag": 19.3454,
        "mag_err": 0.10572899999999999,
        "locus_id": "ZTF19aavrswr"
    },
    "2": {
        "mjd": 58636.21042819999,
        "passband": 2,
        "mag": 18.3653,
        "mag_err": 0.0633869,
        "locus_id": "ZTF19aavrswr"
    },
    "3": {
        "mjd": 58636.2740046,
        "passband": 1,
        "mag": 18.3439,
        "mag_err": 0.06358340000000001,
        "locus_id": "ZTF19aavrswr"
    },
    "4": {
        "mjd": 58639.2308449,
        "passband": 1,
        "mag": 17.6876,
        "mag_err": 0.0649837,
        "locus_id": "ZTF19aavrswr"
    },
    "5": {
        "mjd": 58639.2739352,
        "passband": 2,
        "mag": 17.6434,
        "mag_err": 0.0533202,
        "locus_id": "ZTF19aavrswr"
    },
    "6": {
        "mjd": 58642.2526968,
        "passband": 2,
        "mag": 17.3032,
        "mag_err": 0.0450736,
        "locus_id": "ZTF19aavrswr"
    },
    "7": {
        "mjd": 58642.2975,
        "passband": 1,
        "mag": 17.3019,
        "mag_err": 0.0453981,
        "locus_id": "ZTF19aavrswr"
    },
    "8": {
        "mjd": 58645.2320023,
        "passband": 1,
        "mag": 17.1744,
        "mag_err": 0.0621856,
        "locus_id": "ZTF19aavrswr"
    },
    "9": {
        "mjd": 58645.273726900006,
        "passband": 2,
        "mag": 17.2002,
        "mag_err": 0.0492389,
        "locus_id": "ZTF19aavrswr"
    },
    "10": {
        "mjd": 58649.206875,
        "passband": 1,
        "mag": 17.3429,
        "mag_err": 0.06622560000000001,
        "locus_id": "ZTF19aavrswr"
    },
    "11": {
        "mjd": 58649.2320255,
        "passband": 2,
        "mag": 17.2166,
        "mag_err": 0.057107000000000005,
        "locus_id": "ZTF19aavrswr"
    },
    "12": {
        "mjd": 58652.1718171,
        "passband": 1,
        "mag": 17.5323,
        "mag_err": 0.058493399999999994,
        "locus_id": "ZTF19aavrswr"
    },
    "13": {
        "mjd": 58655.1916667,
        "passband": 2,
        "mag": 17.6778,
        "mag_err": 0.06939889999999999,
        "locus_id": "ZTF19aavrswr"
    },
    "14": {
        "mjd": 58655.25177080001,
        "passband": 1,
        "mag": 17.8833,
        "mag_err": 0.084905,
        "locus_id": "ZTF19aavrswr"
    },
    "15": {
        "mjd": 58658.2108681,
        "passband": 1,
        "mag": 18.3199,
        "mag_err": 0.0877242,
        "locus_id": "ZTF19aavrswr"
    },
    "16": {
        "mjd": 58658.2344676,
        "passband": 2,
        "mag": 17.805999999999997,
        "mag_err": 0.040118,
        "locus_id": "ZTF19aavrswr"
    },
    "17": {
        "mjd": 58661.1909722,
        "passband": 2,
        "mag": 17.8694,
        "mag_err": 0.0528479,
        "locus_id": "ZTF19aavrswr"
    },
    "18": {
        "mjd": 58661.212291699994,
        "passband": 1,
        "mag": 18.6497,
        "mag_err": 0.0787619,
        "locus_id": "ZTF19aavrswr"
    },
    "19": {
        "mjd": 58665.191076400006,
        "passband": 1,
        "mag": 19.1038,
        "mag_err": 0.07021770000000001,
        "locus_id": "ZTF19aavrswr"
    },
    "20": {
        "mjd": 58668.173981500004,
        "passband": 2,
        "mag": 18.1998,
        "mag_err": 0.07051289999999999,
        "locus_id": "ZTF19aavrswr"
    },
    "21": {
        "mjd": 58668.20857640001,
        "passband": 1,
        "mag": 19.4709,
        "mag_err": 0.115755,
        "locus_id": "ZTF19aavrswr"
    },
    "22": {
        "mjd": 58671.2069329,
        "passband": 2,
        "mag": 18.484,
        "mag_err": 0.10532899999999999,
        "locus_id": "ZTF19aavrswr"
    },
    "23": {
        "mjd": 58674.20403940001,
        "passband": 1,
        "mag": 19.8372,
        "mag_err": 0.26056999999999997,
        "locus_id": "ZTF19aavrswr"
    },
    "24": {
        "mjd": 58674.22282409999,
        "passband": 2,
        "mag": 18.7119,
        "mag_err": 0.104949,
        "locus_id": "ZTF19aavrswr"
    },
    "25": {
        "mjd": 58677.214826400006,
        "passband": 2,
        "mag": 18.8634,
        "mag_err": 0.12631199999999998,
        "locus_id": "ZTF19aavrswr"
    },
    "26": {
        "mjd": 58680.190138900005,
        "passband": 1,
        "mag": 19.9052,
        "mag_err": 0.305106,
        "locus_id": "ZTF19aavrswr"
    },
    "27": {
        "mjd": 58680.233287,
        "passband": 2,
        "mag": 18.9364,
        "mag_err": 0.146989,
        "locus_id": "ZTF19aavrswr"
    },
    "28": {
        "mjd": 58683.1913657,
        "passband": 1,
        "mag": 20.0267,
        "mag_err": 0.17416900000000002,
        "locus_id": "ZTF19aavrswr"
    },
    "29": {
        "mjd": 58686.1910301,
        "passband": 1,
        "mag": 20.1966,
        "mag_err": 0.223057,
        "locus_id": "ZTF19aavrswr"
    },
    "30": {
        "mjd": 58689.17497690001,
        "passband": 2,
        "mag": 19.4538,
        "mag_err": 0.14155,
        "locus_id": "ZTF19aavrswr"
    },
    "31": {
        "mjd": 58692.17638890001,
        "passband": 2,
        "mag": 19.3359,
        "mag_err": 0.166133,
        "locus_id": "ZTF19aavrswr"
    }
}