{
    "0": {
        "mjd": 58364.3430671,
        "passband": 2,
        "mag": 20.2918,
        "mag_err": 0.193073,
        "locus_id": "ZTF18abspqsn"
    },
    "1": {
        "mjd": 58367.3604745,
        "passband": 2,
        "mag": 19.3431,
        "mag_err": 0.08919780000000001,
        "locus_id": "ZTF18abspqsn"
    },
    "2": {
        "mjd": 58370.412384300005,
        "passband": 2,
        "mag": 18.355,
        "mag_err": 0.058784800000000005,
        "locus_id": "ZTF18abspqsn"
    },
    "3": {
        "mjd": 58373.318831,
        "passband": 2,
        "mag": 17.4475,
        "mag_err": 0.0353549,
        "locus_id": "ZTF18abspqsn"
    },
    "4": {
        "mjd": 58376.3175926,
        "passband": 1,
        "mag": 17.1136,
        "mag_err": 0.0398462,
        "locus_id": "ZTF18abspqsn"
    },
    "5": {
        "mjd": 58376.3524537,
        "passband": 2,
        "mag": 16.9417,
        "mag_err": 0.038822699999999995,
        "locus_id": "ZTF18abspqsn"
    },
    "6": {
        "mjd": 58377.3703704,
        "passband": 1,
        "mag": 16.9407,
        "mag_err": 0.048342699999999995,
        "locus_id": "ZTF18abspqsn"
    },
    "7": {
        "mjd": 58379.346794000005,
        "passband": 1,
        "mag": 16.7665,
        "mag_err": 0.03370069999999999,
        "locus_id": "ZTF18abspqsn"
    },
    "8": {
        "mjd": 58379.4065046,
        "passband": 2,
        "mag": 16.6459,
        "mag_err": 0.0420349,
        "locus_id": "ZTF18abspqsn"
    },
    "9": {
        "mjd": 58382.3449653,
        "passband": 2,
        "mag": 16.4911,
        "mag_err": 0.0429459,
        "locus_id": "ZTF18abspqsn"
    },
    "10": {
        "mjd": 58382.403298599995,
        "passband": 1,
        "mag": 16.5818,
        "mag_err": 0.03428,
        "locus_id": "ZTF18abspqsn"
    },
    "11": {
        "mjd": 58383.2456944,
        "passband": 1,
        "mag": 16.5473,
        "mag_err": 0.034230300000000005,
        "locus_id": "ZTF18abspqsn"
    },
    "12": {
        "mjd": 58384.279571800005,
        "passband": 1,
        "mag": 16.5103,
        "mag_err": 0.036314400000000004,
        "locus_id": "ZTF18abspqsn"
    },
    "13": {
        "mjd": 58385.2730903,
        "passband": 2,
        "mag": 16.4667,
        "mag_err": 0.03331,
        "locus_id": "ZTF18abspqsn"
    },
    "14": {
        "mjd": 58385.38528940001,
        "passband": 1,
        "mag": 16.5347,
        "mag_err": 0.0339381,
        "locus_id": "ZTF18abspqsn"
    },
    "15": {
        "mjd": 58388.2564931,
        "passband": 2,
        "mag": 16.4994,
        "mag_err": 0.0378492,
        "locus_id": "ZTF18abspqsn"
    },
    "16": {
        "mjd": 58388.3659028,
        "passband": 1,
        "mag": 16.6134,
        "mag_err": 0.049008800000000005,
        "locus_id": "ZTF18abspqsn"
    },
    "17": {
        "mjd": 58397.35258099999,
        "passband": 1,
        "mag": 17.1332,
        "mag_err": 0.0386435,
        "locus_id": "ZTF18abspqsn"
    },
    "18": {
        "mjd": 58400.27875,
        "passband": 1,
        "mag": 17.337,
        "mag_err": 0.0376972,
        "locus_id": "ZTF18abspqsn"
    },
    "19": {
        "mjd": 58424.24466440001,
        "passband": 2,
        "mag": 17.9255,
        "mag_err": 0.0762072,
        "locus_id": "ZTF18abspqsn"
    },
    "20": {
        "mjd": 58427.222986099994,
        "passband": 2,
        "mag": 18.1882,
        "mag_err": 0.14441600000000002,
        "locus_id": "ZTF18abspqsn"
    },
    "21": {
        "mjd": 58430.1972222,
        "passband": 2,
        "mag": 18.1768,
        "mag_err": 0.0537391,
        "locus_id": "ZTF18abspqsn"
    },
    "22": {
        "mjd": 58430.25699069999,
        "passband": 1,
        "mag": 19.8001,
        "mag_err": 0.134778,
        "locus_id": "ZTF18abspqsn"
    },
    "23": {
        "mjd": 58434.204213,
        "passband": 2,
        "mag": 18.323,
        "mag_err": 0.0641816,
        "locus_id": "ZTF18abspqsn"
    },
    "24": {
        "mjd": 58434.2595255,
        "passband": 1,
        "mag": 20.015,
        "mag_err": 0.207238,
        "locus_id": "ZTF18abspqsn"
    },
    "25": {
        "mjd": 58437.2235069,
        "passband": 1,
        "mag": 20.0671,
        "mag_err": 0.203165,
        "locus_id": "ZTF18abspqsn"
    },
    "26": {
        "mjd": 58437.25701390001,
        "passband": 2,
        "mag": 18.4311,
        "mag_err": 0.06798789999999999,
        "locus_id": "ZTF18abspqsn"
    },
    "27": {
        "mjd": 58447.325891199995,
        "passband": 2,
        "mag": 18.8368,
        "mag_err": 0.137033,
        "locus_id": "ZTF18abspqsn"
    },
    "28": {
        "mjd": 58456.1742245,
        "passband": 2,
        "mag": 19.0135,
        "mag_err": 0.08727910000000001,
        "locus_id": "ZTF18abspqsn"
    },
    "29": {
        "mjd": 58457.2064699,
        "passband": 2,
        "mag": 18.9701,
        "mag_err": 0.120522,
        "locus_id": "ZTF18abspqsn"
    },
    "30": {
        "mjd": 58472.104513900005,
        "passband": 2,
        "mag": 19.49,
        "mag_err": 0.190626,
        "locus_id": "ZTF18abspqsn"
    },
    "31": {
        "mjd": 58475.1609028,
        "passband": 2,
        "mag": 19.4984,
        "mag_err": 0.127742,
        "locus_id": "ZTF18abspqsn"
    },
    "32": {
        "mjd": 58481.305983800004,
        "passband": 2,
        "mag": 19.7646,
        "mag_err": 0.20489200000000002,
        "locus_id": "ZTF18abspqsn"
    },
    "33": {
        "mjd": 58490.15026619999,
        "passband": 2,
        "mag": 20.0164,
        "mag_err": 0.153911,
        "locus_id": "ZTF18abspqsn"
    },
    "34": {
        "mjd": 58639.446898099995,
        "passband": 1,
        "mag": 19.7723,
        "mag_err": 0.15116,
        "locus_id": "ZTF18abspqsn"
    },
    "35": {
        "mjd": 58642.422615699994,
        "passband": 1,
        "mag": 19.6829,
        "mag_err": 0.20027999999999999,
        "locus_id": "ZTF18abspqsn"
    },
    "36": {
        "mjd": 58646.4537847,
        "passband": 1,
        "mag": 19.707,
        "mag_err": 0.21524400000000002,
        "locus_id": "ZTF18abspqsn"
    },
    "37": {
        "mjd": 58658.4724074,
        "passband": 1,
        "mag": 19.7539,
        "mag_err": 0.261712,
        "locus_id": "ZTF18abspqsn"
    },
    "38": {
        "mjd": 58661.4684838,
        "passband": 1,
        "mag": 19.8173,
        "mag_err": 0.17864000000000002,
        "locus_id": "ZTF18abspqsn"
    },
    "39": {
        "mjd": 58668.458044000006,
        "passband": 1,
        "mag": 19.7455,
        "mag_err": 0.16600299999999998,
        "locus_id": "ZTF18abspqsn"
    },
    "40": {
        "mjd": 58674.456018499994,
        "passband": 1,
        "mag": 19.5879,
        "mag_err": 0.10524100000000002,
        "locus_id": "ZTF18abspqsn"
    },
    "41": {
        "mjd": 58677.477430599996,
        "passband": 1,
        "mag": 19.759,
        "mag_err": 0.168182,
        "locus_id": "ZTF18abspqsn"
    },
    "42": {
        "mjd": 58680.4745255,
        "passband": 1,
        "mag": 19.5093,
        "mag_err": 0.223079,
        "locus_id": "ZTF18abspqsn"
    },
    "43": {
        "mjd": 58686.471064800004,
        "passband": 1,
        "mag": 19.6999,
        "mag_err": 0.19639,
        "locus_id": "ZTF18abspqsn"
    },
    "44": {
        "mjd": 58690.4478704,
        "passband": 1,
        "mag": 19.6948,
        "mag_err": 0.131164,
        "locus_id": "ZTF18abspqsn"
    },
    "45": {
        "mjd": 58693.4376389,
        "passband": 1,
        "mag": 19.6789,
        "mag_err": 0.1298,
        "locus_id": "ZTF18abspqsn"
    },
    "46": {
        "mjd": 58696.420509300006,
        "passband": 1,
        "mag": 19.7595,
        "mag_err": 0.15373,
        "locus_id": "ZTF18abspqsn"
    },
    "47": {
        "mjd": 58699.4458912,
        "passband": 1,
        "mag": 19.7667,
        "mag_err": 0.155589,
        "locus_id": "ZTF18abspqsn"
    },