{
    "0": {
        "mjd": 58337.3488079,
        "passband": 2,
        "mag": 20.5534,
        "mag_err": 0.202019,
        "locus_id": "ZTF18ablvime"
    },
    "1": {
        "mjd": 58343.3699653,
        "passband": 2,
        "mag": 19.8983,
        "mag_err": 0.11293399999999999,
        "locus_id": "ZTF18ablvime"
    },
    "2": {
        "mjd": 58343.38063659999,
        "passband": 1,
        "mag": 19.7559,
        "mag_err": 0.124351,
        "locus_id": "ZTF18ablvime"
    },
    "3": {
        "mjd": 58346.35989580001,
        "passband": 1,
        "mag": 19.6406,
        "mag_err": 0.125338,
        "locus_id": "ZTF18ablvime"
    },
    "4": {
        "mjd": 58346.40745369999,
        "passband": 2,
        "mag": 19.7351,
        "mag_err": 0.09827910000000001,
        "locus_id": "ZTF18ablvime"
    },
    "5": {
        "mjd": 58349.3474653,
        "passband": 2,
        "mag": 19.7362,
        "mag_err": 0.126692,
        "locus_id": "ZTF18ablvime"
    },
    "6": {
        "mjd": 58349.392338,
        "passband": 1,
        "mag": 19.5688,
        "mag_err": 0.1064,
        "locus_id": "ZTF18ablvime"
    },
    "7": {
        "mjd": 58352.326770800006,
        "passband": 2,
        "mag": 19.826,
        "mag_err": 0.187623,
        "locus_id": "ZTF18ablvime"
    },
    "8": {
        "mjd": 58352.4122569,
        "passband": 1,
        "mag": 19.6785,
        "mag_err": 0.127891,
        "locus_id": "ZTF18ablvime"
    },
    "9": {
        "mjd": 58355.489213,
        "passband": 2,
        "mag": 19.6928,
        "mag_err": 0.15923199999999998,
        "locus_id": "ZTF18ablvime"
    },
    "10": {
        "mjd": 58367.3649074,
        "passband": 2,
        "mag": 20.4027,
        "mag_err": 0.210903,
        "locus_id": "ZTF18ablvime"
    },
    "11": {
        "mjd": 58370.407199099995,
        "passband": 2,
        "mag": 20.6799,
        "mag_err": 0.21501900000000002,
        "locus_id": "ZTF18ablvime"
    },
    "12": {
        "mjd": 58373.32533559999,
        "passband": 2,
        "mag": 20.6356,
        "mag_err": 0.192523,
        "locus_id": "ZTF18ablvime"
    },
    "13": {
        "mjd": 58376.36357640001,
        "passband": 2,
        "mag": 20.7028,
        "mag_err": 0.183557,
        "locus_id": "ZTF18ablvime"
    }
}