{
    "0": {
        "mjd": 58681.19408559999,
        "passband": 1,
        "mag": 19.2801,
        "mag_err": 0.174879,
        "locus_id": "ZTF19abgpgyp"
    },
    "1": {
        "mjd": 58681.2672454,
        "passband": 2,
        "mag": 19.4637,
        "mag_err": 0.17028800000000002,
        "locus_id": "ZTF19abgpgyp"
    },
    "2": {
        "mjd": 58684.177037,
        "passband": 2,
        "mag": 18.8582,
        "mag_err": 0.0883707,
        "locus_id": "ZTF19abgpgyp"
    },
    "3": {
        "mjd": 58684.229375,
        "passband": 1,
        "mag": 18.4774,
        "mag_err": 0.08312610000000001,
        "locus_id": "ZTF19abgpgyp"
    },
    "4": {
        "mjd": 58691.1984722,
        "passband": 2,
        "mag": 17.7273,
        "mag_err": 0.0486719,
        "locus_id": "ZTF19abgpgyp"
    },
    "5": {
        "mjd": 58694.2078009,
        "passband": 2,
        "mag": 17.8602,
        "mag_err": 0.0611332,
        "locus_id": "ZTF19abgpgyp"
    },
    "6": {
        "mjd": 58694.226875,
        "passband": 1,
        "mag": 17.7227,
        "mag_err": 0.0470573,
        "locus_id": "ZTF19abgpgyp"
    },
    "7": {
        "mjd": 58697.18020830001,
        "passband": 2,
        "mag": 17.9797,
        "mag_err": 0.0556891,
        "locus_id": "ZTF19abgpgyp"
    },
    "8": {
        "mjd": 58700.17732640001,
        "passband": 2,
        "mag": 17.942,
        "mag_err": 0.048947199999999996,
        "locus_id": "ZTF19abgpgyp"
    },
    "9": {
        "mjd": 58705.18008099999,
        "passband": 2,
        "mag": 18.0388,
        "mag_err": 0.080421,
        "locus_id": "ZTF19abgpgyp"
    },
    "10": {
        "mjd": 58708.1775926,
        "passband": 1,
        "mag": 18.0949,
        "mag_err": 0.09101319999999999,
        "locus_id": "ZTF19abgpgyp"
    },
    "11": {
        "mjd": 58711.284768499994,
        "passband": 2,
        "mag": 18.1101,
        "mag_err": 0.0843442,
        "locus_id": "ZTF19abgpgyp"
    },
    "12": {
        "mjd": 58714.35042819999,
        "passband": 2,
        "mag": 18.1443,
        "mag_err": 0.0970006,
        "locus_id": "ZTF19abgpgyp"
    },
    "13": {
        "mjd": 58718.17761569999,
        "passband": 1,
        "mag": 18.1932,
        "mag_err": 0.0586024,
        "locus_id": "ZTF19abgpgyp"
    },
    "14": {
        "mjd": 58723.18541669999,
        "passband": 1,
        "mag": 18.2594,
        "mag_err": 0.061179599999999994,
        "locus_id": "ZTF19abgpgyp"
    },
    "15": {
        "mjd": 58723.3319329,
        "passband": 2,
        "mag": 18.1433,
        "mag_err": 0.05980409999999999,
        "locus_id": "ZTF19abgpgyp"
    },
    "16": {
        "mjd": 58726.1512847,
        "passband": 1,
        "mag": 18.37,
        "mag_err": 0.0635134,
        "locus_id": "ZTF19abgpgyp"
    },
    "17": {
        "mjd": 58734.1436574,
        "passband": 2,
        "mag": 18.2578,
        "mag_err": 0.0696739,
        "locus_id": "ZTF19abgpgyp"
    },
    "18": {
        "mjd": 58734.2110301,
        "passband": 1,
        "mag": 18.5207,
        "mag_err": 0.100063,
        "locus_id": "ZTF19abgpgyp"
    },
    "19": {
        "mjd": 58737.130821800005,
        "passband": 1,
        "mag": 18.5446,
        "mag_err": 0.0880427,
        "locus_id": "ZTF19abgpgyp"
    },
    "20": {
        "mjd": 58737.185463,
        "passband": 2,
        "mag": 18.262999999999998,
        "mag_err": 0.0858895,
        "locus_id": "ZTF19abgpgyp"
    },
    "21": {
        "mjd": 58740.124976900006,
        "passband": 1,
        "mag": 18.6352,
        "mag_err": 0.132604,
        "locus_id": "ZTF19abgpgyp"
    },
    "22": {
        "mjd": 58740.2644329,
        "passband": 2,
        "mag": 18.4085,
        "mag_err": 0.10933699999999999,
        "locus_id": "ZTF19abgpgyp"
    },
    "23": {
        "mjd": 58743.1411574,
        "passband": 1,
        "mag": 18.6588,
        "mag_err": 0.0951937,
        "locus_id": "ZTF19abgpgyp"
    },
    "24": {
        "mjd": 58747.14186340001,
        "passband": 1,
        "mag": 18.7243,
        "mag_err": 0.0925404,
        "locus_id": "ZTF19abgpgyp"
    },
    "25": {
        "mjd": 58750.1401736,
        "passband": 1,
        "mag": 18.8045,
        "mag_err": 0.100087,
        "locus_id": "ZTF19abgpgyp"
    },
    "26": {
        "mjd": 58758.1436343,
        "passband": 1,
        "mag": 18.9626,
        "mag_err": 0.11473599999999999,
        "locus_id": "ZTF19abgpgyp"
    },
    "27": {
        "mjd": 58761.120463,
        "passband": 2,
        "mag": 18.5968,
        "mag_err": 0.0784895,
        "locus_id": "ZTF19abgpgyp"
    },
    "28": {
        "mjd": 58764.11789349999,
        "passband": 2,
        "mag": 18.7248,
        "mag_err": 0.0912369,
        "locus_id": "ZTF19abgpgyp"
    },
    "29": {
        "mjd": 58768.12541669999,
        "passband": 2,
        "mag": 18.7914,
        "mag_err": 0.104965,
        "locus_id": "ZTF19abgpgyp"
    },
    "30": {
        "mjd": 58771.10136569999,
        "passband": 2,
        "mag": 18.9633,
        "mag_err": 0.119027,
        "locus_id": "ZTF19abgpgyp"
    },
    "31": {
        "mjd": 58775.1021528,
        "passband": 2,
        "mag": 18.9219,
        "mag_err": 0.09461239999999999,
        "locus_id": "ZTF19abgpgyp"
    },
    "32": {
        "mjd": 58775.121330999995,
        "passband": 1,
        "mag": 19.2047,
        "mag_err": 0.126594,
        "locus_id": "ZTF19abgpgyp"
    },
    "33": {
        "mjd": 58778.121713,
        "passband": 1,
        "mag": 19.2229,
        "mag_err": 0.14033199999999998,
        "locus_id": "ZTF19abgpgyp"
    },
    "34": {
        "mjd": 58781.0902199,
        "passband": 2,
        "mag": 18.9782,
        "mag_err": 0.15428699999999998,
        "locus_id": "ZTF19abgpgyp"
    },
    "35": {
        "mjd": 58781.111713,
        "passband": 1,
        "mag": 19.3086,
        "mag_err": 0.201457,
        "locus_id": "ZTF19abgpgyp"
    },
    "36": {
        "mjd": 58785.115463,
        "passband": 1,
        "mag": 19.3556,
        "mag_err": 0.159911,
        "locus_id": "ZTF19abgpgyp"
    },
    "37": {
        "mjd": 58790.11057869999,
        "passband": 2,
        "mag": 19.1662,
        "mag_err": 0.20102,
        "locus_id": "ZTF19abgpgyp"
    },
    "38": {
        "mjd": 58793.0873148,
        "passband": 2,
        "mag": 19.0036,
        "mag_err": 0.130142,
        "locus_id": "ZTF19abgpgyp"
    },
    "39": {
        "mjd": 58851.5510648,
        "passband": 1,
        "mag": 19.6685,
        "mag_err": 0.31169,
        "locus_id": "ZTF19abgpgyp"
    },
    "40": {
        "mjd": 58854.57061340001,
        "passband": 2,
        "mag": 19.5391,
        "mag_err": 0.280612,
        "locus_id": "ZTF19abgpgyp"
    },
    "41": {
        "mjd": 58873.534606500005,
        "passband": 2,
        "mag": 19.3257,
        "mag_err": 0.11986500000000001,
        "locus_id": "ZTF19abgpgyp"
    },
    "42": {
        "mjd": 58873.5565046,
        "passband": 1,
        "mag": 19.7772,
        "mag_err": 0.137526,
        "locus_id": "ZTF19abgpgyp"
    },
    "43": {
        "mjd": 58876.53535880001,
        "passband": 1,
        "mag": 19.7085,
        "mag_err": 0.132666,
        "locus_id": "ZTF19abgpgyp"
    },
    "44": {
        "mjd": 58876.53535880001,
        "passband": 1,
        "mag": 19.7099,
        "mag_err": 0.130955,
        "locus_id": "ZTF19abgpgyp"
    },
    "45": {
        "mjd": 58876.5736458,
        "passband": 2,
        "mag": 19.3895,
        "mag_err": 0.1218,
        "locus_id": "ZTF19abgpgyp"
    },
    "46": {
        "mjd": 58879.5064699,
        "passband": 1,
        "mag": 19.8885,
        "mag_err": 0.323002,
        "locus_id": "ZTF19abgpgyp"
    },
    "47": {
        "mjd": 58885.54645830001,
        "passband": 2,
        "mag": 19.2988,
        "mag_err": 0.134625,
        "locus_id": "ZTF19abgpgyp"
    },
    "48": {
        "mjd": 58891.474213,
        "passband": 1,
        "mag": 19.8878,