{
    "0": {
        "mjd": 58461.51317130001,
        "passband": 2,
        "mag": 19.1691,
        "mag_err": 0.114495,
        "locus_id": "ZTF18acusbdy"
    },
    "1": {
        "mjd": 58464.306898099996,
        "passband": 2,
        "mag": 18.6978,
        "mag_err": 0.10119700000000001,
        "locus_id": "ZTF18acusbdy"
    },
    "2": {
        "mjd": 58464.3277778,
        "passband": 1,
        "mag": 18.56,
        "mag_err": 0.0694503,
        "locus_id": "ZTF18acusbdy"
    },
    "3": {
        "mjd": 58471.2679977,
        "passband": 2,
        "mag": 18.198,
        "mag_err": 0.09616569999999999,
        "locus_id": "ZTF18acusbdy"
    },
    "4": {
        "mjd": 58474.3287037,
        "passband": 2,
        "mag": 18.2947,
        "mag_err": 0.0857638,
        "locus_id": "ZTF18acusbdy"
    },
    "5": {
        "mjd": 58474.5064931,
        "passband": 1,
        "mag": 18.1528,
        "mag_err": 0.11223699999999999,
        "locus_id": "ZTF18acusbdy"
    },
    "6": {
        "mjd": 58480.28267359999,
        "passband": 1,
        "mag": 18.5412,
        "mag_err": 0.08988339999999999,
        "locus_id": "ZTF18acusbdy"
    },
    "7": {
        "mjd": 58480.32195599999,
        "passband": 2,
        "mag": 18.4186,
        "mag_err": 0.08962619999999999,
        "locus_id": "ZTF18acusbdy"
    },
    "8": {
        "mjd": 58486.443715299996,
        "passband": 2,
        "mag": 18.8489,
        "mag_err": 0.08085410000000001,
        "locus_id": "ZTF18acusbdy"
    },
    "9": {
        "mjd": 58490.22223380001,
        "passband": 2,
        "mag": 18.9696,
        "mag_err": 0.109225,
        "locus_id": "ZTF18acusbdy"
    },
    "10": {
        "mjd": 58493.23655090001,
        "passband": 1,
        "mag": 19.637999999999998,
        "mag_err": 0.167216,
        "locus_id": "ZTF18acusbdy"
    },
    "11": {
        "mjd": 58507.2524074,
        "passband": 2,
        "mag": 19.6079,
        "mag_err": 0.150364,
        "locus_id": "ZTF18acusbdy"
    },
    "12": {
        "mjd": 58513.407858800005,
        "passband": 2,
        "mag": 19.6542,
        "mag_err": 0.182764,
        "locus_id": "ZTF18acusbdy"
    },
    "13": {
        "mjd": 58522.2166319,
        "passband": 2,
        "mag": 20.4159,
        "mag_err": 0.179367,
        "locus_id": "ZTF18acusbdy"
    }
}