{
    "0": {
        "mjd": 58543.2795023,
        "passband": 1,
        "mag": 18.9285,
        "mag_err": 0.160843,
        "locus_id": "ZTF19aallvor"
    },
    "1": {
        "mjd": 58543.3363079,
        "passband": 2,
        "mag": 18.9487,
        "mag_err": 0.11317,
        "locus_id": "ZTF19aallvor"
    },
    "2": {
        "mjd": 58546.2709954,
        "passband": 1,
        "mag": 18.4939,
        "mag_err": 0.129842,
        "locus_id": "ZTF19aallvor"
    },
    "3": {
        "mjd": 58567.23427080001,
        "passband": 2,
        "mag": 19.2279,
        "mag_err": 0.100755,
        "locus_id": "ZTF19aallvor"
    },
    "4": {
        "mjd": 58567.25401619999,
        "passband": 1,
        "mag": 19.4537,
        "mag_err": 0.13600299999999999,
        "locus_id": "ZTF19aallvor"
    },
    "5": {
        "mjd": 58572.27383099999,
        "passband": 2,
        "mag": 19.2851,
        "mag_err": 0.172498,
        "locus_id": "ZTF19aallvor"
    },
    "6": {
        "mjd": 58575.2727431,
        "passband": 1,
        "mag": 20.2392,
        "mag_err": 0.162181,
        "locus_id": "ZTF19aallvor"
    },
    "7": {
        "mjd": 58580.25311340001,
        "passband": 1,
        "mag": 20.6997,
        "mag_err": 0.306261,
        "locus_id": "ZTF19aallvor"
    },
    "8": {
        "mjd": 58580.273773099994,
        "passband": 2,
        "mag": 19.6682,
        "mag_err": 0.13568,
        "locus_id": "ZTF19aallvor"
    },
    "9": {
        "mjd": 58583.256446800006,
        "passband": 2,
        "mag": 19.5263,
        "mag_err": 0.148537,
        "locus_id": "ZTF19aallvor"
    },
    "10": {
        "mjd": 58586.2107523,
        "passband": 2,
        "mag": 19.8163,
        "mag_err": 0.15370799999999998,
        "locus_id": "ZTF19aallvor"
    },
    "11": {
        "mjd": 58895.4248495,
        "passband": 2,
        "mag": 19.7678,
        "mag_err": 0.150278,
        "locus_id": "ZTF19aallvor"
    },
    "12": {
        "mjd": 58954.2752546,
        "passband": 1,
        "mag": 20.6027,
        "mag_err": 0.376921,
        "locus_id": "ZTF19aallvor"
    },
    "13": {
        "mjd": 58962.25270830001,
        "passband": 2,
        "mag": 19.9325,
        "mag_err": 0.21307600000000002,
        "locus_id": "ZTF19aallvor"
    }
}