{
    "0": {
        "mjd": 58726.48611109999,
        "passband": 1,
        "mag": 19.7047,
        "mag_err": 0.144735,
        "locus_id": "ZTF19abuzpmr"
    },
    "1": {
        "mjd": 58732.447928199996,
        "passband": 1,
        "mag": 18.5494,
        "mag_err": 0.0773544,
        "locus_id": "ZTF19abuzpmr"
    },
    "2": {
        "mjd": 58732.5096875,
        "passband": 2,
        "mag": 18.712,
        "mag_err": 0.11233399999999999,
        "locus_id": "ZTF19abuzpmr"
    },
    "3": {
        "mjd": 58735.4719444,
        "passband": 1,
        "mag": 18.605999999999998,
        "mag_err": 0.0878313,
        "locus_id": "ZTF19abuzpmr"
    },
    "4": {
        "mjd": 58735.514675900005,
        "passband": 2,
        "mag": 18.5372,
        "mag_err": 0.0713417,
        "locus_id": "ZTF19abuzpmr"
    },
    "5": {
        "mjd": 58738.4755671,
        "passband": 1,
        "mag": 18.6507,
        "mag_err": 0.08952239999999999,
        "locus_id": "ZTF19abuzpmr"
    },
    "6": {
        "mjd": 58741.46730319999,
        "passband": 2,
        "mag": 18.5851,
        "mag_err": 0.0896672,
        "locus_id": "ZTF19abuzpmr"
    },
    "7": {
        "mjd": 58741.5097801,
        "passband": 1,
        "mag": 18.7813,
        "mag_err": 0.119349,
        "locus_id": "ZTF19abuzpmr"
    },
    "8": {
        "mjd": 58744.504838,
        "passband": 1,
        "mag": 19.0552,
        "mag_err": 0.121545,
        "locus_id": "ZTF19abuzpmr"
    },
    "9": {
        "mjd": 58747.4646181,
        "passband": 2,
        "mag": 19.1023,
        "mag_err": 0.143296,
        "locus_id": "ZTF19abuzpmr"
    },
    "10": {
        "mjd": 58750.4472801,
        "passband": 1,
        "mag": 20.0788,
        "mag_err": 0.237355,
        "locus_id": "ZTF19abuzpmr"
    },
    "11": {
        "mjd": 58750.5097569,
        "passband": 2,
        "mag": 19.0379,
        "mag_err": 0.148878,
        "locus_id": "ZTF19abuzpmr"
    },
    "12": {
        "mjd": 58756.5127778,
        "passband": 2,
        "mag": 19.1304,
        "mag_err": 0.161049,
        "locus_id": "ZTF19abuzpmr"
    },
    "13": {
        "mjd": 58759.5108218,
        "passband": 2,
        "mag": 19.468,
        "mag_err": 0.151225,
        "locus_id": "ZTF19abuzpmr"
    },
    "14": {
        "mjd": 58763.5156829,
        "passband": 2,
        "mag": 19.7643,
        "mag_err": 0.19664600000000002,
        "locus_id": "ZTF19abuzpmr"
    }
}