{
    "0": {
        "mjd": 58852.525763900005,
        "passband": 1,
        "mag": 20.0037,
        "mag_err": 0.274138,
        "locus_id": "ZTF19aczkjxn"
    },
    "1": {
        "mjd": 58852.526678199996,
        "passband": 1,
        "mag": 19.8955,
        "mag_err": 0.20705900000000002,
        "locus_id": "ZTF19aczkjxn"
    },
    "2": {
        "mjd": 58852.5618403,
        "passband": 2,
        "mag": 18.9164,
        "mag_err": 0.11841800000000001,
        "locus_id": "ZTF19aczkjxn"
    },
    "3": {
        "mjd": 58852.564201400004,
        "passband": 2,
        "mag": 18.9322,
        "mag_err": 0.106749,
        "locus_id": "ZTF19aczkjxn"
    },
    "4": {
        "mjd": 58855.5025926,
        "passband": 1,
        "mag": 19.749000000000002,
        "mag_err": 0.207357,
        "locus_id": "ZTF19aczkjxn"
    },
    "5": {
        "mjd": 58873.537766199996,
        "passband": 2,
        "mag": 19.0392,
        "mag_err": 0.12318599999999999,
        "locus_id": "ZTF19aczkjxn"
    },
    "6": {
        "mjd": 58873.53866900001,
        "passband": 2,
        "mag": 19.1301,
        "mag_err": 0.113828,
        "locus_id": "ZTF19aczkjxn"
    },
    "7": {
        "mjd": 58873.5491551,
        "passband": 1,
        "mag": 20.5496,
        "mag_err": 0.381668,
        "locus_id": "ZTF19aczkjxn"
    },
    "8": {
        "mjd": 58873.549606500004,
        "passband": 1,
        "mag": 20.0596,
        "mag_err": 0.23452800000000001,
        "locus_id": "ZTF19aczkjxn"
    },
    "9": {
        "mjd": 58876.53898150001,
        "passband": 1,
        "mag": 20.0339,
        "mag_err": 0.19059500000000001,
        "locus_id": "ZTF19aczkjxn"
    },
    "10": {
        "mjd": 58876.53898150001,
        "passband": 1,
        "mag": 20.0302,
        "mag_err": 0.192589,
        "locus_id": "ZTF19aczkjxn"
    },
    "11": {
        "mjd": 58876.5398727,
        "passband": 1,
        "mag": 20.3508,
        "mag_err": 0.206779,
        "locus_id": "ZTF19aczkjxn"
    },
    "12": {
        "mjd": 58876.5398727,
        "passband": 1,
        "mag": 20.4142,
        "mag_err": 0.211875,
        "locus_id": "ZTF19aczkjxn"
    },
    "13": {
        "mjd": 58876.56054400001,
        "passband": 2,
        "mag": 19.0605,
        "mag_err": 0.107089,
        "locus_id": "ZTF19aczkjxn"
    },
    "14": {
        "mjd": 58876.5614352,
        "passband": 2,
        "mag": 19.0718,
        "mag_err": 0.109824,
        "locus_id": "ZTF19aczkjxn"
    },
    "15": {
        "mjd": 58879.5190394,
        "passband": 1,
        "mag": 20.046,
        "mag_err": 0.247748,
        "locus_id": "ZTF19aczkjxn"
    },
    "16": {
        "mjd": 58879.5195023,
        "passband": 1,
        "mag": 20.2416,
        "mag_err": 0.261875,
        "locus_id": "ZTF19aczkjxn"
    },
    "17": {
        "mjd": 58879.54376159999,
        "passband": 2,
        "mag": 19.2417,
        "mag_err": 0.17745,
        "locus_id": "ZTF19aczkjxn"
    },
    "18": {
        "mjd": 58879.5442245,
        "passband": 2,
        "mag": 19.0977,
        "mag_err": 0.21268499999999999,
        "locus_id": "ZTF19aczkjxn"
    },
    "19": {
        "mjd": 58883.559895800005,
        "passband": 2,
        "mag": 19.2182,
        "mag_err": 0.151657,
        "locus_id": "ZTF19aczkjxn"
    },
    "20": {
        "mjd": 58885.542580999994,
        "passband": 2,
        "mag": 19.1652,
        "mag_err": 0.109753,
        "locus_id": "ZTF19aczkjxn"
    },
    "21": {
        "mjd": 58886.5617245,
        "passband": 2,
        "mag": 19.144000000000002,
        "mag_err": 0.137292,
        "locus_id": "ZTF19aczkjxn"
    },
    "22": {
        "mjd": 58888.5093403,
        "passband": 2,
        "mag": 19.1263,
        "mag_err": 0.23194800000000002,
        "locus_id": "ZTF19aczkjxn"
    },
    "23": {
        "mjd": 58891.4764699,
        "passband": 1,
        "mag": 20.0368,
        "mag_err": 0.285802,
        "locus_id": "ZTF19aczkjxn"
    },
    "24": {
        "mjd": 58894.52751159999,
        "passband": 2,
        "mag": 19.2685,
        "mag_err": 0.131331,
        "locus_id": "ZTF19aczkjxn"
    },
    "25": {
        "mjd": 58898.53875,
        "passband": 2,
        "mag": 19.3126,
        "mag_err": 0.11803599999999999,
        "locus_id": "ZTF19aczkjxn"
    },
    "26": {
        "mjd": 58898.5392014,
        "passband": 2,
        "mag": 19.4042,
        "mag_err": 0.148694,
        "locus_id": "ZTF19aczkjxn"
    },
    "27": {
        "mjd": 58904.5228588,
        "passband": 2,
        "mag": 19.3623,
        "mag_err": 0.146955,
        "locus_id": "ZTF19aczkjxn"
    },
    "28": {
        "mjd": 58906.51973380001,
        "passband": 2,
        "mag": 19.5132,
        "mag_err": 0.27247,
        "locus_id": "ZTF19aczkjxn"
    },
    "29": {
        "mjd": 58908.51523150001,
        "passband": 2,
        "mag": 19.1454,
        "mag_err": 0.166801,
        "locus_id": "ZTF19aczkjxn"
    },
    "30": {
        "mjd": 58911.496330999995,
        "passband": 2,
        "mag": 19.7891,
        "mag_err": 0.26692899999999997,
        "locus_id": "ZTF19aczkjxn"
    },
    "31": {
        "mjd": 58911.51778940001,
        "passband": 2,
        "mag": 19.6127,
        "mag_err": 0.179621,
        "locus_id": "ZTF19aczkjxn"
    },
    "32": {
        "mjd": 58914.51810190001,
        "passband": 2,
        "mag": 19.781,
        "mag_err": 0.166205,
        "locus_id": "ZTF19aczkjxn"
    }
}