{
    "0": {
        "mjd": 58434.4036806,
        "passband": 1,
        "mag": 19.3622,
        "mag_err": 0.118915,
        "locus_id": "ZTF18achtnvk"
    },
    "1": {
        "mjd": 58436.32258099999,
        "passband": 2,
        "mag": 19.2213,
        "mag_err": 0.15934700000000002,
        "locus_id": "ZTF18achtnvk"
    },
    "2": {
        "mjd": 58437.3640046,
        "passband": 2,
        "mag": 19.104,
        "mag_err": 0.0970773,
        "locus_id": "ZTF18achtnvk"
    },
    "3": {
        "mjd": 58437.383136599994,
        "passband": 2,
        "mag": 19.1175,
        "mag_err": 0.117524,
        "locus_id": "ZTF18achtnvk"
    },
    "4": {
        "mjd": 58437.44324069999,
        "passband": 1,
        "mag": 19.0683,
        "mag_err": 0.118487,
        "locus_id": "ZTF18achtnvk"
    },
    "5": {
        "mjd": 58438.38067130001,
        "passband": 1,
        "mag": 18.9418,
        "mag_err": 0.204487,
        "locus_id": "ZTF18achtnvk"
    },
    "6": {
        "mjd": 58440.415416699994,
        "passband": 1,
        "mag": 18.939,
        "mag_err": 0.160421,
        "locus_id": "ZTF18achtnvk"
    },
    "7": {
        "mjd": 58440.42813659999,
        "passband": 1,
        "mag": 19.0445,
        "mag_err": 0.103824,
        "locus_id": "ZTF18achtnvk"
    },
    "8": {
        "mjd": 58443.379548599994,
        "passband": 2,
        "mag": 18.9804,
        "mag_err": 0.098811,
        "locus_id": "ZTF18achtnvk"
    },
    "9": {
        "mjd": 58443.414838,
        "passband": 2,
        "mag": 19.0664,
        "mag_err": 0.143183,
        "locus_id": "ZTF18achtnvk"
    },
    "10": {
        "mjd": 58443.4960995,
        "passband": 1,
        "mag": 19.0677,
        "mag_err": 0.109702,
        "locus_id": "ZTF18achtnvk"
    },
    "11": {
        "mjd": 58443.505162,
        "passband": 1,
        "mag": 19.0342,
        "mag_err": 0.0959329,
        "locus_id": "ZTF18achtnvk"
    },
    "12": {
        "mjd": 58447.3095949,
        "passband": 2,
        "mag": 18.9646,
        "mag_err": 0.146333,
        "locus_id": "ZTF18achtnvk"
    },
    "13": {
        "mjd": 58447.31098380001,
        "passband": 2,
        "mag": 18.9623,
        "mag_err": 0.12434100000000001,
        "locus_id": "ZTF18achtnvk"
    },
    "14": {
        "mjd": 58447.41166669999,
        "passband": 2,
        "mag": 19.0379,
        "mag_err": 0.210885,
        "locus_id": "ZTF18achtnvk"
    },
    "15": {
        "mjd": 58447.4125926,
        "passband": 2,
        "mag": 19.0604,
        "mag_err": 0.189068,
        "locus_id": "ZTF18achtnvk"
    },
    "16": {
        "mjd": 58450.36479169999,
        "passband": 2,
        "mag": 18.8859,
        "mag_err": 0.109003,
        "locus_id": "ZTF18achtnvk"
    },
    "17": {
        "mjd": 58450.3863773,
        "passband": 2,
        "mag": 18.8488,
        "mag_err": 0.08949910000000001,
        "locus_id": "ZTF18achtnvk"
    },
    "18": {
        "mjd": 58450.45210650001,
        "passband": 1,
        "mag": 19.2192,
        "mag_err": 0.125339,
        "locus_id": "ZTF18achtnvk"
    },
    "19": {
        "mjd": 58450.452581,
        "passband": 1,
        "mag": 19.1451,
        "mag_err": 0.10476500000000001,
        "locus_id": "ZTF18achtnvk"
    },
    "20": {
        "mjd": 58455.27601849999,
        "passband": 2,
        "mag": 19.0104,
        "mag_err": 0.10102799999999999,
        "locus_id": "ZTF18achtnvk"
    },
    "21": {
        "mjd": 58455.3481944,
        "passband": 2,
        "mag": 18.9452,
        "mag_err": 0.115586,
        "locus_id": "ZTF18achtnvk"
    },
    "22": {
        "mjd": 58455.361481500004,
        "passband": 2,
        "mag": 18.8135,
        "mag_err": 0.07964149999999999,
        "locus_id": "ZTF18achtnvk"
    },
    "23": {
        "mjd": 58455.3683565,
        "passband": 2,
        "mag": 18.887,
        "mag_err": 0.0969936,
        "locus_id": "ZTF18achtnvk"
    },
    "24": {
        "mjd": 58455.4921875,
        "passband": 2,
        "mag": 18.8946,
        "mag_err": 0.128445,
        "locus_id": "ZTF18achtnvk"
    },
    "25": {
        "mjd": 58461.5140972,
        "passband": 2,
        "mag": 18.9691,
        "mag_err": 0.12326500000000001,
        "locus_id": "ZTF18achtnvk"
    },
    "26": {
        "mjd": 58464.3021296,
        "passband": 2,
        "mag": 19.0186,
        "mag_err": 0.09790460000000001,
        "locus_id": "ZTF18achtnvk"
    },
    "27": {
        "mjd": 58464.326863400005,
        "passband": 1,
        "mag": 19.8221,
        "mag_err": 0.130476,
        "locus_id": "ZTF18achtnvk"
    },
    "28": {
        "mjd": 58465.2449074,
        "passband": 1,
        "mag": 19.7309,
        "mag_err": 0.161356,
        "locus_id": "ZTF18achtnvk"
    },
    "29": {
        "mjd": 58465.47748840001,
        "passband": 2,
        "mag": 19.0672,
        "mag_err": 0.11226300000000002,
        "locus_id": "ZTF18achtnvk"
    },
    "30": {
        "mjd": 58468.414039400006,
        "passband": 1,
        "mag": 19.9421,
        "mag_err": 0.155548,
        "locus_id": "ZTF18achtnvk"
    },
    "31": {
        "mjd": 58468.424803199996,
        "passband": 1,
        "mag": 19.8716,
        "mag_err": 0.127975,
        "locus_id": "ZTF18achtnvk"
    },
    "32": {
        "mjd": 58468.4730556,
        "passband": 2,
        "mag": 19.1192,
        "mag_err": 0.08838389999999999,
        "locus_id": "ZTF18achtnvk"
    },
    "33": {
        "mjd": 58471.1992245,
        "passband": 2,
        "mag": 19.0768,
        "mag_err": 0.141465,
        "locus_id": "ZTF18achtnvk"
    },
    "34": {
        "mjd": 58471.25820599999,
        "passband": 2,
        "mag": 19.0574,
        "mag_err": 0.153975,
        "locus_id": "ZTF18achtnvk"
    },
    "35": {
        "mjd": 58471.2867824,
        "passband": 2,
        "mag": 19.1074,
        "mag_err": 0.149627,
        "locus_id": "ZTF18achtnvk"
    },
    "36": {
        "mjd": 58472.2779977,
        "passband": 2,
        "mag": 19.118,
        "mag_err": 0.129089,
        "locus_id": "ZTF18achtnvk"
    },
    "37": {
        "mjd": 58474.2949074,
        "passband": 2,
        "mag": 19.2981,
        "mag_err": 0.165154,
        "locus_id": "ZTF18achtnvk"
    },
    "38": {
        "mjd": 58474.32182869999,
        "passband": 2,
        "mag": 19.0601,
        "mag_err": 0.153247,
        "locus_id": "ZTF18achtnvk"
    },
    "39": {
        "mjd": 58480.3229398,
        "passband": 2,
        "mag": 19.294,
        "mag_err": 0.10502,
        "locus_id": "ZTF18achtnvk"
    },
    "40": {
        "mjd": 58486.444641199996,
        "passband": 2,
        "mag": 19.3462,
        "mag_err": 0.172012,
        "locus_id": "ZTF18achtnvk"
    },
    "41": {
        "mjd": 58486.44510419999,
        "passband": 2,
        "mag": 19.3892,
        "mag_err": 0.18945599999999999,
        "locus_id": "ZTF18achtnvk"
    },
    "42": {
        "mjd": 58490.1950926,
        "passband": 2,
        "mag": 19.367,
        "mag_err": 0.115699,
        "locus_id": "ZTF18achtnvk"
    },
    "43": {
        "mjd": 58490.2208449,
        "passband": 2,
        "mag": 19.4894,
        "mag_err": 0.12762,
        "locus_id": "ZTF18achtnvk"
    },
    "44": {
        "mjd": 58493.2528125,
        "passband": 2,
        "mag": 19.4779,
        "mag_err": 0.12268499999999999,
        "locus_id": "ZTF18achtnvk"
    },
    "45": {
        "mjd": 58493.283171300005,
        "passband": 2,
        "mag": 19.545,
        "mag_err": 0.126107,
        "locus_id": "ZTF18achtnvk"
    },
    "46": {
        "mjd": 58507.29019680001,
        "passband": 2,
        "mag": 19.8047,
        "mag_err": 0.156629,
        "locus_id": "ZTF18achtnvk"
    },
    "47": {
        "mjd": 58509.25729169999,
        "passband": 2,
        "mag": 19.6086,
        "mag_err": 0.157186,
        "locus_id": "ZTF18achtnvk"
    },
    "48": {
        "mjd": 58540.1839468,
        "passband": 1,
        "mag": 20.3701,