{
    "0": {
        "mjd": 58377.455023099996,
        "passband": 2,
        "mag": 19.8538,
        "mag_err": 0.176234,
        "locus_id": "ZTF18abwktmm"
    },
    "1": {
        "mjd": 58380.45879630001,
        "passband": 2,
        "mag": 19.0831,
        "mag_err": 0.0962619,
        "locus_id": "ZTF18abwktmm"
    },
    "2": {
        "mjd": 58380.4825926,
        "passband": 1,
        "mag": 19.2009,
        "mag_err": 0.10413599999999999,
        "locus_id": "ZTF18abwktmm"
    },
    "3": {
        "mjd": 58383.417037,
        "passband": 2,
        "mag": 18.5737,
        "mag_err": 0.06483330000000001,
        "locus_id": "ZTF18abwktmm"
    },
    "4": {
        "mjd": 58383.4594676,
        "passband": 1,
        "mag": 18.6188,
        "mag_err": 0.0746217,
        "locus_id": "ZTF18abwktmm"
    },
    "5": {
        "mjd": 58384.400416699995,
        "passband": 1,
        "mag": 18.3832,
        "mag_err": 0.09459680000000001,
        "locus_id": "ZTF18abwktmm"
    },
    "6": {
        "mjd": 58386.4184028,
        "passband": 2,
        "mag": 18.5093,
        "mag_err": 0.0700057,
        "locus_id": "ZTF18abwktmm"
    },
    "7": {
        "mjd": 58386.4995023,
        "passband": 1,
        "mag": 18.3605,
        "mag_err": 0.117029,
        "locus_id": "ZTF18abwktmm"
    },
    "8": {
        "mjd": 58389.4586806,
        "passband": 1,
        "mag": 18.2748,
        "mag_err": 0.0887323,
        "locus_id": "ZTF18abwktmm"
    },
    "9": {
        "mjd": 58389.4997338,
        "passband": 2,
        "mag": 18.2609,
        "mag_err": 0.07653410000000001,
        "locus_id": "ZTF18abwktmm"
    },
    "10": {
        "mjd": 58397.3950347,
        "passband": 1,
        "mag": 18.8417,
        "mag_err": 0.0890053,
        "locus_id": "ZTF18abwktmm"
    },
    "11": {
        "mjd": 58428.27332180001,
        "passband": 2,
        "mag": 19.9816,
        "mag_err": 0.191699,
        "locus_id": "ZTF18abwktmm"
    }
}