{
    "0": {
        "mjd": 58486.11070599999,
        "passband": 2,
        "mag": 19.0845,
        "mag_err": 0.0792661,
        "locus_id": "ZTF18adcbyiw"
    },
    "1": {
        "mjd": 58490.1125926,
        "passband": 1,
        "mag": 18.5677,
        "mag_err": 0.080965,
        "locus_id": "ZTF18adcbyiw"
    },
    "2": {
        "mjd": 58490.15379630001,
        "passband": 2,
        "mag": 18.6588,
        "mag_err": 0.0854154,
        "locus_id": "ZTF18adcbyiw"
    },
    "3": {
        "mjd": 58493.1229977,
        "passband": 2,
        "mag": 18.6357,
        "mag_err": 0.0547791,
        "locus_id": "ZTF18adcbyiw"
    },
    "4": {
        "mjd": 58493.1751505,
        "passband": 1,
        "mag": 18.5264,
        "mag_err": 0.0694368,
        "locus_id": "ZTF18adcbyiw"
    },
    "5": {
        "mjd": 58503.115300900005,
        "passband": 2,
        "mag": 18.8257,
        "mag_err": 0.0857779,
        "locus_id": "ZTF18adcbyiw"
    },
    "6": {
        "mjd": 58503.176955999996,
        "passband": 1,
        "mag": 18.9955,
        "mag_err": 0.13752899999999998,
        "locus_id": "ZTF18adcbyiw"
    },
    "7": {
        "mjd": 58514.15574069999,
        "passband": 1,
        "mag": 19.9803,
        "mag_err": 0.17671900000000001,
        "locus_id": "ZTF18adcbyiw"
    }
}