{
    "0": {
        "mjd": 58846.4479051,
        "passband": 2,
        "mag": 19.4905,
        "mag_err": 0.136724,
        "locus_id": "ZTF19adcdgca"
    },
    "1": {
        "mjd": 58846.493588,
        "passband": 1,
        "mag": 19.7311,
        "mag_err": 0.166133,
        "locus_id": "ZTF19adcdgca"
    },
    "2": {
        "mjd": 58849.485324099995,
        "passband": 1,
        "mag": 18.9963,
        "mag_err": 0.0931696,
        "locus_id": "ZTF19adcdgca"
    },
    "3": {
        "mjd": 58850.435162,
        "passband": 1,
        "mag": 18.8774,
        "mag_err": 0.11083299999999999,
        "locus_id": "ZTF19adcdgca"
    },
    "4": {
        "mjd": 58850.4746296,
        "passband": 2,
        "mag": 18.6888,
        "mag_err": 0.0976199,
        "locus_id": "ZTF19adcdgca"
    },
    "5": {
        "mjd": 58851.4489583,
        "passband": 2,
        "mag": 18.628,
        "mag_err": 0.102529,
        "locus_id": "ZTF19adcdgca"
    },
    "6": {
        "mjd": 58851.468078699996,
        "passband": 2,
        "mag": 18.5269,
        "mag_err": 0.10593,
        "locus_id": "ZTF19adcdgca"
    },
    "7": {
        "mjd": 58852.4216551,
        "passband": 2,
        "mag": 18.4866,
        "mag_err": 0.067304,
        "locus_id": "ZTF19adcdgca"
    },
    "8": {
        "mjd": 58852.46719909999,
        "passband": 1,
        "mag": 18.6392,
        "mag_err": 0.0845496,
        "locus_id": "ZTF19adcdgca"
    },
    "9": {
        "mjd": 58853.433229199996,
        "passband": 2,
        "mag": 18.4302,
        "mag_err": 0.07724650000000001,
        "locus_id": "ZTF19adcdgca"
    },
    "10": {
        "mjd": 58853.471875,
        "passband": 1,
        "mag": 18.6311,
        "mag_err": 0.08752360000000001,
        "locus_id": "ZTF19adcdgca"
    },
    "11": {
        "mjd": 58854.468009300006,
        "passband": 2,
        "mag": 18.3971,
        "mag_err": 0.102923,
        "locus_id": "ZTF19adcdgca"
    },
    "12": {
        "mjd": 58854.4960301,
        "passband": 1,
        "mag": 18.5991,
        "mag_err": 0.117532,
        "locus_id": "ZTF19adcdgca"
    },
    "13": {
        "mjd": 58855.3441088,
        "passband": 2,
        "mag": 18.276,
        "mag_err": 0.0841926,
        "locus_id": "ZTF19adcdgca"
    },
    "14": {
        "mjd": 58855.468738400006,
        "passband": 1,
        "mag": 18.5365,
        "mag_err": 0.09094989999999999,
        "locus_id": "ZTF19adcdgca"
    },
    "15": {
        "mjd": 58856.2986806,
        "passband": 2,
        "mag": 18.2671,
        "mag_err": 0.0600126,
        "locus_id": "ZTF19adcdgca"
    },
    "16": {
        "mjd": 58859.27704859999,
        "passband": 2,
        "mag": 18.1484,
        "mag_err": 0.100731,
        "locus_id": "ZTF19adcdgca"
    },
    "17": {
        "mjd": 58859.35517359999,
        "passband": 2,
        "mag": 18.2322,
        "mag_err": 0.0997994,
        "locus_id": "ZTF19adcdgca"
    },
    "18": {
        "mjd": 58859.5115394,
        "passband": 1,
        "mag": 18.5534,
        "mag_err": 0.106923,
        "locus_id": "ZTF19adcdgca"
    },
    "19": {
        "mjd": 58860.284826400006,
        "passband": 2,
        "mag": 18.227,
        "mag_err": 0.0950082,
        "locus_id": "ZTF19adcdgca"
    },
    "20": {
        "mjd": 58860.3481829,
        "passband": 2,
        "mag": 18.3134,
        "mag_err": 0.0833612,
        "locus_id": "ZTF19adcdgca"
    },
    "21": {
        "mjd": 58861.331412,
        "passband": 2,
        "mag": 18.3132,
        "mag_err": 0.10129400000000001,
        "locus_id": "ZTF19adcdgca"
    },
    "22": {
        "mjd": 58861.3482523,
        "passband": 1,
        "mag": 18.8252,
        "mag_err": 0.17621099999999998,
        "locus_id": "ZTF19adcdgca"
    },
    "23": {
        "mjd": 58862.317141199994,
        "passband": 2,
        "mag": 18.2638,
        "mag_err": 0.0760541,
        "locus_id": "ZTF19adcdgca"
    },
    "24": {
        "mjd": 58862.32504630001,
        "passband": 2,
        "mag": 18.4036,
        "mag_err": 0.06789169999999999,
        "locus_id": "ZTF19adcdgca"
    },
    "25": {
        "mjd": 58864.1773148,
        "passband": 1,
        "mag": 19.2242,
        "mag_err": 0.110999,
        "locus_id": "ZTF19adcdgca"
    },
    "26": {
        "mjd": 58864.2375,
        "passband": 2,
        "mag": 18.4142,
        "mag_err": 0.0757596,
        "locus_id": "ZTF19adcdgca"
    },
    "27": {
        "mjd": 58866.3485301,
        "passband": 2,
        "mag": 18.6149,
        "mag_err": 0.097018,
        "locus_id": "ZTF19adcdgca"
    },
    "28": {
        "mjd": 58866.409143499994,
        "passband": 1,
        "mag": 19.5455,
        "mag_err": 0.164353,
        "locus_id": "ZTF19adcdgca"
    },
    "29": {
        "mjd": 58867.3640394,
        "passband": 2,
        "mag": 18.602,
        "mag_err": 0.0794227,
        "locus_id": "ZTF19adcdgca"
    },
    "30": {
        "mjd": 58867.402963,
        "passband": 1,
        "mag": 19.715999999999998,
        "mag_err": 0.19221300000000002,
        "locus_id": "ZTF19adcdgca"
    },
    "31": {
        "mjd": 58871.225289400005,
        "passband": 1,
        "mag": 19.9596,
        "mag_err": 0.204895,
        "locus_id": "ZTF19adcdgca"
    },
    "32": {
        "mjd": 58871.3044329,
        "passband": 2,
        "mag": 18.7978,
        "mag_err": 0.0874948,
        "locus_id": "ZTF19adcdgca"
    },
    "33": {
        "mjd": 58872.2429745,
        "passband": 1,
        "mag": 20.3278,
        "mag_err": 0.254436,
        "locus_id": "ZTF19adcdgca"
    },
    "34": {
        "mjd": 58873.3006944,
        "passband": 2,
        "mag": 18.9747,
        "mag_err": 0.118217,
        "locus_id": "ZTF19adcdgca"
    },
    "35": {
        "mjd": 58873.344629600004,
        "passband": 1,
        "mag": 20.3405,
        "mag_err": 0.25281,
        "locus_id": "ZTF19adcdgca"
    },
    "36": {
        "mjd": 58874.2966551,
        "passband": 2,
        "mag": 19.0594,
        "mag_err": 0.0787331,
        "locus_id": "ZTF19adcdgca"
    },
    "37": {
        "mjd": 58874.2966551,
        "passband": 2,
        "mag": 19.0427,
        "mag_err": 0.11576099999999999,
        "locus_id": "ZTF19adcdgca"
    },
    "38": {
        "mjd": 58874.3429861,
        "passband": 1,
        "mag": 20.3818,
        "mag_err": 0.268789,
        "locus_id": "ZTF19adcdgca"
    },
    "39": {
        "mjd": 58875.2431597,
        "passband": 2,
        "mag": 19.0349,
        "mag_err": 0.105361,
        "locus_id": "ZTF19adcdgca"
    },
    "40": {
        "mjd": 58876.30519680001,
        "passband": 2,
        "mag": 19.0904,
        "mag_err": 0.11573599999999999,
        "locus_id": "ZTF19adcdgca"
    },
    "41": {
        "mjd": 58877.30817130001,
        "passband": 2,
        "mag": 19.0675,
        "mag_err": 0.139825,
        "locus_id": "ZTF19adcdgca"
    },
    "42": {
        "mjd": 58878.306886599996,
        "passband": 2,
        "mag": 19.142,
        "mag_err": 0.129972,
        "locus_id": "ZTF19adcdgca"
    },
    "43": {
        "mjd": 58879.301412,
        "passband": 2,
        "mag": 19.0059,
        "mag_err": 0.12846400000000002,
        "locus_id": "ZTF19adcdgca"
    },
    "44": {
        "mjd": 58880.324375,
        "passband": 2,
        "mag": 19.1695,
        "mag_err": 0.108643,
        "locus_id": "ZTF19adcdgca"
    },
    "45": {
        "mjd": 58881.3248727,
        "passband": 2,
        "mag": 19.3434,
        "mag_err": 0.10217000000000001,
        "locus_id": "ZTF19adcdgca"
    },
    "46": {
        "mjd": 58882.1850694,
        "passband": 2,
        "mag": 19.3755,
        "mag_err": 0.19004400000000002,
        "locus_id": "ZTF19adcdgca"
    },
    "47": {
        "mjd": 58883.2794676,
        "passband": 2,
        "mag": 19.2816,
        "mag_err": 0.17985299999999999,
        "locus_id": "ZTF19adcdgca"
    },
    "48": {
        "mjd": 58884.2282176,
        "passband": 2,
        "mag": 19.4116,