{
    "0": {
        "mjd": 58508.5043634,
        "passband": 2,
        "mag": 19.6911,
        "mag_err": 0.250733,
        "locus_id": "ZTF19aafnfyc"
    },
    "1": {
        "mjd": 58511.51645830001,
        "passband": 1,
        "mag": 18.6356,
        "mag_err": 0.13713399999999998,
        "locus_id": "ZTF19aafnfyc"
    },
    "2": {
        "mjd": 58511.53563659999,
        "passband": 2,
        "mag": 19.0779,
        "mag_err": 0.150366,
        "locus_id": "ZTF19aafnfyc"
    },
    "3": {
        "mjd": 58522.473205999995,
        "passband": 1,
        "mag": 18.1534,
        "mag_err": 0.0520515,
        "locus_id": "ZTF19aafnfyc"
    },
    "4": {
        "mjd": 58522.51892359999,
        "passband": 1,
        "mag": 18.1792,
        "mag_err": 0.0493087,
        "locus_id": "ZTF19aafnfyc"
    },
    "5": {
        "mjd": 58522.54114580001,
        "passband": 2,
        "mag": 18.3261,
        "mag_err": 0.069995,
        "locus_id": "ZTF19aafnfyc"
    },
    "6": {
        "mjd": 58526.470358800005,
        "passband": 1,
        "mag": 18.2897,
        "mag_err": 0.0798053,
        "locus_id": "ZTF19aafnfyc"
    },
    "7": {
        "mjd": 58526.5076852,
        "passband": 2,
        "mag": 18.3886,
        "mag_err": 0.0758013,
        "locus_id": "ZTF19aafnfyc"
    },
    "8": {
        "mjd": 58538.4809144,
        "passband": 2,
        "mag": 18.9549,
        "mag_err": 0.176926,
        "locus_id": "ZTF19aafnfyc"
    },
    "9": {
        "mjd": 58541.419583300005,
        "passband": 1,
        "mag": 19.5473,
        "mag_err": 0.149505,
        "locus_id": "ZTF19aafnfyc"
    },
    "10": {
        "mjd": 58541.4818171,
        "passband": 2,
        "mag": 19.0414,
        "mag_err": 0.108521,
        "locus_id": "ZTF19aafnfyc"
    },
    "11": {
        "mjd": 58547.3574074,
        "passband": 1,
        "mag": 19.9646,
        "mag_err": 0.173327,
        "locus_id": "ZTF19aafnfyc"
    }
}