{
    "0": {
        "mjd": 58727.4420602,
        "passband": 1,
        "mag": 19.6867,
        "mag_err": 0.14164000000000002,
        "locus_id": "ZTF19abvgnxg"
    },
    "1": {
        "mjd": 58727.488588,
        "passband": 2,
        "mag": 19.8531,
        "mag_err": 0.150159,
        "locus_id": "ZTF19abvgnxg"
    },
    "2": {
        "mjd": 58730.4259722,
        "passband": 2,
        "mag": 19.3801,
        "mag_err": 0.124004,
        "locus_id": "ZTF19abvgnxg"
    },
    "3": {
        "mjd": 58733.4105324,
        "passband": 2,
        "mag": 19.1084,
        "mag_err": 0.09463060000000001,
        "locus_id": "ZTF19abvgnxg"
    },
    "4": {
        "mjd": 58733.4493519,
        "passband": 1,
        "mag": 18.8722,
        "mag_err": 0.0760778,
        "locus_id": "ZTF19abvgnxg"
    },
    "5": {
        "mjd": 58736.42729169999,
        "passband": 2,
        "mag": 18.8869,
        "mag_err": 0.09175889999999999,
        "locus_id": "ZTF19abvgnxg"
    },
    "6": {
        "mjd": 58736.4643519,
        "passband": 1,
        "mag": 18.8176,
        "mag_err": 0.0800153,
        "locus_id": "ZTF19abvgnxg"
    },
    "7": {
        "mjd": 58739.4177431,
        "passband": 2,
        "mag": 18.7618,
        "mag_err": 0.11025499999999999,
        "locus_id": "ZTF19abvgnxg"
    },
    "8": {
        "mjd": 58739.5135301,
        "passband": 1,
        "mag": 18.677,
        "mag_err": 0.12855,
        "locus_id": "ZTF19abvgnxg"
    },
    "9": {
        "mjd": 58743.3604398,
        "passband": 2,
        "mag": 18.7393,
        "mag_err": 0.131775,
        "locus_id": "ZTF19abvgnxg"
    },
    "10": {
        "mjd": 58743.4124306,
        "passband": 1,
        "mag": 18.7805,
        "mag_err": 0.16852,
        "locus_id": "ZTF19abvgnxg"
    },
    "11": {
        "mjd": 58746.389027799996,
        "passband": 1,
        "mag": 19.0068,
        "mag_err": 0.12269300000000001,
        "locus_id": "ZTF19abvgnxg"
    },
    "12": {
        "mjd": 58749.3049653,
        "passband": 2,
        "mag": 19.0179,
        "mag_err": 0.0829497,
        "locus_id": "ZTF19abvgnxg"
    },
    "13": {
        "mjd": 58749.3260301,
        "passband": 1,
        "mag": 19.0789,
        "mag_err": 0.0906429,
        "locus_id": "ZTF19abvgnxg"
    },
    "14": {
        "mjd": 58756.40439809999,
        "passband": 1,
        "mag": 19.7082,
        "mag_err": 0.16006199999999998,
        "locus_id": "ZTF19abvgnxg"
    },
    "15": {
        "mjd": 58759.3673611,
        "passband": 2,
        "mag": 19.4755,
        "mag_err": 0.09581,
        "locus_id": "ZTF19abvgnxg"
    },
    "16": {
        "mjd": 58759.4085069,
        "passband": 1,
        "mag": 20.0527,
        "mag_err": 0.151866,
        "locus_id": "ZTF19abvgnxg"
    },
    "17": {
        "mjd": 58763.338252300004,
        "passband": 2,
        "mag": 19.8246,
        "mag_err": 0.131529,
        "locus_id": "ZTF19abvgnxg"
    },
    "18": {
        "mjd": 58763.40125,
        "passband": 1,
        "mag": 20.3666,
        "mag_err": 0.241331,
        "locus_id": "ZTF19abvgnxg"
    },
    "19": {
        "mjd": 58775.1952546,
        "passband": 2,
        "mag": 20.0489,
        "mag_err": 0.177508,
        "locus_id": "ZTF19abvgnxg"
    }
}