{
    "0": {
        "mjd": 58598.2130324,
        "passband": 1,
        "mag": 20.1358,
        "mag_err": 0.20756100000000002,
        "locus_id": "ZTF19aatgaiq"
    },
    "1": {
        "mjd": 58605.1649653,
        "passband": 2,
        "mag": 17.8303,
        "mag_err": 0.0602259,
        "locus_id": "ZTF19aatgaiq"
    },
    "2": {
        "mjd": 58608.19120369999,
        "passband": 1,
        "mag": 17.5302,
        "mag_err": 0.055388099999999996,
        "locus_id": "ZTF19aatgaiq"
    },
    "3": {
        "mjd": 58608.2177546,
        "passband": 2,
        "mag": 17.5114,
        "mag_err": 0.052932299999999995,
        "locus_id": "ZTF19aatgaiq"
    },
    "4": {
        "mjd": 58617.23335650001,
        "passband": 2,
        "mag": 17.3364,
        "mag_err": 0.052506,
        "locus_id": "ZTF19aatgaiq"
    }
}