{
    "0": {
        "mjd": 58337.3910648,
        "passband": 1,
        "mag": 19.1813,
        "mag_err": 0.120621,
        "locus_id": "ZTF18ablwgop"
    },
    "1": {
        "mjd": 58340.3609954,
        "passband": 1,
        "mag": 19.0108,
        "mag_err": 0.20345,
        "locus_id": "ZTF18ablwgop"
    },
    "2": {
        "mjd": 58343.4146875,
        "passband": 1,
        "mag": 18.9266,
        "mag_err": 0.0958928,
        "locus_id": "ZTF18ablwgop"
    },
    "3": {
        "mjd": 58346.34416669999,
        "passband": 1,
        "mag": 18.9596,
        "mag_err": 0.111795,
        "locus_id": "ZTF18ablwgop"
    },
    "4": {
        "mjd": 58349.3826389,
        "passband": 1,
        "mag": 19.1664,
        "mag_err": 0.110077,
        "locus_id": "ZTF18ablwgop"
    },
    "5": {
        "mjd": 58364.2652778,
        "passband": 1,
        "mag": 20.1814,
        "mag_err": 0.193794,
        "locus_id": "ZTF18ablwgop"
    },
    "6": {
        "mjd": 58367.28917819999,
        "passband": 1,
        "mag": 20.3681,
        "mag_err": 0.21327100000000002,
        "locus_id": "ZTF18ablwgop"
    },
    "7": {
        "mjd": 58665.434861099995,
        "passband": 2,
        "mag": 20.8437,
        "mag_err": 0.23699,
        "locus_id": "ZTF18ablwgop"
    },
    "8": {
        "mjd": 58668.3617824,
        "passband": 2,
        "mag": 20.6824,
        "mag_err": 0.256342,
        "locus_id": "ZTF18ablwgop"
    },
    "9": {
        "mjd": 58674.469791699994,
        "passband": 2,
        "mag": 20.8405,
        "mag_err": 0.284536,
        "locus_id": "ZTF18ablwgop"
    },
    "10": {
        "mjd": 58690.405625,
        "passband": 2,
        "mag": 20.8706,
        "mag_err": 0.212862,
        "locus_id": "ZTF18ablwgop"
    }
}