{
    "0": {
        "mjd": 58679.4803356,
        "passband": 2,
        "mag": 19.4496,
        "mag_err": 0.147775,
        "locus_id": "ZTF19abgmxwn"
    },
    "1": {
        "mjd": 58690.3968171,
        "passband": 2,
        "mag": 18.5876,
        "mag_err": 0.0852807,
        "locus_id": "ZTF19abgmxwn"
    },
    "2": {
        "mjd": 58693.39866900001,
        "passband": 1,
        "mag": 18.9014,
        "mag_err": 0.127549,
        "locus_id": "ZTF19abgmxwn"
    },
    "3": {
        "mjd": 58698.415787,
        "passband": 2,
        "mag": 18.9635,
        "mag_err": 0.11643599999999998,
        "locus_id": "ZTF19abgmxwn"
    },
    "4": {
        "mjd": 58705.392419,
        "passband": 1,
        "mag": 20.1709,
        "mag_err": 0.24218,
        "locus_id": "ZTF19abgmxwn"
    },
    "5": {
        "mjd": 58705.4400347,
        "passband": 2,
        "mag": 19.2242,
        "mag_err": 0.135037,
        "locus_id": "ZTF19abgmxwn"
    },
    "6": {
        "mjd": 58716.36605319999,
        "passband": 2,
        "mag": 19.5766,
        "mag_err": 0.207208,
        "locus_id": "ZTF19abgmxwn"
    }
}