{
    "0": {
        "mjd": 58427.09813659999,
        "passband": 2,
        "mag": 19.0943,
        "mag_err": 0.195655,
        "locus_id": "ZTF18accfjmp"
    },
    "1": {
        "mjd": 58430.099259300005,
        "passband": 2,
        "mag": 18.9338,
        "mag_err": 0.0927148,
        "locus_id": "ZTF18accfjmp"
    },
    "2": {
        "mjd": 58430.1158449,
        "passband": 1,
        "mag": 18.8028,
        "mag_err": 0.0775661,
        "locus_id": "ZTF18accfjmp"
    },
    "3": {
        "mjd": 58433.09579859999,
        "passband": 2,
        "mag": 18.8041,
        "mag_err": 0.113429,
        "locus_id": "ZTF18accfjmp"
    },
    "4": {
        "mjd": 58433.1324421,
        "passband": 1,
        "mag": 18.6856,
        "mag_err": 0.168416,
        "locus_id": "ZTF18accfjmp"
    },
    "5": {
        "mjd": 58492.5540972,
        "passband": 1,
        "mag": 19.4254,
        "mag_err": 0.21300100000000002,
        "locus_id": "ZTF18accfjmp"
    },
    "6": {
        "mjd": 58526.5342593,
        "passband": 2,
        "mag": 19.344,
        "mag_err": 0.13256500000000002,
        "locus_id": "ZTF18accfjmp"
    }
}