{
    "0": {
        "mjd": 58705.15695599999,
        "passband": 2,
        "mag": 19.0379,
        "mag_err": 0.11188699999999999,
        "locus_id": "ZTF19abovstj"
    },
    "1": {
        "mjd": 58708.159606500005,
        "passband": 1,
        "mag": 18.2793,
        "mag_err": 0.07998730000000001,
        "locus_id": "ZTF19abovstj"
    },
    "2": {
        "mjd": 58712.241539400005,
        "passband": 2,
        "mag": 18.3131,
        "mag_err": 0.09500900000000001,
        "locus_id": "ZTF19abovstj"
    },
    "3": {
        "mjd": 58715.1598148,
        "passband": 1,
        "mag": 18.2188,
        "mag_err": 0.081443,
        "locus_id": "ZTF19abovstj"
    },
    "4": {
        "mjd": 58718.1605093,
        "passband": 1,
        "mag": 18.3294,
        "mag_err": 0.0793373,
        "locus_id": "ZTF19abovstj"
    },
    "5": {
        "mjd": 58723.1576273,
        "passband": 1,
        "mag": 18.4087,
        "mag_err": 0.0941798,
        "locus_id": "ZTF19abovstj"
    },
    "6": {
        "mjd": 58726.1583449,
        "passband": 1,
        "mag": 18.5107,
        "mag_err": 0.101597,
        "locus_id": "ZTF19abovstj"
    },
    "7": {
        "mjd": 58734.1292477,
        "passband": 2,
        "mag": 18.4744,
        "mag_err": 0.08537239999999999,
        "locus_id": "ZTF19abovstj"
    },
    "8": {
        "mjd": 58734.175544000005,
        "passband": 1,
        "mag": 18.8416,
        "mag_err": 0.115317,
        "locus_id": "ZTF19abovstj"
    },
    "9": {
        "mjd": 58737.1793287,
        "passband": 2,
        "mag": 18.3891,
        "mag_err": 0.09501110000000001,
        "locus_id": "ZTF19abovstj"
    },
    "10": {
        "mjd": 58749.1204398,
        "passband": 2,
        "mag": 18.5663,
        "mag_err": 0.07684810000000002,
        "locus_id": "ZTF19abovstj"
    },
    "11": {
        "mjd": 58749.1365856,
        "passband": 1,
        "mag": 19.1969,
        "mag_err": 0.14610599999999999,
        "locus_id": "ZTF19abovstj"
    },
    "12": {
        "mjd": 58761.11217590001,
        "passband": 2,
        "mag": 18.8579,
        "mag_err": 0.134985,
        "locus_id": "ZTF19abovstj"
    }
}