{
    "0": {
        "mjd": 58768.124039400005,
        "passband": 2,
        "mag": 18.813,
        "mag_err": 0.12356199999999999,
        "locus_id": "ZTF19acekreh"
    },
    "1": {
        "mjd": 58769.093078699996,
        "passband": 2,
        "mag": 18.3419,
        "mag_err": 0.0917412,
        "locus_id": "ZTF19acekreh"
    },
    "2": {
        "mjd": 58769.2027662,
        "passband": 1,
        "mag": 18.0904,
        "mag_err": 0.135108,
        "locus_id": "ZTF19acekreh"
    },
    "3": {
        "mjd": 58771.1037153,
        "passband": 2,
        "mag": 17.7003,
        "mag_err": 0.05457669999999999,
        "locus_id": "ZTF19acekreh"
    },
    "4": {
        "mjd": 58771.1124421,
        "passband": 1,
        "mag": 17.4866,
        "mag_err": 0.0510235,
        "locus_id": "ZTF19acekreh"
    },
    "5": {
        "mjd": 58772.12089119999,
        "passband": 1,
        "mag": 17.2476,
        "mag_err": 0.053348900000000005,
        "locus_id": "ZTF19acekreh"
    },
    "6": {
        "mjd": 58775.095729199995,
        "passband": 2,
        "mag": 16.9758,
        "mag_err": 0.0469912,
        "locus_id": "ZTF19acekreh"
    },
    "7": {
        "mjd": 58775.0999306,
        "passband": 2,
        "mag": 17.0206,
        "mag_err": 0.0601586,
        "locus_id": "ZTF19acekreh"
    },
    "8": {
        "mjd": 58775.1157755,
        "passband": 1,
        "mag": 16.8264,
        "mag_err": 0.0418161,
        "locus_id": "ZTF19acekreh"
    },
    "9": {
        "mjd": 58775.1199653,
        "passband": 1,
        "mag": 16.7792,
        "mag_err": 0.0399367,
        "locus_id": "ZTF19acekreh"
    },
    "10": {
        "mjd": 58778.1199074,
        "passband": 1,
        "mag": 16.5686,
        "mag_err": 0.0463496,
        "locus_id": "ZTF19acekreh"
    },
    "11": {
        "mjd": 58778.1208102,
        "passband": 1,
        "mag": 16.5669,
        "mag_err": 0.0424397,
        "locus_id": "ZTF19acekreh"
    },
    "12": {
        "mjd": 58781.09295140001,
        "passband": 2,
        "mag": 16.6977,
        "mag_err": 0.0397533,
        "locus_id": "ZTF19acekreh"
    },
    "13": {
        "mjd": 58781.09386569999,
        "passband": 2,
        "mag": 16.745,
        "mag_err": 0.050366900000000006,
        "locus_id": "ZTF19acekreh"
    },
    "14": {
        "mjd": 58781.1144444,
        "passband": 1,
        "mag": 16.4762,
        "mag_err": 0.0414174,
        "locus_id": "ZTF19acekreh"
    },
    "15": {
        "mjd": 58781.115833300006,
        "passband": 1,
        "mag": 16.4821,
        "mag_err": 0.0451641,
        "locus_id": "ZTF19acekreh"
    },
    "16": {
        "mjd": 58785.11730319999,
        "passband": 1,
        "mag": 16.5628,
        "mag_err": 0.032727,
        "locus_id": "ZTF19acekreh"
    },
    "17": {
        "mjd": 58785.11820599999,
        "passband": 1,
        "mag": 16.5224,
        "mag_err": 0.0361789,
        "locus_id": "ZTF19acekreh"
    },
    "18": {
        "mjd": 58789.1234954,
        "passband": 1,
        "mag": 16.7156,
        "mag_err": 0.049408999999999995,
        "locus_id": "ZTF19acekreh"
    },
    "19": {
        "mjd": 58789.1239699,
        "passband": 1,
        "mag": 16.7372,
        "mag_err": 0.03644240000000001,
        "locus_id": "ZTF19acekreh"
    },
    "20": {
        "mjd": 58792.111898099996,
        "passband": 2,
        "mag": 17.0423,
        "mag_err": 0.0587682,
        "locus_id": "ZTF19acekreh"
    },
    "21": {
        "mjd": 58792.11280090001,
        "passband": 2,
        "mag": 17.0826,
        "mag_err": 0.051193199999999994,
        "locus_id": "ZTF19acekreh"
    },
    "22": {
        "mjd": 58795.0790972,
        "passband": 2,
        "mag": 17.2916,
        "mag_err": 0.061591,
        "locus_id": "ZTF19acekreh"
    },
    "23": {
        "mjd": 58795.11114580001,
        "passband": 1,
        "mag": 17.1131,
        "mag_err": 0.045388599999999994,
        "locus_id": "ZTF19acekreh"
    },
    "24": {
        "mjd": 58798.10302080001,
        "passband": 1,
        "mag": 17.3856,
        "mag_err": 0.0641716,
        "locus_id": "ZTF19acekreh"
    },
    "25": {
        "mjd": 58805.0775926,
        "passband": 2,
        "mag": 17.5481,
        "mag_err": 0.059598000000000005,
        "locus_id": "ZTF19acekreh"
    },
    "26": {
        "mjd": 58805.10135419999,
        "passband": 1,
        "mag": 18.1155,
        "mag_err": 0.12493499999999999,
        "locus_id": "ZTF19acekreh"
    },
    "27": {
        "mjd": 58837.5514699,
        "passband": 1,
        "mag": 19.2474,
        "mag_err": 0.346391,
        "locus_id": "ZTF19acekreh"
    },
    "28": {
        "mjd": 58851.55197919999,
        "passband": 1,
        "mag": 19.8693,
        "mag_err": 0.23199099999999998,
        "locus_id": "ZTF19acekreh"
    },
    "29": {
        "mjd": 58851.5571528,
        "passband": 1,
        "mag": 19.7251,
        "mag_err": 0.15828399999999998,
        "locus_id": "ZTF19acekreh"
    },
    "30": {
        "mjd": 58854.5564005,
        "passband": 1,
        "mag": 19.8138,
        "mag_err": 0.307154,
        "locus_id": "ZTF19acekreh"
    },
    "31": {
        "mjd": 58854.57151619999,
        "passband": 2,
        "mag": 19.2825,
        "mag_err": 0.264871,
        "locus_id": "ZTF19acekreh"
    },
    "32": {
        "mjd": 58854.5790278,
        "passband": 2,
        "mag": 19.1619,
        "mag_err": 0.252788,
        "locus_id": "ZTF19acekreh"
    },
    "33": {
        "mjd": 58864.466226900004,
        "passband": 1,
        "mag": 19.7393,
        "mag_err": 0.205078,
        "locus_id": "ZTF19acekreh"
    },
    "34": {
        "mjd": 58864.5162153,
        "passband": 2,
        "mag": 19.8163,
        "mag_err": 0.157627,
        "locus_id": "ZTF19acekreh"
    },
    "35": {
        "mjd": 58872.56625,
        "passband": 2,
        "mag": 19.9868,
        "mag_err": 0.204184,
        "locus_id": "ZTF19acekreh"
    },
    "36": {
        "mjd": 58873.530960599994,
        "passband": 2,
        "mag": 19.8596,
        "mag_err": 0.21742399999999998,
        "locus_id": "ZTF19acekreh"
    },
    "37": {
        "mjd": 58873.55188659999,
        "passband": 1,
        "mag": 20.0173,
        "mag_err": 0.18036,
        "locus_id": "ZTF19acekreh"
    },
    "38": {
        "mjd": 58875.48645830001,
        "passband": 1,
        "mag": 20.0272,
        "mag_err": 0.203817,
        "locus_id": "ZTF19acekreh"
    },
    "39": {
        "mjd": 58875.5443056,
        "passband": 2,
        "mag": 19.9969,
        "mag_err": 0.201428,
        "locus_id": "ZTF19acekreh"
    },
    "40": {
        "mjd": 58876.5335301,
        "passband": 1,
        "mag": 20.0338,
        "mag_err": 0.181273,
        "locus_id": "ZTF19acekreh"
    },
    "41": {
        "mjd": 58876.5335301,
        "passband": 1,
        "mag": 20.0393,
        "mag_err": 0.182456,
        "locus_id": "ZTF19acekreh"
    },
    "42": {
        "mjd": 58878.537708300006,
        "passband": 1,
        "mag": 20.382,
        "mag_err": 0.279343,
        "locus_id": "ZTF19acekreh"
    },
    "43": {
        "mjd": 58879.513321800005,
        "passband": 1,
        "mag": 20.1789,
        "mag_err": 0.33062600000000003,
        "locus_id": "ZTF19acekreh"
    },
    "44": {
        "mjd": 58881.5489352,
        "passband": 2,
        "mag": 20.3275,
        "mag_err": 0.24458200000000002,
        "locus_id": "ZTF19acekreh"
    },
    "45": {
        "mjd": 58886.5579977,
        "passband": 2,
        "mag": 20.2727,
        "mag_err": 0.292756,
        "locus_id": "ZTF19acekreh"
    },
    "46": {
        "mjd": 58887.5433796,
        "passband": 2,
        "mag": 20.4786,
        "mag_err": 0.279545,
        "locus_id": "ZTF19acekreh"
    },
    "47": {
        "mjd": 58893.4894676,
        "passband": 1,
        "mag": 20.2361,
        "mag_err": 0.333054,
        "locus_id": "ZTF19acekreh"
    },
    "48": {
        "mjd": 58893.5431134,