{
    "0": {
        "mjd": 58526.4487731,
        "passband": 1,
        "mag": 19.5265,
        "mag_err": 0.146688,
        "locus_id": "ZTF19aajwhbc"
    },
    "1": {
        "mjd": 58534.38289349999,
        "passband": 2,
        "mag": 18.9705,
        "mag_err": 0.197292,
        "locus_id": "ZTF19aajwhbc"
    },
    "2": {
        "mjd": 58538.3512153,
        "passband": 2,
        "mag": 18.744,
        "mag_err": 0.21832100000000002,
        "locus_id": "ZTF19aajwhbc"
    },
    "3": {
        "mjd": 58543.35045140001,
        "passband": 2,
        "mag": 18.9279,
        "mag_err": 0.091364,
        "locus_id": "ZTF19aajwhbc"
    },
    "4": {
        "mjd": 58546.2613194,
        "passband": 1,
        "mag": 19.1024,
        "mag_err": 0.133703,
        "locus_id": "ZTF19aajwhbc"
    }
}