{
    "0": {
        "mjd": 58278.30675930001,
        "passband": 2,
        "mag": 19.5533,
        "mag_err": 0.09943769999999999,
        "locus_id": "ZTF18aaydmkh"
    },
    "1": {
        "mjd": 58278.3700347,
        "passband": 1,
        "mag": 19.7273,
        "mag_err": 0.08359730000000001,
        "locus_id": "ZTF18aaydmkh"
    },
    "2": {
        "mjd": 58281.2807523,
        "passband": 1,
        "mag": 19.3457,
        "mag_err": 0.0598675,
        "locus_id": "ZTF18aaydmkh"
    },
    "3": {
        "mjd": 58281.3404051,
        "passband": 2,
        "mag": 19.1728,
        "mag_err": 0.0681985,
        "locus_id": "ZTF18aaydmkh"
    },
    "4": {
        "mjd": 58284.25894680001,
        "passband": 1,
        "mag": 19.1225,
        "mag_err": 0.05429969999999999,
        "locus_id": "ZTF18aaydmkh"
    },
    "5": {
        "mjd": 58284.32186340001,
        "passband": 2,
        "mag": 18.7378,
        "mag_err": 0.0744784,
        "locus_id": "ZTF18aaydmkh"
    },
    "6": {
        "mjd": 58287.3200347,
        "passband": 2,
        "mag": 18.956,
        "mag_err": 0.0525717,
        "locus_id": "ZTF18aaydmkh"
    },
    "7": {
        "mjd": 58290.24395830001,
        "passband": 1,
        "mag": 19.1219,
        "mag_err": 0.118674,
        "locus_id": "ZTF18aaydmkh"
    },
    "8": {
        "mjd": 58290.348044000006,
        "passband": 2,
        "mag": 18.9295,
        "mag_err": 0.101912,
        "locus_id": "ZTF18aaydmkh"
    },
    "9": {
        "mjd": 58293.2584722,
        "passband": 2,
        "mag": 18.9643,
        "mag_err": 0.104109,
        "locus_id": "ZTF18aaydmkh"
    },
    "10": {
        "mjd": 58297.33114580001,
        "passband": 2,
        "mag": 19.1894,
        "mag_err": 0.15945399999999998,
        "locus_id": "ZTF18aaydmkh"
    },
    "11": {
        "mjd": 58300.2167245,
        "passband": 1,
        "mag": 19.7833,
        "mag_err": 0.150397,
        "locus_id": "ZTF18aaydmkh"
    },
    "12": {
        "mjd": 58300.3266435,
        "passband": 2,
        "mag": 19.2562,
        "mag_err": 0.135468,
        "locus_id": "ZTF18aaydmkh"
    },
    "13": {
        "mjd": 58314.1983796,
        "passband": 2,
        "mag": 19.7299,
        "mag_err": 0.158559,
        "locus_id": "ZTF18aaydmkh"
    }
}