{
    "0": {
        "mjd": 58658.4629051,
        "passband": 1,
        "mag": 19.9493,
        "mag_err": 0.21235700000000002,
        "locus_id": "ZTF19abatvit"
    },
    "1": {
        "mjd": 58661.42405090001,
        "passband": 2,
        "mag": 19.6573,
        "mag_err": 0.15517999999999998,
        "locus_id": "ZTF19abatvit"
    },
    "2": {
        "mjd": 58661.459976900005,
        "passband": 1,
        "mag": 19.3788,
        "mag_err": 0.13366199999999998,
        "locus_id": "ZTF19abatvit"
    },
    "3": {
        "mjd": 58665.43863430001,
        "passband": 2,
        "mag": 19.1433,
        "mag_err": 0.08835239999999998,
        "locus_id": "ZTF19abatvit"
    },
    "4": {
        "mjd": 58665.4803125,
        "passband": 1,
        "mag": 19.0415,
        "mag_err": 0.0907857,
        "locus_id": "ZTF19abatvit"
    },
    "5": {
        "mjd": 58668.3747222,
        "passband": 2,
        "mag": 19.102999999999998,
        "mag_err": 0.0953054,
        "locus_id": "ZTF19abatvit"
    },
    "6": {
        "mjd": 58668.4455324,
        "passband": 1,
        "mag": 18.9707,
        "mag_err": 0.08665489999999999,
        "locus_id": "ZTF19abatvit"
    },
    "7": {
        "mjd": 58674.4619444,
        "passband": 2,
        "mag": 19.0336,
        "mag_err": 0.0908814,
        "locus_id": "ZTF19abatvit"
    },
    "8": {
        "mjd": 58690.381134300005,
        "passband": 2,
        "mag": 19.7791,
        "mag_err": 0.146597,
        "locus_id": "ZTF19abatvit"
    }
}