{
    "0": {
        "mjd": 58690.39954859999,
        "passband": 2,
        "mag": 19.8297,
        "mag_err": 0.140043,
        "locus_id": "ZTF19abipmfl"
    },
    "1": {
        "mjd": 58690.45427080001,
        "passband": 1,
        "mag": 19.9054,
        "mag_err": 0.149453,
        "locus_id": "ZTF19abipmfl"
    },
    "2": {
        "mjd": 58693.3924306,
        "passband": 2,
        "mag": 19.2481,
        "mag_err": 0.08560119999999999,
        "locus_id": "ZTF19abipmfl"
    },
    "3": {
        "mjd": 58693.4170602,
        "passband": 1,
        "mag": 19.5415,
        "mag_err": 0.106706,
        "locus_id": "ZTF19abipmfl"
    },
    "4": {
        "mjd": 58695.4354398,
        "passband": 1,
        "mag": 19.4757,
        "mag_err": 0.106752,
        "locus_id": "ZTF19abipmfl"
    },
    "5": {
        "mjd": 58696.37736109999,
        "passband": 2,
        "mag": 18.967,
        "mag_err": 0.0848248,
        "locus_id": "ZTF19abipmfl"
    },
    "6": {
        "mjd": 58696.4013773,
        "passband": 1,
        "mag": 19.3561,
        "mag_err": 0.0939663,
        "locus_id": "ZTF19abipmfl"
    },
    "7": {
        "mjd": 58702.3801157,
        "passband": 2,
        "mag": 18.7978,
        "mag_err": 0.0993005,
        "locus_id": "ZTF19abipmfl"
    },
    "8": {
        "mjd": 58705.44511569999,
        "passband": 2,
        "mag": 18.9322,
        "mag_err": 0.0720798,
        "locus_id": "ZTF19abipmfl"
    },
    "9": {
        "mjd": 58708.4191898,
        "passband": 1,
        "mag": 19.8224,
        "mag_err": 0.244979,
        "locus_id": "ZTF19abipmfl"
    },
    "10": {
        "mjd": 58708.5027546,
        "passband": 2,
        "mag": 19.1217,
        "mag_err": 0.0932236,
        "locus_id": "ZTF19abipmfl"
    },
    "11": {
        "mjd": 58717.3324653,
        "passband": 2,
        "mag": 19.6657,
        "mag_err": 0.154727,
        "locus_id": "ZTF19abipmfl"
    }
}