{
    "0": {
        "mjd": 58712.3761921,
        "passband": 2,
        "mag": 19.363,
        "mag_err": 0.244511,
        "locus_id": "ZTF19abqwsuf"
    },
    "1": {
        "mjd": 58716.3888079,
        "passband": 2,
        "mag": 18.8222,
        "mag_err": 0.09079830000000001,
        "locus_id": "ZTF19abqwsuf"
    },
    "2": {
        "mjd": 58717.41158559999,
        "passband": 1,
        "mag": 18.9401,
        "mag_err": 0.08516610000000001,
        "locus_id": "ZTF19abqwsuf"
    },
    "3": {
        "mjd": 58721.314213,
        "passband": 2,
        "mag": 18.4071,
        "mag_err": 0.13667200000000002,
        "locus_id": "ZTF19abqwsuf"
    },
    "4": {
        "mjd": 58725.37098380001,
        "passband": 1,
        "mag": 19.2424,
        "mag_err": 0.0862433,
        "locus_id": "ZTF19abqwsuf"
    },
    "5": {
        "mjd": 58730.331088,
        "passband": 1,
        "mag": 19.477,
        "mag_err": 0.10545299999999999,
        "locus_id": "ZTF19abqwsuf"
    },
    "6": {
        "mjd": 58730.3825347,
        "passband": 2,
        "mag": 18.5595,
        "mag_err": 0.0562649,
        "locus_id": "ZTF19abqwsuf"
    },
    "7": {
        "mjd": 58733.374675900006,
        "passband": 1,
        "mag": 19.7304,
        "mag_err": 0.10351500000000001,
        "locus_id": "ZTF19abqwsuf"
    },
    "8": {
        "mjd": 58736.400763900005,
        "passband": 2,
        "mag": 18.9069,
        "mag_err": 0.112528,
        "locus_id": "ZTF19abqwsuf"
    },
    "9": {
        "mjd": 58741.1712847,
        "passband": 2,
        "mag": 19.0955,
        "mag_err": 0.251037,
        "locus_id": "ZTF19abqwsuf"
    },
    "10": {
        "mjd": 58743.17236109999,
        "passband": 2,
        "mag": 19.2077,
        "mag_err": 0.17802,
        "locus_id": "ZTF19abqwsuf"
    },
    "11": {
        "mjd": 58744.1713773,
        "passband": 2,
        "mag": 19.2052,
        "mag_err": 0.099617,
        "locus_id": "ZTF19abqwsuf"
    },
    "12": {
        "mjd": 58744.1999306,
        "passband": 1,
        "mag": 20.1349,
        "mag_err": 0.28139699999999995,
        "locus_id": "ZTF19abqwsuf"
    },
    "13": {
        "mjd": 58745.17148150001,
        "passband": 2,
        "mag": 19.4938,
        "mag_err": 0.12333499999999999,
        "locus_id": "ZTF19abqwsuf"
    },
    "14": {
        "mjd": 58745.200080999995,
        "passband": 1,
        "mag": 20.3903,
        "mag_err": 0.261185,
        "locus_id": "ZTF19abqwsuf"
    },
    "15": {
        "mjd": 58746.19601849999,
        "passband": 2,
        "mag": 19.4198,
        "mag_err": 0.140704,
        "locus_id": "ZTF19abqwsuf"
    },
    "16": {
        "mjd": 58747.17138890001,
        "passband": 2,
        "mag": 19.549,
        "mag_err": 0.126201,
        "locus_id": "ZTF19abqwsuf"
    },
    "17": {
        "mjd": 58748.170520800006,
        "passband": 2,
        "mag": 19.5174,
        "mag_err": 0.15138800000000002,
        "locus_id": "ZTF19abqwsuf"
    },
    "18": {
        "mjd": 58749.172037000004,
        "passband": 2,
        "mag": 19.5718,
        "mag_err": 0.11866600000000001,
        "locus_id": "ZTF19abqwsuf"
    },
    "19": {
        "mjd": 58750.172338,
        "passband": 2,
        "mag": 19.6492,
        "mag_err": 0.232023,
        "locus_id": "ZTF19abqwsuf"
    },
    "20": {
        "mjd": 58751.169976900004,
        "passband": 2,
        "mag": 19.7102,
        "mag_err": 0.157949,
        "locus_id": "ZTF19abqwsuf"
    },
    "21": {
        "mjd": 58754.1696528,
        "passband": 2,
        "mag": 19.7528,
        "mag_err": 0.17394600000000002,
        "locus_id": "ZTF19abqwsuf"
    },
    "22": {
        "mjd": 58758.178831,
        "passband": 2,
        "mag": 19.9774,
        "mag_err": 0.161396,
        "locus_id": "ZTF19abqwsuf"
    },
    "23": {
        "mjd": 58760.17126159999,
        "passband": 2,
        "mag": 19.9031,
        "mag_err": 0.198077,
        "locus_id": "ZTF19abqwsuf"
    },
    "24": {
        "mjd": 58761.170277799996,
        "passband": 2,
        "mag": 19.7836,
        "mag_err": 0.155819,
        "locus_id": "ZTF19abqwsuf"
    },
    "25": {
        "mjd": 58762.17002309999,
        "passband": 2,
        "mag": 20.0334,
        "mag_err": 0.1598,
        "locus_id": "ZTF19abqwsuf"
    },
    "26": {
        "mjd": 58763.1713426,
        "passband": 2,
        "mag": 19.9763,
        "mag_err": 0.184524,
        "locus_id": "ZTF19abqwsuf"
    },
    "27": {
        "mjd": 58764.4029167,
        "passband": 2,
        "mag": 20.0606,
        "mag_err": 0.201483,
        "locus_id": "ZTF19abqwsuf"
    }
}