{
    "0": {
        "mjd": 58469.1876273,
        "passband": 1,
        "mag": 18.6406,
        "mag_err": 0.125322,
        "locus_id": "ZTF18acxijqw"
    },
    "1": {
        "mjd": 58469.1947685,
        "passband": 2,
        "mag": 18.684,
        "mag_err": 0.119701,
        "locus_id": "ZTF18acxijqw"
    },
    "2": {
        "mjd": 58472.12129630001,
        "passband": 2,
        "mag": 18.5476,
        "mag_err": 0.06867589999999998,
        "locus_id": "ZTF18acxijqw"
    },
    "3": {
        "mjd": 58472.18401619999,
        "passband": 1,
        "mag": 18.5225,
        "mag_err": 0.0980686,
        "locus_id": "ZTF18acxijqw"
    },
    "4": {
        "mjd": 58475.098958300005,
        "passband": 1,
        "mag": 18.3748,
        "mag_err": 0.0636981,
        "locus_id": "ZTF18acxijqw"
    },
    "5": {
        "mjd": 58475.1523843,
        "passband": 2,
        "mag": 18.4447,
        "mag_err": 0.0540312,
        "locus_id": "ZTF18acxijqw"
    },
    "6": {
        "mjd": 58481.30232640001,
        "passband": 2,
        "mag": 18.2805,
        "mag_err": 0.135187,
        "locus_id": "ZTF18acxijqw"
    },
    "7": {
        "mjd": 58483.1206366,
        "passband": 1,
        "mag": 18.6825,
        "mag_err": 0.08720139999999998,
        "locus_id": "ZTF18acxijqw"
    },
    "8": {
        "mjd": 58486.1097454,
        "passband": 2,
        "mag": 18.5932,
        "mag_err": 0.06553969999999999,
        "locus_id": "ZTF18acxijqw"
    },
    "9": {
        "mjd": 58490.1107176,
        "passband": 1,
        "mag": 19.1234,
        "mag_err": 0.11906800000000001,
        "locus_id": "ZTF18acxijqw"
    },
    "10": {
        "mjd": 58490.1306944,
        "passband": 2,
        "mag": 18.679000000000002,
        "mag_err": 0.10450799999999999,
        "locus_id": "ZTF18acxijqw"
    },
    "11": {
        "mjd": 58493.114537,
        "passband": 2,
        "mag": 18.8794,
        "mag_err": 0.0768999,
        "locus_id": "ZTF18acxijqw"
    },
    "12": {
        "mjd": 58493.182326400005,
        "passband": 1,
        "mag": 19.5428,
        "mag_err": 0.12626600000000002,
        "locus_id": "ZTF18acxijqw"
    }
}