{
    "0": {
        "mjd": 58828.5572569,
        "passband": 1,
        "mag": 17.8628,
        "mag_err": 0.05128340000000001,
        "locus_id": "ZTF19acxysob"
    },
    "1": {
        "mjd": 58831.5589468,
        "passband": 1,
        "mag": 17.8103,
        "mag_err": 0.0814767,
        "locus_id": "ZTF19acxysob"
    },
    "2": {
        "mjd": 58833.4996412,
        "passband": 2,
        "mag": 17.7956,
        "mag_err": 0.0714893,
        "locus_id": "ZTF19acxysob"
    },
    "3": {
        "mjd": 58835.4917477,
        "passband": 2,
        "mag": 17.8948,
        "mag_err": 0.0530899,
        "locus_id": "ZTF19acxysob"
    },
    "4": {
        "mjd": 58838.491307899996,
        "passband": 1,
        "mag": 17.9881,
        "mag_err": 0.09435639999999999,
        "locus_id": "ZTF19acxysob"
    },
    "5": {
        "mjd": 58838.5623611,
        "passband": 2,
        "mag": 18.0265,
        "mag_err": 0.134277,
        "locus_id": "ZTF19acxysob"
    },
    "6": {
        "mjd": 58846.56054400001,
        "passband": 1,
        "mag": 18.6414,
        "mag_err": 0.0630965,
        "locus_id": "ZTF19acxysob"
    },
    "7": {
        "mjd": 58852.5346644,
        "passband": 1,
        "mag": 19.1768,
        "mag_err": 0.091397,
        "locus_id": "ZTF19acxysob"
    },
    "8": {
        "mjd": 58852.5502546,
        "passband": 2,
        "mag": 18.6908,
        "mag_err": 0.067224,
        "locus_id": "ZTF19acxysob"
    },
    "9": {
        "mjd": 58852.574294000005,
        "passband": 2,
        "mag": 18.611,
        "mag_err": 0.0599111,
        "locus_id": "ZTF19acxysob"
    },
    "10": {
        "mjd": 58855.4997569,
        "passband": 1,
        "mag": 19.4885,
        "mag_err": 0.0919777,
        "locus_id": "ZTF19acxysob"
    },
    "11": {
        "mjd": 58855.55158559999,
        "passband": 2,
        "mag": 18.6921,
        "mag_err": 0.079316,
        "locus_id": "ZTF19acxysob"
    },
    "12": {
        "mjd": 58859.4717245,
        "passband": 2,
        "mag": 18.6058,
        "mag_err": 0.0810472,
        "locus_id": "ZTF19acxysob"
    },
    "13": {
        "mjd": 58862.410231500005,
        "passband": 2,
        "mag": 18.8059,
        "mag_err": 0.11313699999999999,
        "locus_id": "ZTF19acxysob"
    },
    "14": {
        "mjd": 58867.450625,
        "passband": 1,
        "mag": 20.297,
        "mag_err": 0.22889,
        "locus_id": "ZTF19acxysob"
    },
    "15": {
        "mjd": 58867.49361109999,
        "passband": 2,
        "mag": 18.994,
        "mag_err": 0.0929314,
        "locus_id": "ZTF19acxysob"
    },
    "16": {
        "mjd": 58872.4300579,
        "passband": 1,
        "mag": 20.4692,
        "mag_err": 0.20592,
        "locus_id": "ZTF19acxysob"
    },
    "17": {
        "mjd": 58872.54807869999,
        "passband": 2,
        "mag": 19.3794,
        "mag_err": 0.136642,
        "locus_id": "ZTF19acxysob"
    },
    "18": {
        "mjd": 58875.4686921,
        "passband": 1,
        "mag": 20.651,
        "mag_err": 0.308256,
        "locus_id": "ZTF19acxysob"
    },
    "19": {
        "mjd": 58875.5335995,
        "passband": 2,
        "mag": 19.4586,
        "mag_err": 0.11993599999999999,
        "locus_id": "ZTF19acxysob"
    },
    "20": {
        "mjd": 58878.5128704,
        "passband": 1,
        "mag": 20.5459,
        "mag_err": 0.309053,
        "locus_id": "ZTF19acxysob"
    },
    "21": {
        "mjd": 58878.5477199,
        "passband": 2,
        "mag": 19.549,
        "mag_err": 0.251081,
        "locus_id": "ZTF19acxysob"
    },
    "22": {
        "mjd": 58881.490266199995,
        "passband": 1,
        "mag": 20.8253,
        "mag_err": 0.23851999999999998,
        "locus_id": "ZTF19acxysob"
    },
    "23": {
        "mjd": 58881.5316204,
        "passband": 2,
        "mag": 19.7533,
        "mag_err": 0.128578,
        "locus_id": "ZTF19acxysob"
    },
    "24": {
        "mjd": 58884.53435190001,
        "passband": 2,
        "mag": 19.7265,
        "mag_err": 0.2034,
        "locus_id": "ZTF19acxysob"
    },
    "25": {
        "mjd": 58887.4929514,
        "passband": 2,
        "mag": 19.9231,
        "mag_err": 0.21494499999999997,
        "locus_id": "ZTF19acxysob"
    },
    "26": {
        "mjd": 58893.5365278,
        "passband": 2,
        "mag": 20.0051,
        "mag_err": 0.181614,
        "locus_id": "ZTF19acxysob"
    },
    "27": {
        "mjd": 58898.4511574,
        "passband": 1,
        "mag": 21.055,
        "mag_err": 0.245209,
        "locus_id": "ZTF19acxysob"
    },
    "28": {
        "mjd": 58898.4694444,
        "passband": 2,
        "mag": 20.3069,
        "mag_err": 0.161099,
        "locus_id": "ZTF19acxysob"
    },
    "29": {
        "mjd": 58899.4305903,
        "passband": 1,
        "mag": 20.9045,
        "mag_err": 0.21012399999999998,
        "locus_id": "ZTF19acxysob"
    },
    "30": {
        "mjd": 58899.47604169999,
        "passband": 2,
        "mag": 20.0774,
        "mag_err": 0.17361400000000002,
        "locus_id": "ZTF19acxysob"
    },
    "31": {
        "mjd": 58900.364976900004,
        "passband": 1,
        "mag": 20.7948,
        "mag_err": 0.362556,
        "locus_id": "ZTF19acxysob"
    },
    "32": {
        "mjd": 58901.449953699994,
        "passband": 2,
        "mag": 20.3228,
        "mag_err": 0.30748600000000004,
        "locus_id": "ZTF19acxysob"
    },
    "33": {
        "mjd": 58903.4504977,
        "passband": 2,
        "mag": 20.4382,
        "mag_err": 0.204983,
        "locus_id": "ZTF19acxysob"
    },
    "34": {
        "mjd": 58908.4672222,
        "passband": 2,
        "mag": 20.5438,
        "mag_err": 0.195874,
        "locus_id": "ZTF19acxysob"
    }
}