{
    "0": {
        "mjd": 58706.48449069999,
        "passband": 2,
        "mag": 20.3493,
        "mag_err": 0.158212,
        "locus_id": "ZTF19abpgggu"
    },
    "1": {
        "mjd": 58709.401955999994,
        "passband": 2,
        "mag": 19.2793,
        "mag_err": 0.119584,
        "locus_id": "ZTF19abpgggu"
    },
    "2": {
        "mjd": 58709.497175900004,
        "passband": 1,
        "mag": 19.4714,
        "mag_err": 0.12028599999999999,
        "locus_id": "ZTF19abpgggu"
    },
    "3": {
        "mjd": 58712.425162,
        "passband": 2,
        "mag": 18.5462,
        "mag_err": 0.0680653,
        "locus_id": "ZTF19abpgggu"
    },
    "4": {
        "mjd": 58712.4603704,
        "passband": 1,
        "mag": 18.7324,
        "mag_err": 0.08526689999999999,
        "locus_id": "ZTF19abpgggu"
    },
    "5": {
        "mjd": 58715.4401505,
        "passband": 2,
        "mag": 18.2493,
        "mag_err": 0.0618755,
        "locus_id": "ZTF19abpgggu"
    },
    "6": {
        "mjd": 58715.5059954,
        "passband": 1,
        "mag": 18.3924,
        "mag_err": 0.0948641,
        "locus_id": "ZTF19abpgggu"
    },
    "7": {
        "mjd": 58718.440428199996,
        "passband": 1,
        "mag": 18.1683,
        "mag_err": 0.052592999999999994,
        "locus_id": "ZTF19abpgggu"
    },
    "8": {
        "mjd": 58718.463588,
        "passband": 2,
        "mag": 18.0214,
        "mag_err": 0.0767409,
        "locus_id": "ZTF19abpgggu"
    },
    "9": {
        "mjd": 58724.4366898,
        "passband": 1,
        "mag": 18.2092,
        "mag_err": 0.031458299999999995,
        "locus_id": "ZTF19abpgggu"
    },
    "10": {
        "mjd": 58727.4178356,
        "passband": 1,
        "mag": 18.34,
        "mag_err": 0.043215300000000005,
        "locus_id": "ZTF19abpgggu"
    },
    "11": {
        "mjd": 58727.48346059999,
        "passband": 2,
        "mag": 18.067,
        "mag_err": 0.0390752,
        "locus_id": "ZTF19abpgggu"
    },
    "12": {
        "mjd": 58730.467881900004,
        "passband": 1,
        "mag": 18.5157,
        "mag_err": 0.041817099999999996,
        "locus_id": "ZTF19abpgggu"
    },
    "13": {
        "mjd": 58736.43760419999,
        "passband": 2,
        "mag": 18.5789,
        "mag_err": 0.0505142,
        "locus_id": "ZTF19abpgggu"
    },
    "14": {
        "mjd": 58736.4822801,
        "passband": 1,
        "mag": 19.017,
        "mag_err": 0.0667065,
        "locus_id": "ZTF19abpgggu"
    },
    "15": {
        "mjd": 58739.400115699995,
        "passband": 2,
        "mag": 18.7074,
        "mag_err": 0.073488,
        "locus_id": "ZTF19abpgggu"
    },
    "16": {
        "mjd": 58739.5186343,
        "passband": 1,
        "mag": 19.2443,
        "mag_err": 0.171645,
        "locus_id": "ZTF19abpgggu"
    },
    "17": {
        "mjd": 58743.35732640001,
        "passband": 2,
        "mag": 18.6025,
        "mag_err": 0.102006,
        "locus_id": "ZTF19abpgggu"
    },
    "18": {
        "mjd": 58749.323205999994,
        "passband": 1,
        "mag": 20.2561,
        "mag_err": 0.17135799999999998,
        "locus_id": "ZTF19abpgggu"
    },
    "19": {
        "mjd": 58756.394513900006,
        "passband": 2,
        "mag": 19.1778,
        "mag_err": 0.0899321,
        "locus_id": "ZTF19abpgggu"
    },
    "20": {
        "mjd": 58756.4379977,
        "passband": 1,
        "mag": 20.636,
        "mag_err": 0.191098,
        "locus_id": "ZTF19abpgggu"
    },
    "21": {
        "mjd": 58759.36175930001,
        "passband": 2,
        "mag": 19.4499,
        "mag_err": 0.08853739999999999,
        "locus_id": "ZTF19abpgggu"
    },
    "22": {
        "mjd": 58764.1505324,
        "passband": 2,
        "mag": 19.4185,
        "mag_err": 0.135997,
        "locus_id": "ZTF19abpgggu"
    },
    "23": {
        "mjd": 58768.1399653,
        "passband": 2,
        "mag": 19.058,
        "mag_err": 0.19505,
        "locus_id": "ZTF19abpgggu"
    },
    "24": {
        "mjd": 58775.13751159999,
        "passband": 2,
        "mag": 19.8556,
        "mag_err": 0.162234,
        "locus_id": "ZTF19abpgggu"
    }
}