{
    "0": {
        "mjd": 58315.1772454,
        "passband": 1,
        "mag": 19.345,
        "mag_err": 0.132089,
        "locus_id": "ZTF18aailmnv"
    },
    "1": {
        "mjd": 58316.1768519,
        "passband": 1,
        "mag": 19.1115,
        "mag_err": 0.137278,
        "locus_id": "ZTF18aailmnv"
    },
    "2": {
        "mjd": 58319.205983800006,
        "passband": 1,
        "mag": 18.7137,
        "mag_err": 0.10418800000000002,
        "locus_id": "ZTF18aailmnv"
    },
    "3": {
        "mjd": 58319.2249421,
        "passband": 2,
        "mag": 18.8082,
        "mag_err": 0.0926597,
        "locus_id": "ZTF18aailmnv"
    },
    "4": {
        "mjd": 58320.1745255,
        "passband": 1,
        "mag": 18.4674,
        "mag_err": 0.0939197,
        "locus_id": "ZTF18aailmnv"
    },
    "5": {
        "mjd": 58320.2689468,
        "passband": 2,
        "mag": 18.7543,
        "mag_err": 0.10460599999999999,
        "locus_id": "ZTF18aailmnv"
    },
    "6": {
        "mjd": 58324.1794444,
        "passband": 2,
        "mag": 18.5148,
        "mag_err": 0.117073,
        "locus_id": "ZTF18aailmnv"
    },
    "7": {
        "mjd": 58324.280300900005,
        "passband": 1,
        "mag": 18.1829,
        "mag_err": 0.102232,
        "locus_id": "ZTF18aailmnv"
    },
    "8": {
        "mjd": 58330.298472200004,
        "passband": 2,
        "mag": 18.4465,
        "mag_err": 0.126228,
        "locus_id": "ZTF18aailmnv"
    },
    "9": {
        "mjd": 58331.1823148,
        "passband": 2,
        "mag": 18.5442,
        "mag_err": 0.0583909,
        "locus_id": "ZTF18aailmnv"
    },
    "10": {
        "mjd": 58331.275729199995,
        "passband": 1,
        "mag": 18.4118,
        "mag_err": 0.12781199999999998,
        "locus_id": "ZTF18aailmnv"
    },
    "11": {
        "mjd": 58333.1775579,
        "passband": 1,
        "mag": 18.4301,
        "mag_err": 0.06780239999999998,
        "locus_id": "ZTF18aailmnv"
    },
    "12": {
        "mjd": 58334.161203699994,
        "passband": 2,
        "mag": 18.6774,
        "mag_err": 0.0832654,
        "locus_id": "ZTF18aailmnv"
    },
    "13": {
        "mjd": 58336.2038426,
        "passband": 2,
        "mag": 18.5773,
        "mag_err": 0.0772697,
        "locus_id": "ZTF18aailmnv"
    },
    "14": {
        "mjd": 58336.2382176,
        "passband": 1,
        "mag": 18.5646,
        "mag_err": 0.08481489999999998,
        "locus_id": "ZTF18aailmnv"
    },
    "15": {
        "mjd": 58337.17535880001,
        "passband": 1,
        "mag": 18.6384,
        "mag_err": 0.10497999999999999,
        "locus_id": "ZTF18aailmnv"
    },
    "16": {
        "mjd": 58337.19873840001,
        "passband": 2,
        "mag": 18.7359,
        "mag_err": 0.07723350000000001,
        "locus_id": "ZTF18aailmnv"
    },
    "17": {
        "mjd": 58344.165949099995,
        "passband": 1,
        "mag": 19.2549,
        "mag_err": 0.13375399999999998,
        "locus_id": "ZTF18aailmnv"
    },
    "18": {
        "mjd": 58344.166412,
        "passband": 1,
        "mag": 19.3167,
        "mag_err": 0.129432,
        "locus_id": "ZTF18aailmnv"
    },
    "19": {
        "mjd": 58344.1823495,
        "passband": 2,
        "mag": 19.1142,
        "mag_err": 0.0955625,
        "locus_id": "ZTF18aailmnv"
    },
    "20": {
        "mjd": 58344.1828125,
        "passband": 2,
        "mag": 18.992,
        "mag_err": 0.109426,
        "locus_id": "ZTF18aailmnv"
    },
    "21": {
        "mjd": 58347.20210650001,
        "passband": 1,
        "mag": 19.6608,
        "mag_err": 0.169776,
        "locus_id": "ZTF18aailmnv"
    },
    "22": {
        "mjd": 58347.202569400004,
        "passband": 1,
        "mag": 19.6566,
        "mag_err": 0.18626500000000001,
        "locus_id": "ZTF18aailmnv"
    },
    "23": {
        "mjd": 58350.159375,
        "passband": 2,
        "mag": 19.2064,
        "mag_err": 0.11828,
        "locus_id": "ZTF18aailmnv"
    },
    "24": {
        "mjd": 58351.1487037,
        "passband": 2,
        "mag": 19.3483,
        "mag_err": 0.11148699999999999,
        "locus_id": "ZTF18aailmnv"
    },
    "25": {
        "mjd": 58362.1440972,
        "passband": 2,
        "mag": 19.799,
        "mag_err": 0.192716,
        "locus_id": "ZTF18aailmnv"
    },
    "26": {
        "mjd": 58365.1412037,
        "passband": 2,
        "mag": 19.6132,
        "mag_err": 0.172374,
        "locus_id": "ZTF18aailmnv"
    },
    "27": {
        "mjd": 58369.13219909999,
        "passband": 2,
        "mag": 20.0912,
        "mag_err": 0.207275,
        "locus_id": "ZTF18aailmnv"
    }
}