{
    "0": {
        "mjd": 58681.483634300006,
        "passband": 1,
        "mag": 19.314,
        "mag_err": 0.219619,
        "locus_id": "ZTF19abhiayh"
    },
    "1": {
        "mjd": 58685.41876159999,
        "passband": 2,
        "mag": 19.0987,
        "mag_err": 0.115159,
        "locus_id": "ZTF19abhiayh"
    },
    "2": {
        "mjd": 58688.4126852,
        "passband": 2,
        "mag": 19.0099,
        "mag_err": 0.0956172,
        "locus_id": "ZTF19abhiayh"
    },
    "3": {
        "mjd": 58688.4126852,
        "passband": 2,
        "mag": 19.0099,
        "mag_err": 0.095617,
        "locus_id": "ZTF19abhiayh"
    },
    "4": {
        "mjd": 58688.457708300004,
        "passband": 1,
        "mag": 18.9153,
        "mag_err": 0.097827,
        "locus_id": "ZTF19abhiayh"
    },
    "5": {
        "mjd": 58691.3712269,
        "passband": 2,
        "mag": 18.8783,
        "mag_err": 0.0512288,
        "locus_id": "ZTF19abhiayh"
    },
    "6": {
        "mjd": 58691.443205999996,
        "passband": 1,
        "mag": 18.8227,
        "mag_err": 0.0760202,
        "locus_id": "ZTF19abhiayh"
    },
    "7": {
        "mjd": 58694.3856829,
        "passband": 2,
        "mag": 18.8687,
        "mag_err": 0.055777999999999994,
        "locus_id": "ZTF19abhiayh"
    },
    "8": {
        "mjd": 58694.4236806,
        "passband": 1,
        "mag": 18.8876,
        "mag_err": 0.05582140000000001,
        "locus_id": "ZTF19abhiayh"
    },
    "9": {
        "mjd": 58697.3994444,
        "passband": 2,
        "mag": 19.0229,
        "mag_err": 0.087281,
        "locus_id": "ZTF19abhiayh"
    },
    "10": {
        "mjd": 58700.373912,
        "passband": 1,
        "mag": 19.359,
        "mag_err": 0.0946429,
        "locus_id": "ZTF19abhiayh"
    },
    "11": {
        "mjd": 58700.4169329,
        "passband": 2,
        "mag": 19.1151,
        "mag_err": 0.0652796,
        "locus_id": "ZTF19abhiayh"
    },
    "12": {
        "mjd": 58703.401481500005,
        "passband": 2,
        "mag": 19.2245,
        "mag_err": 0.0793952,
        "locus_id": "ZTF19abhiayh"
    },
    "13": {
        "mjd": 58706.433958300004,
        "passband": 1,
        "mag": 20.0901,
        "mag_err": 0.132853,
        "locus_id": "ZTF19abhiayh"
    },
    "14": {
        "mjd": 58712.35635419999,
        "passband": 2,
        "mag": 19.5626,
        "mag_err": 0.20957399999999998,
        "locus_id": "ZTF19abhiayh"
    },
    "15": {
        "mjd": 58718.3748264,
        "passband": 2,
        "mag": 19.9125,
        "mag_err": 0.15184,
        "locus_id": "ZTF19abhiayh"
    }
}