{
    "0": {
        "mjd": 58617.3289699,
        "passband": 2,
        "mag": 19.0254,
        "mag_err": 0.134299,
        "locus_id": "ZTF19aauqywe"
    },
    "1": {
        "mjd": 58617.391875,
        "passband": 1,
        "mag": 19.2268,
        "mag_err": 0.133412,
        "locus_id": "ZTF19aauqywe"
    },
    "2": {
        "mjd": 58628.392546300005,
        "passband": 2,
        "mag": 18.495,
        "mag_err": 0.0796553,
        "locus_id": "ZTF19aauqywe"
    },
    "3": {
        "mjd": 58628.45457180001,
        "passband": 1,
        "mag": 18.9932,
        "mag_err": 0.10942400000000001,
        "locus_id": "ZTF19aauqywe"
    },
    "4": {
        "mjd": 58634.243460599995,
        "passband": 1,
        "mag": 19.4541,
        "mag_err": 0.149705,
        "locus_id": "ZTF19aauqywe"
    },
    "5": {
        "mjd": 58634.31773150001,
        "passband": 2,
        "mag": 18.7726,
        "mag_err": 0.0954962,
        "locus_id": "ZTF19aauqywe"
    },
    "6": {
        "mjd": 58637.3042477,
        "passband": 2,
        "mag": 18.8879,
        "mag_err": 0.100108,
        "locus_id": "ZTF19aauqywe"
    },
    "7": {
        "mjd": 58640.289838,
        "passband": 2,
        "mag": 19.1708,
        "mag_err": 0.10537200000000001,
        "locus_id": "ZTF19aauqywe"
    },
    "8": {
        "mjd": 58640.3457523,
        "passband": 1,
        "mag": 20.0634,
        "mag_err": 0.22749899999999998,
        "locus_id": "ZTF19aauqywe"
    },
    "9": {
        "mjd": 58643.26707180001,
        "passband": 2,
        "mag": 19.2111,
        "mag_err": 0.16455799999999998,
        "locus_id": "ZTF19aauqywe"
    },
    "10": {
        "mjd": 58643.3239468,
        "passband": 1,
        "mag": 20.3469,
        "mag_err": 0.23995100000000003,
        "locus_id": "ZTF19aauqywe"
    },
    "11": {
        "mjd": 58646.2418171,
        "passband": 2,
        "mag": 19.0991,
        "mag_err": 0.112821,
        "locus_id": "ZTF19aauqywe"
    }
}