{
    "0": {
        "mjd": 58606.4027431,
        "passband": 1,
        "mag": 20.5425,
        "mag_err": 0.273278,
        "locus_id": "ZTF19aatqzim"
    },
    "1": {
        "mjd": 58608.2597569,
        "passband": 2,
        "mag": 19.3556,
        "mag_err": 0.128839,
        "locus_id": "ZTF19aatqzim"
    },
    "2": {
        "mjd": 58612.224247699996,
        "passband": 2,
        "mag": 18.7265,
        "mag_err": 0.0863331,
        "locus_id": "ZTF19aatqzim"
    },
    "3": {
        "mjd": 58612.2620023,
        "passband": 1,
        "mag": 18.5177,
        "mag_err": 0.0732648,
        "locus_id": "ZTF19aatqzim"
    },
    "4": {
        "mjd": 58616.182546300006,
        "passband": 2,
        "mag": 18.6721,
        "mag_err": 0.09515549999999999,
        "locus_id": "ZTF19aatqzim"
    },
    "5": {
        "mjd": 58618.2176736,
        "passband": 2,
        "mag": 18.6836,
        "mag_err": 0.0873872,
        "locus_id": "ZTF19aatqzim"
    },
    "6": {
        "mjd": 58619.24076390001,
        "passband": 1,
        "mag": 18.6846,
        "mag_err": 0.159883,
        "locus_id": "ZTF19aatqzim"
    },
    "7": {
        "mjd": 58622.1751505,
        "passband": 1,
        "mag": 18.7728,
        "mag_err": 0.162855,
        "locus_id": "ZTF19aatqzim"
    },
    "8": {
        "mjd": 58628.2019329,
        "passband": 1,
        "mag": 19.02,
        "mag_err": 0.08912060000000001,
        "locus_id": "ZTF19aatqzim"
    },
    "9": {
        "mjd": 58628.3036806,
        "passband": 2,
        "mag": 18.8426,
        "mag_err": 0.112078,
        "locus_id": "ZTF19aatqzim"
    },
    "10": {
        "mjd": 58632.1927431,
        "passband": 1,
        "mag": 19.2385,
        "mag_err": 0.12598,
        "locus_id": "ZTF19aatqzim"
    },
    "11": {
        "mjd": 58632.2694907,
        "passband": 2,
        "mag": 18.9747,
        "mag_err": 0.144859,
        "locus_id": "ZTF19aatqzim"
    },
    "12": {
        "mjd": 58635.20263890001,
        "passband": 1,
        "mag": 19.3436,
        "mag_err": 0.126357,
        "locus_id": "ZTF19aatqzim"
    },
    "13": {
        "mjd": 58635.244479199995,
        "passband": 2,
        "mag": 19.051,
        "mag_err": 0.0792409,
        "locus_id": "ZTF19aatqzim"
    },
    "14": {
        "mjd": 58638.199768499995,
        "passband": 1,
        "mag": 19.5243,
        "mag_err": 0.131101,
        "locus_id": "ZTF19aatqzim"
    },
    "15": {
        "mjd": 58638.22173609999,
        "passband": 2,
        "mag": 19.156,
        "mag_err": 0.08831560000000001,
        "locus_id": "ZTF19aatqzim"
    },
    "16": {
        "mjd": 58641.1874421,
        "passband": 1,
        "mag": 19.5486,
        "mag_err": 0.13108699999999998,
        "locus_id": "ZTF19aatqzim"
    },
    "17": {
        "mjd": 58641.28013890001,
        "passband": 2,
        "mag": 19.2254,
        "mag_err": 0.127339,
        "locus_id": "ZTF19aatqzim"
    },
    "18": {
        "mjd": 58644.259398099995,
        "passband": 2,
        "mag": 19.2494,
        "mag_err": 0.139645,
        "locus_id": "ZTF19aatqzim"
    },
    "19": {
        "mjd": 58650.2473495,
        "passband": 2,
        "mag": 19.3463,
        "mag_err": 0.13766099999999998,
        "locus_id": "ZTF19aatqzim"
    },
    "20": {
        "mjd": 58653.25760419999,
        "passband": 1,
        "mag": 19.7993,
        "mag_err": 0.22144499999999998,
        "locus_id": "ZTF19aatqzim"
    },
    "21": {
        "mjd": 58657.1964005,
        "passband": 1,
        "mag": 20.252,
        "mag_err": 0.22518000000000002,
        "locus_id": "ZTF19aatqzim"
    },
    "22": {
        "mjd": 58657.268449099996,
        "passband": 2,
        "mag": 19.4117,
        "mag_err": 0.13078800000000002,
        "locus_id": "ZTF19aatqzim"
    },
    "23": {
        "mjd": 58660.222268499994,
        "passband": 2,
        "mag": 19.5461,
        "mag_err": 0.109134,
        "locus_id": "ZTF19aatqzim"
    },
    "24": {
        "mjd": 58665.2682523,
        "passband": 2,
        "mag": 19.6326,
        "mag_err": 0.143989,
        "locus_id": "ZTF19aatqzim"
    },
    "25": {
        "mjd": 58668.1877778,
        "passband": 2,
        "mag": 19.8725,
        "mag_err": 0.157683,
        "locus_id": "ZTF19aatqzim"
    }
}