{
    "0": {
        "mjd": 58846.1276852,
        "passband": 2,
        "mag": 19.9006,
        "mag_err": 0.147982,
        "locus_id": "ZTF19adbnfne"
    },
    "1": {
        "mjd": 58846.21730319999,
        "passband": 1,
        "mag": 19.9138,
        "mag_err": 0.139478,
        "locus_id": "ZTF19adbnfne"
    },
    "2": {
        "mjd": 58849.10197919999,
        "passband": 1,
        "mag": 18.9718,
        "mag_err": 0.08127469999999999,
        "locus_id": "ZTF19adbnfne"
    },
    "3": {
        "mjd": 58849.126794,
        "passband": 1,
        "mag": 19.0781,
        "mag_err": 0.0717779,
        "locus_id": "ZTF19adbnfne"
    },
    "4": {
        "mjd": 58849.1488426,
        "passband": 2,
        "mag": 19.0571,
        "mag_err": 0.0759942,
        "locus_id": "ZTF19adbnfne"
    },
    "5": {
        "mjd": 58859.0853125,
        "passband": 1,
        "mag": 17.8449,
        "mag_err": 0.06768719999999999,
        "locus_id": "ZTF19adbnfne"
    },
    "6": {
        "mjd": 58859.1753241,
        "passband": 2,
        "mag": 18.0435,
        "mag_err": 0.06132669999999999,
        "locus_id": "ZTF19adbnfne"
    },
    "7": {
        "mjd": 58859.2163079,
        "passband": 2,
        "mag": 17.9387,
        "mag_err": 0.05403430000000001,
        "locus_id": "ZTF19adbnfne"
    },
    "8": {
        "mjd": 58860.1544329,
        "passband": 2,
        "mag": 18.0144,
        "mag_err": 0.05461619999999999,
        "locus_id": "ZTF19adbnfne"
    },
    "9": {
        "mjd": 58861.0978819,
        "passband": 1,
        "mag": 17.8874,
        "mag_err": 0.06397380000000001,
        "locus_id": "ZTF19adbnfne"
    },
    "10": {
        "mjd": 58861.15605319999,
        "passband": 2,
        "mag": 17.9808,
        "mag_err": 0.05306659999999999,
        "locus_id": "ZTF19adbnfne"
    },
    "11": {
        "mjd": 58862.1392245,
        "passband": 1,
        "mag": 17.9185,
        "mag_err": 0.0602572,
        "locus_id": "ZTF19adbnfne"
    },
    "12": {
        "mjd": 58864.141169,
        "passband": 1,
        "mag": 17.9752,
        "mag_err": 0.0626716,
        "locus_id": "ZTF19adbnfne"
    },
    "13": {
        "mjd": 58867.08807869999,
        "passband": 2,
        "mag": 18.1479,
        "mag_err": 0.08146289999999999,
        "locus_id": "ZTF19adbnfne"
    },
    "14": {
        "mjd": 58867.143854199996,
        "passband": 1,
        "mag": 18.1016,
        "mag_err": 0.100243,
        "locus_id": "ZTF19adbnfne"
    },
    "15": {
        "mjd": 58871.10125,
        "passband": 2,
        "mag": 18.3729,
        "mag_err": 0.0615952,
        "locus_id": "ZTF19adbnfne"
    },
    "16": {
        "mjd": 58871.108009300006,
        "passband": 2,
        "mag": 18.3698,
        "mag_err": 0.07132669999999999,
        "locus_id": "ZTF19adbnfne"
    },
    "17": {
        "mjd": 58871.155601900005,
        "passband": 1,
        "mag": 18.441,
        "mag_err": 0.0825538,
        "locus_id": "ZTF19adbnfne"
    },
    "18": {
        "mjd": 58874.11247690001,
        "passband": 2,
        "mag": 18.6159,
        "mag_err": 0.075206,
        "locus_id": "ZTF19adbnfne"
    },
    "19": {
        "mjd": 58874.1521991,
        "passband": 1,
        "mag": 18.6546,
        "mag_err": 0.106948,
        "locus_id": "ZTF19adbnfne"
    },
    "20": {
        "mjd": 58875.10269680001,
        "passband": 2,
        "mag": 18.6444,
        "mag_err": 0.071609,
        "locus_id": "ZTF19adbnfne"
    },
    "21": {
        "mjd": 58877.13751159999,
        "passband": 2,
        "mag": 18.7117,
        "mag_err": 0.0834565,
        "locus_id": "ZTF19adbnfne"
    },
    "22": {
        "mjd": 58877.187523099994,
        "passband": 1,
        "mag": 19.0565,
        "mag_err": 0.13709200000000002,
        "locus_id": "ZTF19adbnfne"
    },
    "23": {
        "mjd": 58882.0985995,
        "passband": 1,
        "mag": 19.4514,
        "mag_err": 0.236631,
        "locus_id": "ZTF19adbnfne"
    },
    "24": {
        "mjd": 58882.1114005,
        "passband": 1,
        "mag": 19.5523,
        "mag_err": 0.194889,
        "locus_id": "ZTF19adbnfne"
    },
    "25": {
        "mjd": 58882.1306829,
        "passband": 2,
        "mag": 18.7202,
        "mag_err": 0.08889939999999999,
        "locus_id": "ZTF19adbnfne"
    },
    "26": {
        "mjd": 58885.13947919999,
        "passband": 2,
        "mag": 18.8057,
        "mag_err": 0.140989,
        "locus_id": "ZTF19adbnfne"
    },
    "27": {
        "mjd": 58887.101238400006,
        "passband": 2,
        "mag": 18.8511,
        "mag_err": 0.0935389,
        "locus_id": "ZTF19adbnfne"
    },
    "28": {
        "mjd": 58891.1463194,
        "passband": 2,
        "mag": 19.1003,
        "mag_err": 0.09909860000000001,
        "locus_id": "ZTF19adbnfne"
    }
}