{
    "0": {
        "mjd": 58379.2742014,
        "passband": 2,
        "mag": 19.8349,
        "mag_err": 0.140705,
        "locus_id": "ZTF18abxdkni"
    },
    "1": {
        "mjd": 58379.327141199996,
        "passband": 1,
        "mag": 19.7142,
        "mag_err": 0.150006,
        "locus_id": "ZTF18abxdkni"
    },
    "2": {
        "mjd": 58382.2360069,
        "passband": 1,
        "mag": 19.3731,
        "mag_err": 0.145979,
        "locus_id": "ZTF18abxdkni"
    },
    "3": {
        "mjd": 58382.305416699994,
        "passband": 2,
        "mag": 19.4508,
        "mag_err": 0.162455,
        "locus_id": "ZTF18abxdkni"
    },
    "4": {
        "mjd": 58385.148993099996,
        "passband": 1,
        "mag": 18.9437,
        "mag_err": 0.129099,
        "locus_id": "ZTF18abxdkni"
    },
    "5": {
        "mjd": 58385.22769680001,
        "passband": 2,
        "mag": 19.2124,
        "mag_err": 0.114123,
        "locus_id": "ZTF18abxdkni"
    },
    "6": {
        "mjd": 58388.1284954,
        "passband": 1,
        "mag": 19.061,
        "mag_err": 0.103743,
        "locus_id": "ZTF18abxdkni"
    },
    "7": {
        "mjd": 58388.22645830001,
        "passband": 2,
        "mag": 19.1207,
        "mag_err": 0.117441,
        "locus_id": "ZTF18abxdkni"
    },
    "8": {
        "mjd": 58400.1198843,
        "passband": 1,
        "mag": 19.4797,
        "mag_err": 0.0986314,
        "locus_id": "ZTF18abxdkni"
    },
    "9": {
        "mjd": 58400.1844444,
        "passband": 2,
        "mag": 19.4071,
        "mag_err": 0.101002,
        "locus_id": "ZTF18abxdkni"
    }
}