{
    "0": {
        "mjd": 58758.5041319,
        "passband": 1,
        "mag": 19.7908,
        "mag_err": 0.329484,
        "locus_id": "ZTF19acaqqke"
    },
    "1": {
        "mjd": 58758.5263194,
        "passband": 2,
        "mag": 18.5371,
        "mag_err": 0.106,
        "locus_id": "ZTF19acaqqke"
    },
    "2": {
        "mjd": 58761.5048032,
        "passband": 2,
        "mag": 18.6947,
        "mag_err": 0.105467,
        "locus_id": "ZTF19acaqqke"
    },
    "3": {
        "mjd": 58764.49486109999,
        "passband": 2,
        "mag": 18.5883,
        "mag_err": 0.0992977,
        "locus_id": "ZTF19acaqqke"
    },
    "4": {
        "mjd": 58764.518796300006,
        "passband": 1,
        "mag": 19.4072,
        "mag_err": 0.201178,
        "locus_id": "ZTF19acaqqke"
    },
    "5": {
        "mjd": 58767.4881829,
        "passband": 1,
        "mag": 19.8213,
        "mag_err": 0.32848499999999997,
        "locus_id": "ZTF19acaqqke"
    },
    "6": {
        "mjd": 58770.4955208,
        "passband": 2,
        "mag": 18.7338,
        "mag_err": 0.141594,
        "locus_id": "ZTF19acaqqke"
    },
    "7": {
        "mjd": 58770.4959722,
        "passband": 2,
        "mag": 18.6539,
        "mag_err": 0.165975,
        "locus_id": "ZTF19acaqqke"
    },
    "8": {
        "mjd": 58781.52386569999,
        "passband": 2,
        "mag": 18.8799,
        "mag_err": 0.20364000000000002,
        "locus_id": "ZTF19acaqqke"
    },
    "9": {
        "mjd": 58781.524317100004,
        "passband": 2,
        "mag": 18.9545,
        "mag_err": 0.200653,
        "locus_id": "ZTF19acaqqke"
    },
    "10": {
        "mjd": 58784.5282523,
        "passband": 2,
        "mag": 19.2018,
        "mag_err": 0.224136,
        "locus_id": "ZTF19acaqqke"
    },
    "11": {
        "mjd": 58787.529039400004,
        "passband": 2,
        "mag": 19.5344,
        "mag_err": 0.30562399999999995,
        "locus_id": "ZTF19acaqqke"
    },
    "12": {
        "mjd": 58788.529328699995,
        "passband": 2,
        "mag": 19.2982,
        "mag_err": 0.12138499999999999,
        "locus_id": "ZTF19acaqqke"
    },
    "13": {
        "mjd": 58791.5163194,
        "passband": 2,
        "mag": 19.7573,
        "mag_err": 0.196489,
        "locus_id": "ZTF19acaqqke"
    },
    "14": {
        "mjd": 58794.53173609999,
        "passband": 2,
        "mag": 19.7497,
        "mag_err": 0.18953699999999998,
        "locus_id": "ZTF19acaqqke"
    },
    "15": {
        "mjd": 58798.534537,
        "passband": 2,
        "mag": 19.6126,
        "mag_err": 0.19172,
        "locus_id": "ZTF19acaqqke"
    },
    "16": {
        "mjd": 58827.450486099995,
        "passband": 2,
        "mag": 19.9034,
        "mag_err": 0.301103,
        "locus_id": "ZTF19acaqqke"
    },
    "17": {
        "mjd": 58828.434259300004,
        "passband": 2,
        "mag": 19.785,
        "mag_err": 0.221169,
        "locus_id": "ZTF19acaqqke"
    },
    "18": {
        "mjd": 58846.4166319,
        "passband": 2,
        "mag": 19.9283,
        "mag_err": 0.206801,
        "locus_id": "ZTF19acaqqke"
    }
}