{
    "0": {
        "mjd": 58669.28864580001,
        "passband": 1,
        "mag": 20.0091,
        "mag_err": 0.162563,
        "locus_id": "ZTF19abdoior"
    },
    "1": {
        "mjd": 58672.3190046,
        "passband": 1,
        "mag": 19.3659,
        "mag_err": 0.109577,
        "locus_id": "ZTF19abdoior"
    },
    "2": {
        "mjd": 58675.34458330001,
        "passband": 1,
        "mag": 18.9649,
        "mag_err": 0.101505,
        "locus_id": "ZTF19abdoior"
    },
    "3": {
        "mjd": 58678.2428125,
        "passband": 2,
        "mag": 18.5299,
        "mag_err": 0.0865955,
        "locus_id": "ZTF19abdoior"
    },
    "4": {
        "mjd": 58678.2808796,
        "passband": 1,
        "mag": 18.9391,
        "mag_err": 0.11828399999999999,
        "locus_id": "ZTF19abdoior"
    },
    "5": {
        "mjd": 58681.21976849999,
        "passband": 1,
        "mag": 19.0491,
        "mag_err": 0.17088699999999998,
        "locus_id": "ZTF19abdoior"
    },
    "6": {
        "mjd": 58681.26125,
        "passband": 2,
        "mag": 18.4578,
        "mag_err": 0.08384420000000001,
        "locus_id": "ZTF19abdoior"
    },
    "7": {
        "mjd": 58684.178009300005,
        "passband": 2,
        "mag": 18.5219,
        "mag_err": 0.0715588,
        "locus_id": "ZTF19abdoior"
    },
    "8": {
        "mjd": 58684.2195602,
        "passband": 1,
        "mag": 19.2984,
        "mag_err": 0.118413,
        "locus_id": "ZTF19abdoior"
    },
    "9": {
        "mjd": 58688.36480319999,
        "passband": 2,
        "mag": 18.7709,
        "mag_err": 0.10351199999999999,
        "locus_id": "ZTF19abdoior"
    },
    "10": {
        "mjd": 58691.2008796,
        "passband": 2,
        "mag": 18.9165,
        "mag_err": 0.08610830000000001,
        "locus_id": "ZTF19abdoior"
    },
    "11": {
        "mjd": 58697.1787847,
        "passband": 2,
        "mag": 19.4482,
        "mag_err": 0.126077,
        "locus_id": "ZTF19abdoior"
    },
    "12": {
        "mjd": 58700.268171300006,
        "passband": 1,
        "mag": 20.6586,
        "mag_err": 0.208637,
        "locus_id": "ZTF19abdoior"
    },
    "13": {
        "mjd": 58709.2686921,
        "passband": 2,
        "mag": 19.9641,
        "mag_err": 0.201139,
        "locus_id": "ZTF19abdoior"
    }
}