{
    "0": {
        "mjd": 58668.20857640001,
        "passband": 1,
        "mag": 19.4811,
        "mag_err": 0.116827,
        "locus_id": "ZTF19abdmfgf"
    },
    "1": {
        "mjd": 58671.2069329,
        "passband": 2,
        "mag": 19.1006,
        "mag_err": 0.155637,
        "locus_id": "ZTF19abdmfgf"
    },
    "2": {
        "mjd": 58674.20403940001,
        "passband": 1,
        "mag": 18.6791,
        "mag_err": 0.10705799999999999,
        "locus_id": "ZTF19abdmfgf"
    },
    "3": {
        "mjd": 58674.22282409999,
        "passband": 2,
        "mag": 18.9089,
        "mag_err": 0.11753599999999999,
        "locus_id": "ZTF19abdmfgf"
    },
    "4": {
        "mjd": 58677.214826400006,
        "passband": 2,
        "mag": 18.8347,
        "mag_err": 0.138509,
        "locus_id": "ZTF19abdmfgf"
    },
    "5": {
        "mjd": 58680.233287,
        "passband": 2,
        "mag": 18.833,
        "mag_err": 0.145813,
        "locus_id": "ZTF19abdmfgf"
    },
    "6": {
        "mjd": 58683.1913657,
        "passband": 1,
        "mag": 18.8397,
        "mag_err": 0.0959681,
        "locus_id": "ZTF19abdmfgf"
    },
    "7": {
        "mjd": 58686.1910301,
        "passband": 1,
        "mag": 19.1799,
        "mag_err": 0.10376099999999999,
        "locus_id": "ZTF19abdmfgf"
    },
    "8": {
        "mjd": 58689.17497690001,
        "passband": 2,
        "mag": 19.2971,
        "mag_err": 0.178392,
        "locus_id": "ZTF19abdmfgf"
    },
    "9": {
        "mjd": 58692.21364580001,
        "passband": 1,
        "mag": 19.5981,
        "mag_err": 0.15465399999999999,
        "locus_id": "ZTF19abdmfgf"
    }
}