{
    "0": {
        "mjd": 58751.5029051,
        "passband": 2,
        "mag": 20.6655,
        "mag_err": 0.32376,
        "locus_id": "ZTF19acbmjrp"
    },
    "1": {
        "mjd": 58756.4400694,
        "passband": 1,
        "mag": 19.4504,
        "mag_err": 0.100895,
        "locus_id": "ZTF19acbmjrp"
    },
    "2": {
        "mjd": 58756.4991551,
        "passband": 2,
        "mag": 19.5515,
        "mag_err": 0.0995345,
        "locus_id": "ZTF19acbmjrp"
    },
    "3": {
        "mjd": 58763.4991435,
        "passband": 2,
        "mag": 18.7756,
        "mag_err": 0.07582639999999999,
        "locus_id": "ZTF19acbmjrp"
    },
    "4": {
        "mjd": 58766.4183681,
        "passband": 1,
        "mag": 18.6235,
        "mag_err": 0.103555,
        "locus_id": "ZTF19acbmjrp"
    },
    "5": {
        "mjd": 58766.48252309999,
        "passband": 2,
        "mag": 18.6114,
        "mag_err": 0.0740375,
        "locus_id": "ZTF19acbmjrp"
    },
    "6": {
        "mjd": 58769.4399653,
        "passband": 2,
        "mag": 18.4963,
        "mag_err": 0.0816448,
        "locus_id": "ZTF19acbmjrp"
    },
    "7": {
        "mjd": 58772.3173032,
        "passband": 1,
        "mag": 18.3367,
        "mag_err": 0.24222,
        "locus_id": "ZTF19acbmjrp"
    },
    "8": {
        "mjd": 58775.374050900005,
        "passband": 2,
        "mag": 18.508,
        "mag_err": 0.0761748,
        "locus_id": "ZTF19acbmjrp"
    },
    "9": {
        "mjd": 58775.39895830001,
        "passband": 1,
        "mag": 18.756,
        "mag_err": 0.0846003,
        "locus_id": "ZTF19acbmjrp"
    },
    "10": {
        "mjd": 58778.31125,
        "passband": 1,
        "mag": 18.9795,
        "mag_err": 0.11579600000000001,
        "locus_id": "ZTF19acbmjrp"
    },
    "11": {
        "mjd": 58778.3770023,
        "passband": 2,
        "mag": 18.6547,
        "mag_err": 0.0960099,
        "locus_id": "ZTF19acbmjrp"
    },
    "12": {
        "mjd": 58781.414050900006,
        "passband": 1,
        "mag": 19.128,
        "mag_err": 0.100378,
        "locus_id": "ZTF19acbmjrp"
    },
    "13": {
        "mjd": 58784.39092590001,
        "passband": 2,
        "mag": 18.8207,
        "mag_err": 0.15549200000000002,
        "locus_id": "ZTF19acbmjrp"
    },
    "14": {
        "mjd": 58784.415324099995,
        "passband": 1,
        "mag": 19.3796,
        "mag_err": 0.20827600000000002,
        "locus_id": "ZTF19acbmjrp"
    },
    "15": {
        "mjd": 58787.3383102,
        "passband": 2,
        "mag": 18.9285,
        "mag_err": 0.31088699999999997,
        "locus_id": "ZTF19acbmjrp"
    },
    "16": {
        "mjd": 58790.3355324,
        "passband": 1,
        "mag": 20.0386,
        "mag_err": 0.164194,
        "locus_id": "ZTF19acbmjrp"
    },
    "17": {
        "mjd": 58790.368576400004,
        "passband": 2,
        "mag": 19.0144,
        "mag_err": 0.100938,
        "locus_id": "ZTF19acbmjrp"
    },
    "18": {
        "mjd": 58793.3507523,
        "passband": 1,
        "mag": 20.1842,
        "mag_err": 0.163581,
        "locus_id": "ZTF19acbmjrp"
    },
    "19": {
        "mjd": 58793.3577199,
        "passband": 2,
        "mag": 19.1771,
        "mag_err": 0.112793,
        "locus_id": "ZTF19acbmjrp"
    },
    "20": {
        "mjd": 58796.3196296,
        "passband": 2,
        "mag": 19.1445,
        "mag_err": 0.14055299999999998,
        "locus_id": "ZTF19acbmjrp"
    },
    "21": {
        "mjd": 58803.31364580001,
        "passband": 2,
        "mag": 19.3725,
        "mag_err": 0.12978199999999998,
        "locus_id": "ZTF19acbmjrp"
    },
    "22": {
        "mjd": 58806.316423599994,
        "passband": 2,
        "mag": 19.6896,
        "mag_err": 0.136074,
        "locus_id": "ZTF19acbmjrp"
    }
}