{
    "0": {
        "mjd": 58634.1688773,
        "passband": 2,
        "mag": 19.5658,
        "mag_err": 0.23554299999999997,
        "locus_id": "ZTF19aavwbpc"
    },
    "1": {
        "mjd": 58634.1693403,
        "passband": 2,
        "mag": 19.7219,
        "mag_err": 0.194495,
        "locus_id": "ZTF19aavwbpc"
    },
    "2": {
        "mjd": 58634.1916204,
        "passband": 1,
        "mag": 19.6287,
        "mag_err": 0.13963699999999998,
        "locus_id": "ZTF19aavwbpc"
    },
    "3": {
        "mjd": 58634.193020800005,
        "passband": 1,
        "mag": 19.5884,
        "mag_err": 0.141213,
        "locus_id": "ZTF19aavwbpc"
    },
    "4": {
        "mjd": 58637.17998840001,
        "passband": 2,
        "mag": 19.1562,
        "mag_err": 0.0915886,
        "locus_id": "ZTF19aavwbpc"
    },
    "5": {
        "mjd": 58637.1809028,
        "passband": 2,
        "mag": 19.0829,
        "mag_err": 0.09692360000000001,
        "locus_id": "ZTF19aavwbpc"
    },
    "6": {
        "mjd": 58637.2163426,
        "passband": 1,
        "mag": 18.971,
        "mag_err": 0.103395,
        "locus_id": "ZTF19aavwbpc"
    },
    "7": {
        "mjd": 58637.21679400001,
        "passband": 1,
        "mag": 18.8743,
        "mag_err": 0.11799200000000001,
        "locus_id": "ZTF19aavwbpc"
    },
    "8": {
        "mjd": 58640.171088,
        "passband": 1,
        "mag": 18.6111,
        "mag_err": 0.103984,
        "locus_id": "ZTF19aavwbpc"
    },
    "9": {
        "mjd": 58640.1969676,
        "passband": 1,
        "mag": 18.569000000000003,
        "mag_err": 0.0761323,
        "locus_id": "ZTF19aavwbpc"
    },
    "10": {
        "mjd": 58640.2187847,
        "passband": 2,
        "mag": 18.7049,
        "mag_err": 0.0963566,
        "locus_id": "ZTF19aavwbpc"
    },
    "11": {
        "mjd": 58640.2196875,
        "passband": 2,
        "mag": 18.7447,
        "mag_err": 0.09505939999999999,
        "locus_id": "ZTF19aavwbpc"
    },
    "12": {
        "mjd": 58646.21208330001,
        "passband": 2,
        "mag": 18.5351,
        "mag_err": 0.128857,
        "locus_id": "ZTF19aavwbpc"
    },
    "13": {
        "mjd": 58646.212534700004,
        "passband": 2,
        "mag": 18.4253,
        "mag_err": 0.0888354,
        "locus_id": "ZTF19aavwbpc"
    },
    "14": {
        "mjd": 58649.172835599995,
        "passband": 1,
        "mag": 18.355999999999998,
        "mag_err": 0.0933721,
        "locus_id": "ZTF19aavwbpc"
    },
    "15": {
        "mjd": 58649.215231500006,
        "passband": 2,
        "mag": 18.3914,
        "mag_err": 0.13938,
        "locus_id": "ZTF19aavwbpc"
    },
    "16": {
        "mjd": 58649.2156944,
        "passband": 2,
        "mag": 18.3255,
        "mag_err": 0.131529,
        "locus_id": "ZTF19aavwbpc"
    },
    "17": {
        "mjd": 58662.1755556,
        "passband": 2,
        "mag": 19.0909,
        "mag_err": 0.152962,
        "locus_id": "ZTF19aavwbpc"
    }
}