{
    "0": {
        "mjd": 58745.459259300005,
        "passband": 2,
        "mag": 19.2422,
        "mag_err": 0.193357,
        "locus_id": "ZTF19abzqywg"
    },
    "1": {
        "mjd": 58748.50195599999,
        "passband": 1,
        "mag": 19.1759,
        "mag_err": 0.12801300000000002,
        "locus_id": "ZTF19abzqywg"
    },
    "2": {
        "mjd": 58751.3982986,
        "passband": 1,
        "mag": 19.1091,
        "mag_err": 0.121019,
        "locus_id": "ZTF19abzqywg"
    },
    "3": {
        "mjd": 58751.5043171,
        "passband": 2,
        "mag": 18.8915,
        "mag_err": 0.119583,
        "locus_id": "ZTF19abzqywg"
    },
    "4": {
        "mjd": 58756.480787,
        "passband": 2,
        "mag": 18.8825,
        "mag_err": 0.101766,
        "locus_id": "ZTF19abzqywg"
    },
    "5": {
        "mjd": 58760.375983800004,
        "passband": 1,
        "mag": 19.7191,
        "mag_err": 0.17585,
        "locus_id": "ZTF19abzqywg"
    },
    "6": {
        "mjd": 58760.50214119999,
        "passband": 2,
        "mag": 18.9185,
        "mag_err": 0.136627,
        "locus_id": "ZTF19abzqywg"
    },
    "7": {
        "mjd": 58764.375868099996,
        "passband": 1,
        "mag": 19.9424,
        "mag_err": 0.191991,
        "locus_id": "ZTF19abzqywg"
    }
}