{
    "0": {
        "mjd": 58751.49208330001,
        "passband": 1,
        "mag": 18.6102,
        "mag_err": 0.09438760000000002,
        "locus_id": "ZTF19acbhvgi"
    },
    "1": {
        "mjd": 58756.478263900004,
        "passband": 1,
        "mag": 18.3444,
        "mag_err": 0.07249,
        "locus_id": "ZTF19acbhvgi"
    },
    "2": {
        "mjd": 58756.5178125,
        "passband": 2,
        "mag": 18.53,
        "mag_err": 0.0855653,
        "locus_id": "ZTF19acbhvgi"
    },
    "3": {
        "mjd": 58758.5133681,
        "passband": 1,
        "mag": 18.2917,
        "mag_err": 0.057638800000000004,
        "locus_id": "ZTF19acbhvgi"
    },
    "4": {
        "mjd": 58759.4751505,
        "passband": 1,
        "mag": 18.3113,
        "mag_err": 0.072496,
        "locus_id": "ZTF19acbhvgi"
    },
    "5": {
        "mjd": 58761.477615699994,
        "passband": 2,
        "mag": 18.4227,
        "mag_err": 0.0820445,
        "locus_id": "ZTF19acbhvgi"
    },
    "6": {
        "mjd": 58763.476875,
        "passband": 1,
        "mag": 18.3729,
        "mag_err": 0.0734572,
        "locus_id": "ZTF19acbhvgi"
    },
    "7": {
        "mjd": 58766.463576400005,
        "passband": 1,
        "mag": 18.37,
        "mag_err": 0.10595299999999999,
        "locus_id": "ZTF19acbhvgi"
    },
    "8": {
        "mjd": 58766.5284028,
        "passband": 2,
        "mag": 18.3711,
        "mag_err": 0.0684692,
        "locus_id": "ZTF19acbhvgi"
    },
    "9": {
        "mjd": 58767.4541204,
        "passband": 1,
        "mag": 18.3854,
        "mag_err": 0.0857703,
        "locus_id": "ZTF19acbhvgi"
    },
    "10": {
        "mjd": 58768.4643866,
        "passband": 1,
        "mag": 18.3992,
        "mag_err": 0.09423680000000001,
        "locus_id": "ZTF19acbhvgi"
    },
    "11": {
        "mjd": 58769.4778125,
        "passband": 2,
        "mag": 18.3927,
        "mag_err": 0.0878816,
        "locus_id": "ZTF19acbhvgi"
    },
    "12": {
        "mjd": 58773.51439809999,
        "passband": 2,
        "mag": 18.2988,
        "mag_err": 0.129262,
        "locus_id": "ZTF19acbhvgi"
    },
    "13": {
        "mjd": 58778.4855324,
        "passband": 2,
        "mag": 18.5525,
        "mag_err": 0.113568,
        "locus_id": "ZTF19acbhvgi"
    },
    "14": {
        "mjd": 58778.51622690001,
        "passband": 1,
        "mag": 18.7472,
        "mag_err": 0.0857567,
        "locus_id": "ZTF19acbhvgi"
    },
    "15": {
        "mjd": 58778.53351849999,
        "passband": 1,
        "mag": 18.7799,
        "mag_err": 0.119477,
        "locus_id": "ZTF19acbhvgi"
    },
    "16": {
        "mjd": 58781.4774074,
        "passband": 1,
        "mag": 18.8097,
        "mag_err": 0.132927,
        "locus_id": "ZTF19acbhvgi"
    },
    "17": {
        "mjd": 58781.5047801,
        "passband": 2,
        "mag": 18.5036,
        "mag_err": 0.12283,
        "locus_id": "ZTF19acbhvgi"
    },
    "18": {
        "mjd": 58784.4843056,
        "passband": 1,
        "mag": 18.8397,
        "mag_err": 0.123082,
        "locus_id": "ZTF19acbhvgi"
    },
    "19": {
        "mjd": 58784.52414349999,
        "passband": 2,
        "mag": 18.4956,
        "mag_err": 0.171683,
        "locus_id": "ZTF19acbhvgi"
    },
    "20": {
        "mjd": 58787.456330999994,
        "passband": 1,
        "mag": 18.9119,
        "mag_err": 0.12315899999999999,
        "locus_id": "ZTF19acbhvgi"
    },
    "21": {
        "mjd": 58787.5253704,
        "passband": 2,
        "mag": 18.4391,
        "mag_err": 0.0836028,
        "locus_id": "ZTF19acbhvgi"
    },
    "22": {
        "mjd": 58788.45094909999,
        "passband": 1,
        "mag": 19.0229,
        "mag_err": 0.10220599999999999,
        "locus_id": "ZTF19acbhvgi"
    },
    "23": {
        "mjd": 58790.485428199994,
        "passband": 2,
        "mag": 18.5828,
        "mag_err": 0.08684220000000001,
        "locus_id": "ZTF19acbhvgi"
    },
    "24": {
        "mjd": 58790.519294000005,
        "passband": 2,
        "mag": 18.55,
        "mag_err": 0.0682025,
        "locus_id": "ZTF19acbhvgi"
    },
    "25": {
        "mjd": 58790.5281597,
        "passband": 1,
        "mag": 19.0228,
        "mag_err": 0.0953934,
        "locus_id": "ZTF19acbhvgi"
    },
    "26": {
        "mjd": 58793.505,
        "passband": 2,
        "mag": 18.595,
        "mag_err": 0.0903051,
        "locus_id": "ZTF19acbhvgi"
    },
    "27": {
        "mjd": 58796.5330671,
        "passband": 2,
        "mag": 18.5619,
        "mag_err": 0.0828198,
        "locus_id": "ZTF19acbhvgi"
    },
    "28": {
        "mjd": 58796.5458681,
        "passband": 1,
        "mag": 19.0886,
        "mag_err": 0.0975175,
        "locus_id": "ZTF19acbhvgi"
    },
    "29": {
        "mjd": 58799.46278940001,
        "passband": 2,
        "mag": 18.7405,
        "mag_err": 0.130658,
        "locus_id": "ZTF19acbhvgi"
    },
    "30": {
        "mjd": 58799.5276968,
        "passband": 1,
        "mag": 19.3189,
        "mag_err": 0.202953,
        "locus_id": "ZTF19acbhvgi"
    },
    "31": {
        "mjd": 58802.536203699994,
        "passband": 1,
        "mag": 19.227,
        "mag_err": 0.146886,
        "locus_id": "ZTF19acbhvgi"
    },
    "32": {
        "mjd": 58806.470671300005,
        "passband": 1,
        "mag": 19.1861,
        "mag_err": 0.133733,
        "locus_id": "ZTF19acbhvgi"
    },
    "33": {
        "mjd": 58806.482696800005,
        "passband": 2,
        "mag": 18.6031,
        "mag_err": 0.106628,
        "locus_id": "ZTF19acbhvgi"
    },
    "34": {
        "mjd": 58812.4377199,
        "passband": 1,
        "mag": 19.1937,
        "mag_err": 0.0859283,
        "locus_id": "ZTF19acbhvgi"
    },
    "35": {
        "mjd": 58827.3052546,
        "passband": 2,
        "mag": 18.6153,
        "mag_err": 0.106876,
        "locus_id": "ZTF19acbhvgi"
    },
    "36": {
        "mjd": 58828.303090299996,
        "passband": 2,
        "mag": 18.7434,
        "mag_err": 0.13006700000000002,
        "locus_id": "ZTF19acbhvgi"
    },
    "37": {
        "mjd": 58828.44182869999,
        "passband": 1,
        "mag": 19.4736,
        "mag_err": 0.201026,
        "locus_id": "ZTF19acbhvgi"
    },
    "38": {
        "mjd": 58833.37326390001,
        "passband": 2,
        "mag": 18.6718,
        "mag_err": 0.1353,
        "locus_id": "ZTF19acbhvgi"
    },
    "39": {
        "mjd": 58835.4219213,
        "passband": 2,
        "mag": 18.8873,
        "mag_err": 0.16406500000000002,
        "locus_id": "ZTF19acbhvgi"
    },
    "40": {
        "mjd": 58846.404375,
        "passband": 2,
        "mag": 18.9223,
        "mag_err": 0.0809245,
        "locus_id": "ZTF19acbhvgi"
    },
    "41": {
        "mjd": 58850.447037,
        "passband": 2,
        "mag": 19.1422,
        "mag_err": 0.172825,
        "locus_id": "ZTF19acbhvgi"
    },
    "42": {
        "mjd": 58853.460949099994,
        "passband": 1,
        "mag": 20.098,
        "mag_err": 0.13455599999999998,
        "locus_id": "ZTF19acbhvgi"
    },
    "43": {
        "mjd": 58860.31688659999,
        "passband": 2,
        "mag": 19.4769,
        "mag_err": 0.2988,
        "locus_id": "ZTF19acbhvgi"
    },
    "44": {
        "mjd": 58860.3195949,
        "passband": 2,
        "mag": 19.4455,
        "mag_err": 0.261266,
        "locus_id": "ZTF19acbhvgi"
    },
    "45": {
        "mjd": 58862.34717590001,
        "passband": 2,
        "mag": 19.9922,
        "mag_err": 0.255472,
        "locus_id": "ZTF19acbhvgi"
    },
    "46": {
        "mjd": 58871.272766199996,
        "passband": 2,
        "mag": 20.2535,
        "mag_err": 0.21270100000000003,
        "locus_id": "ZTF19acbhvgi"
    },
    "47": {
        "mjd": 58873.2167824,
        "passband": 2,
        "mag": 20.4682,
        "mag_err": 0.25847800000000004,
        "locus_id": "ZTF19acbhvgi"
    },
    "48": {
        "mjd": 58875.2499306,
        "passband": 2,
        "mag": 20.6651,