{
    "0": {
        "mjd": 58367.3604745,
        "passband": 2,
        "mag": 18.7925,
        "mag_err": 0.0797591,
        "locus_id": "ZTF18abtqevs"
    },
    "1": {
        "mjd": 58367.416053199995,
        "passband": 1,
        "mag": 19.5993,
        "mag_err": 0.117773,
        "locus_id": "ZTF18abtqevs"
    },
    "2": {
        "mjd": 58370.3625231,
        "passband": 1,
        "mag": 19.4589,
        "mag_err": 0.0892317,
        "locus_id": "ZTF18abtqevs"
    },
    "3": {
        "mjd": 58370.412384300005,
        "passband": 2,
        "mag": 18.6317,
        "mag_err": 0.06902660000000001,
        "locus_id": "ZTF18abtqevs"
    },
    "4": {
        "mjd": 58371.37407409999,
        "passband": 1,
        "mag": 19.4713,
        "mag_err": 0.109383,
        "locus_id": "ZTF18abtqevs"
    },
    "5": {
        "mjd": 58373.318831,
        "passband": 2,
        "mag": 18.6379,
        "mag_err": 0.0802049,
        "locus_id": "ZTF18abtqevs"
    },
    "6": {
        "mjd": 58373.385046300005,
        "passband": 1,
        "mag": 19.4341,
        "mag_err": 0.10744400000000001,
        "locus_id": "ZTF18abtqevs"
    },
    "7": {
        "mjd": 58376.3175926,
        "passband": 1,
        "mag": 19.5795,
        "mag_err": 0.10293499999999998,
        "locus_id": "ZTF18abtqevs"
    },
    "8": {
        "mjd": 58376.3524537,
        "passband": 2,
        "mag": 18.6935,
        "mag_err": 0.0632366,
        "locus_id": "ZTF18abtqevs"
    },
    "9": {
        "mjd": 58377.3703704,
        "passband": 1,
        "mag": 19.6253,
        "mag_err": 0.112955,
        "locus_id": "ZTF18abtqevs"
    },
    "10": {
        "mjd": 58379.346794000005,
        "passband": 1,
        "mag": 19.7441,
        "mag_err": 0.125288,
        "locus_id": "ZTF18abtqevs"
    },
    "11": {
        "mjd": 58379.4065046,
        "passband": 2,
        "mag": 18.6975,
        "mag_err": 0.0717259,
        "locus_id": "ZTF18abtqevs"
    },
    "12": {
        "mjd": 58382.3449653,
        "passband": 2,
        "mag": 18.98,
        "mag_err": 0.112772,
        "locus_id": "ZTF18abtqevs"
    },
    "13": {
        "mjd": 58382.403298599995,
        "passband": 1,
        "mag": 20.0531,
        "mag_err": 0.198625,
        "locus_id": "ZTF18abtqevs"
    },
    "14": {
        "mjd": 58384.279571800005,
        "passband": 1,
        "mag": 19.6887,
        "mag_err": 0.199518,
        "locus_id": "ZTF18abtqevs"
    },
    "15": {
        "mjd": 58385.2730903,
        "passband": 2,
        "mag": 19.0561,
        "mag_err": 0.121386,
        "locus_id": "ZTF18abtqevs"
    },
    "16": {
        "mjd": 58388.2564931,
        "passband": 2,
        "mag": 19.2706,
        "mag_err": 0.121959,
        "locus_id": "ZTF18abtqevs"
    }
}