{
    "0": {
        "mjd": 58765.100173599996,
        "passband": 1,
        "mag": 18.7544,
        "mag_err": 0.13952699999999998,
        "locus_id": "ZTF19acduloz"
    },
    "1": {
        "mjd": 58765.109351900006,
        "passband": 2,
        "mag": 19.0545,
        "mag_err": 0.173802,
        "locus_id": "ZTF19acduloz"
    },
    "2": {
        "mjd": 58768.11707180001,
        "passband": 2,
        "mag": 18.5955,
        "mag_err": 0.142096,
        "locus_id": "ZTF19acduloz"
    },
    "3": {
        "mjd": 58772.115208300005,
        "passband": 1,
        "mag": 18.5228,
        "mag_err": 0.13131800000000002,
        "locus_id": "ZTF19acduloz"
    },
    "4": {
        "mjd": 58775.09210650001,
        "passband": 2,
        "mag": 18.3319,
        "mag_err": 0.0923087,
        "locus_id": "ZTF19acduloz"
    },
    "5": {
        "mjd": 58775.1107523,
        "passband": 1,
        "mag": 18.4596,
        "mag_err": 0.117256,
        "locus_id": "ZTF19acduloz"
    },
    "6": {
        "mjd": 58778.1138773,
        "passband": 1,
        "mag": 18.5302,
        "mag_err": 0.140449,
        "locus_id": "ZTF19acduloz"
    }
}