{
    "0": {
        "mjd": 58425.19304400001,
        "passband": 1,
        "mag": 18.745,
        "mag_err": 0.0906358,
        "locus_id": "ZTF18acbxsgy"
    },
    "1": {
        "mjd": 58428.2115162,
        "passband": 1,
        "mag": 18.5876,
        "mag_err": 0.087184,
        "locus_id": "ZTF18acbxsgy"
    },
    "2": {
        "mjd": 58428.232696800005,
        "passband": 2,
        "mag": 18.8298,
        "mag_err": 0.1084,
        "locus_id": "ZTF18acbxsgy"
    },
    "3": {
        "mjd": 58431.1914005,
        "passband": 2,
        "mag": 18.7286,
        "mag_err": 0.118788,
        "locus_id": "ZTF18acbxsgy"
    },
    "4": {
        "mjd": 58434.1889352,
        "passband": 2,
        "mag": 18.9405,
        "mag_err": 0.127914,
        "locus_id": "ZTF18acbxsgy"
    },
    "5": {
        "mjd": 58434.2519676,
        "passband": 1,
        "mag": 18.7614,
        "mag_err": 0.137678,
        "locus_id": "ZTF18acbxsgy"
    },
    "6": {
        "mjd": 58437.2113079,
        "passband": 1,
        "mag": 18.9519,
        "mag_err": 0.118128,
        "locus_id": "ZTF18acbxsgy"
    },
    "7": {
        "mjd": 58437.2696644,
        "passband": 2,
        "mag": 18.8259,
        "mag_err": 0.08874510000000001,
        "locus_id": "ZTF18acbxsgy"
    },
    "8": {
        "mjd": 58443.1957523,
        "passband": 1,
        "mag": 19.3135,
        "mag_err": 0.193341,
        "locus_id": "ZTF18acbxsgy"
    },
    "9": {
        "mjd": 58456.185463,
        "passband": 2,
        "mag": 19.7347,
        "mag_err": 0.15495,
        "locus_id": "ZTF18acbxsgy"
    }
}