{
    "0": {
        "mjd": 58523.1645602,
        "passband": 2,
        "mag": 19.5355,
        "mag_err": 0.110884,
        "locus_id": "ZTF19aahsclk"
    },
    "1": {
        "mjd": 58534.13333330001,
        "passband": 1,
        "mag": 18.4355,
        "mag_err": 0.108993,
        "locus_id": "ZTF19aahsclk"
    },
    "2": {
        "mjd": 58538.11089119999,
        "passband": 2,
        "mag": 18.4018,
        "mag_err": 0.098076,
        "locus_id": "ZTF19aahsclk"
    },
    "3": {
        "mjd": 58538.143171300006,
        "passband": 1,
        "mag": 18.6738,
        "mag_err": 0.131884,
        "locus_id": "ZTF19aahsclk"
    },
    "4": {
        "mjd": 58547.13960650001,
        "passband": 2,
        "mag": 19.1107,
        "mag_err": 0.106216,
        "locus_id": "ZTF19aahsclk"
    }
}