{
    "0": {
        "mjd": 58538.10997690001,
        "passband": 2,
        "mag": 19.0074,
        "mag_err": 0.131012,
        "locus_id": "ZTF19aakluwr"
    },
    "1": {
        "mjd": 58538.110428199994,
        "passband": 2,
        "mag": 18.9211,
        "mag_err": 0.108276,
        "locus_id": "ZTF19aakluwr"
    },
    "2": {
        "mjd": 58538.1436227,
        "passband": 1,
        "mag": 19.0367,
        "mag_err": 0.337244,
        "locus_id": "ZTF19aakluwr"
    },
    "3": {
        "mjd": 58538.1440856,
        "passband": 1,
        "mag": 19.2922,
        "mag_err": 0.357606,
        "locus_id": "ZTF19aakluwr"
    },
    "4": {
        "mjd": 58547.142338,
        "passband": 2,
        "mag": 18.5899,
        "mag_err": 0.0689797,
        "locus_id": "ZTF19aakluwr"
    },
    "5": {
        "mjd": 58557.1231597,
        "passband": 2,
        "mag": 18.9123,
        "mag_err": 0.130934,
        "locus_id": "ZTF19aakluwr"
    }
}