{
    "0": {
        "mjd": 58705.4698264,
        "passband": 2,
        "mag": 18.4239,
        "mag_err": 0.0703002,
        "locus_id": "ZTF19abpangr"
    },
    "1": {
        "mjd": 58705.4856597,
        "passband": 1,
        "mag": 19.5115,
        "mag_err": 0.151322,
        "locus_id": "ZTF19abpangr"
    },
    "2": {
        "mjd": 58708.471990699996,
        "passband": 1,
        "mag": 19.7513,
        "mag_err": 0.159,
        "locus_id": "ZTF19abpangr"
    },
    "3": {
        "mjd": 58708.5065625,
        "passband": 2,
        "mag": 18.6383,
        "mag_err": 0.0995988,
        "locus_id": "ZTF19abpangr"
    },
    "4": {
        "mjd": 58712.455763900005,
        "passband": 2,
        "mag": 18.9323,
        "mag_err": 0.127573,
        "locus_id": "ZTF19abpangr"
    },
    "5": {
        "mjd": 58715.4500347,
        "passband": 2,
        "mag": 19.0602,
        "mag_err": 0.109102,
        "locus_id": "ZTF19abpangr"
    },
    "6": {
        "mjd": 58718.487419000005,
        "passband": 2,
        "mag": 19.4908,
        "mag_err": 0.131938,
        "locus_id": "ZTF19abpangr"
    },
    "7": {
        "mjd": 58724.4748495,
        "passband": 1,
        "mag": 20.7771,
        "mag_err": 0.298993,
        "locus_id": "ZTF19abpangr"
    },
    "8": {
        "mjd": 58724.494421300005,
        "passband": 2,
        "mag": 19.7514,
        "mag_err": 0.152611,
        "locus_id": "ZTF19abpangr"
    },
    "9": {
        "mjd": 58727.50605319999,
        "passband": 2,
        "mag": 19.8307,
        "mag_err": 0.13861199999999999,
        "locus_id": "ZTF19abpangr"
    },
    "10": {
        "mjd": 58732.507824099994,
        "passband": 2,
        "mag": 20.0877,
        "mag_err": 0.15582000000000001,
        "locus_id": "ZTF19abpangr"
    },
    "11": {
        "mjd": 58735.5119097,
        "passband": 2,
        "mag": 20.0233,
        "mag_err": 0.178505,
        "locus_id": "ZTF19abpangr"
    }
}