{
    "0": {
        "mjd": 58308.1981597,
        "passband": 1,
        "mag": 19.7067,
        "mag_err": 0.14316500000000001,
        "locus_id": "ZTF18abealop"
    },
    "1": {
        "mjd": 58308.1990972,
        "passband": 1,
        "mag": 19.9175,
        "mag_err": 0.126869,
        "locus_id": "ZTF18abealop"
    },
    "2": {
        "mjd": 58308.242164400006,
        "passband": 2,
        "mag": 19.5154,
        "mag_err": 0.12548299999999998,
        "locus_id": "ZTF18abealop"
    },
    "3": {
        "mjd": 58308.245451400006,
        "passband": 2,
        "mag": 19.6767,
        "mag_err": 0.128024,
        "locus_id": "ZTF18abealop"
    },
    "4": {
        "mjd": 58311.20229169999,
        "passband": 2,
        "mag": 19.3018,
        "mag_err": 0.0920726,
        "locus_id": "ZTF18abealop"
    },
    "5": {
        "mjd": 58311.218020800006,
        "passband": 2,
        "mag": 19.4279,
        "mag_err": 0.117801,
        "locus_id": "ZTF18abealop"
    },
    "6": {
        "mjd": 58314.1798264,
        "passband": 2,
        "mag": 19.297,
        "mag_err": 0.0841553,
        "locus_id": "ZTF18abealop"
    },
    "7": {
        "mjd": 58314.2020949,
        "passband": 2,
        "mag": 19.2403,
        "mag_err": 0.127123,
        "locus_id": "ZTF18abealop"
    },
    "8": {
        "mjd": 58314.23817130001,
        "passband": 1,
        "mag": 19.3906,
        "mag_err": 0.132196,
        "locus_id": "ZTF18abealop"
    },
    "9": {
        "mjd": 58314.2386574,
        "passband": 1,
        "mag": 19.3941,
        "mag_err": 0.12161,
        "locus_id": "ZTF18abealop"
    },
    "10": {
        "mjd": 58319.200578699994,
        "passband": 1,
        "mag": 19.5082,
        "mag_err": 0.206193,
        "locus_id": "ZTF18abealop"
    },
    "11": {
        "mjd": 58319.217696800006,
        "passband": 2,
        "mag": 19.3178,
        "mag_err": 0.130454,
        "locus_id": "ZTF18abealop"
    },
    "12": {
        "mjd": 58319.243449099995,
        "passband": 2,
        "mag": 19.2047,
        "mag_err": 0.172948,
        "locus_id": "ZTF18abealop"
    },
    "13": {
        "mjd": 58322.2011921,
        "passband": 1,
        "mag": 19.5347,
        "mag_err": 0.154898,
        "locus_id": "ZTF18abealop"
    },
    "14": {
        "mjd": 58322.2359375,
        "passband": 2,
        "mag": 19.3634,
        "mag_err": 0.129492,
        "locus_id": "ZTF18abealop"
    },
    "15": {
        "mjd": 58322.2410648,
        "passband": 2,
        "mag": 19.3789,
        "mag_err": 0.120676,
        "locus_id": "ZTF18abealop"
    },
    "16": {
        "mjd": 58325.22563659999,
        "passband": 2,
        "mag": 19.572,
        "mag_err": 0.186097,
        "locus_id": "ZTF18abealop"
    },
    "17": {
        "mjd": 58325.2359375,
        "passband": 2,
        "mag": 19.3612,
        "mag_err": 0.162708,
        "locus_id": "ZTF18abealop"
    },
    "18": {
        "mjd": 58331.1813426,
        "passband": 2,
        "mag": 19.9186,
        "mag_err": 0.134914,
        "locus_id": "ZTF18abealop"
    },
    "19": {
        "mjd": 58334.16550930001,
        "passband": 2,
        "mag": 19.9944,
        "mag_err": 0.198984,
        "locus_id": "ZTF18abealop"
    },
    "20": {
        "mjd": 58334.1664352,
        "passband": 2,
        "mag": 20.0396,
        "mag_err": 0.182658,
        "locus_id": "ZTF18abealop"
    },
    "21": {
        "mjd": 58337.1949537,
        "passband": 2,
        "mag": 20.0315,
        "mag_err": 0.17466800000000002,
        "locus_id": "ZTF18abealop"
    },
    "22": {
        "mjd": 58337.1954398,
        "passband": 2,
        "mag": 19.8753,
        "mag_err": 0.129031,
        "locus_id": "ZTF18abealop"
    },
    "23": {
        "mjd": 58340.1819444,
        "passband": 2,
        "mag": 19.9827,
        "mag_err": 0.184871,
        "locus_id": "ZTF18abealop"
    },
    "24": {
        "mjd": 58344.18479169999,
        "passband": 2,
        "mag": 20.1963,
        "mag_err": 0.20435999999999999,
        "locus_id": "ZTF18abealop"
    }
}