{
    "0": {
        "mjd": 58375.43177080001,
        "passband": 1,
        "mag": 19.9191,
        "mag_err": 0.15118399999999999,
        "locus_id": "ZTF18abvsvjs"
    },
    "1": {
        "mjd": 58378.447835599996,
        "passband": 1,
        "mag": 19.3607,
        "mag_err": 0.162522,
        "locus_id": "ZTF18abvsvjs"
    },
    "2": {
        "mjd": 58382.3689699,
        "passband": 2,
        "mag": 19.195,
        "mag_err": 0.09675510000000001,
        "locus_id": "ZTF18abvsvjs"
    },
    "3": {
        "mjd": 58382.4369329,
        "passband": 1,
        "mag": 19.0665,
        "mag_err": 0.127709,
        "locus_id": "ZTF18abvsvjs"
    },
    "4": {
        "mjd": 58385.331388900006,
        "passband": 2,
        "mag": 19.2092,
        "mag_err": 0.159987,
        "locus_id": "ZTF18abvsvjs"
    },
    "5": {
        "mjd": 58385.441713,
        "passband": 1,
        "mag": 18.9933,
        "mag_err": 0.16631700000000002,
        "locus_id": "ZTF18abvsvjs"
    },
    "6": {
        "mjd": 58390.5210069,
        "passband": 2,
        "mag": 19.1169,
        "mag_err": 0.15296400000000002,
        "locus_id": "ZTF18abvsvjs"
    },
    "7": {
        "mjd": 58397.3730324,
        "passband": 1,
        "mag": 19.4431,
        "mag_err": 0.10469200000000001,
        "locus_id": "ZTF18abvsvjs"
    },
    "8": {
        "mjd": 58397.4001505,
        "passband": 2,
        "mag": 19.5052,
        "mag_err": 0.0819328,
        "locus_id": "ZTF18abvsvjs"
    },
    "9": {
        "mjd": 58706.497083300004,
        "passband": 2,
        "mag": 20.7332,
        "mag_err": 0.265183,
        "locus_id": "ZTF18abvsvjs"
    },
    "10": {
        "mjd": 58722.483287,
        "passband": 2,
        "mag": 20.7956,
        "mag_err": 0.217018,
        "locus_id": "ZTF18abvsvjs"
    }
}