{
    "0": {
        "mjd": 58757.419895800005,
        "passband": 1,
        "mag": 18.8858,
        "mag_err": 0.121993,
        "locus_id": "ZTF19acbunmk"
    },
    "1": {
        "mjd": 58757.516666699994,
        "passband": 2,
        "mag": 18.7015,
        "mag_err": 0.0891671,
        "locus_id": "ZTF19acbunmk"
    },
    "2": {
        "mjd": 58760.32802080001,
        "passband": 2,
        "mag": 17.7065,
        "mag_err": 0.0573462,
        "locus_id": "ZTF19acbunmk"
    },
    "3": {
        "mjd": 58760.4180208,
        "passband": 1,
        "mag": 17.7002,
        "mag_err": 0.0616985,
        "locus_id": "ZTF19acbunmk"
    },
    "4": {
        "mjd": 58763.35699069999,
        "passband": 2,
        "mag": 17.0762,
        "mag_err": 0.050936,
        "locus_id": "ZTF19acbunmk"
    },
    "5": {
        "mjd": 58763.413101900005,
        "passband": 1,
        "mag": 17.0201,
        "mag_err": 0.052908500000000004,
        "locus_id": "ZTF19acbunmk"
    },
    "6": {
        "mjd": 58766.488923599994,
        "passband": 2,
        "mag": 16.7205,
        "mag_err": 0.0360426,
        "locus_id": "ZTF19acbunmk"
    },
    "7": {
        "mjd": 58769.3572801,
        "passband": 2,
        "mag": 16.615,
        "mag_err": 0.036462699999999994,
        "locus_id": "ZTF19acbunmk"
    },
    "8": {
        "mjd": 58769.483101900005,
        "passband": 1,
        "mag": 16.504,
        "mag_err": 0.037154599999999996,
        "locus_id": "ZTF19acbunmk"
    },
    "9": {
        "mjd": 58775.3392824,
        "passband": 2,
        "mag": 16.6019,
        "mag_err": 0.0346866,
        "locus_id": "ZTF19acbunmk"
    },
    "10": {
        "mjd": 58778.295486099996,
        "passband": 1,
        "mag": 16.7854,
        "mag_err": 0.049993300000000004,
        "locus_id": "ZTF19acbunmk"
    },
    "11": {
        "mjd": 58778.380613400004,
        "passband": 2,
        "mag": 16.7745,
        "mag_err": 0.0294709,
        "locus_id": "ZTF19acbunmk"
    },
    "12": {
        "mjd": 58781.3159954,
        "passband": 2,
        "mag": 16.9004,
        "mag_err": 0.0533279,
        "locus_id": "ZTF19acbunmk"
    },
    "13": {
        "mjd": 58781.3922454,
        "passband": 1,
        "mag": 17.0706,
        "mag_err": 0.0549553,
        "locus_id": "ZTF19acbunmk"
    },
    "14": {
        "mjd": 58784.4130324,
        "passband": 1,
        "mag": 17.4835,
        "mag_err": 0.096046,
        "locus_id": "ZTF19acbunmk"
    },
    "15": {
        "mjd": 58787.3613773,
        "passband": 1,
        "mag": 17.7985,
        "mag_err": 0.08866039999999999,
        "locus_id": "ZTF19acbunmk"
    },
    "16": {
        "mjd": 58790.31467590001,
        "passband": 1,
        "mag": 17.9869,
        "mag_err": 0.0919953,
        "locus_id": "ZTF19acbunmk"
    },
    "17": {
        "mjd": 58790.37451390001,
        "passband": 2,
        "mag": 17.2955,
        "mag_err": 0.052455299999999996,
        "locus_id": "ZTF19acbunmk"
    },
    "18": {
        "mjd": 58793.3645255,
        "passband": 2,
        "mag": 17.3663,
        "mag_err": 0.0425815,
        "locus_id": "ZTF19acbunmk"
    },
    "19": {
        "mjd": 58797.2307407,
        "passband": 1,
        "mag": 18.672,
        "mag_err": 0.172042,
        "locus_id": "ZTF19acbunmk"
    },
    "20": {
        "mjd": 58797.3332523,
        "passband": 2,
        "mag": 17.526,
        "mag_err": 0.053758900000000005,
        "locus_id": "ZTF19acbunmk"
    },
    "21": {
        "mjd": 58800.23282409999,
        "passband": 1,
        "mag": 18.3398,
        "mag_err": 0.215155,
        "locus_id": "ZTF19acbunmk"
    },
    "22": {
        "mjd": 58800.314919000004,
        "passband": 2,
        "mag": 17.7468,
        "mag_err": 0.0865237,
        "locus_id": "ZTF19acbunmk"
    },
    "23": {
        "mjd": 58803.2949306,
        "passband": 2,
        "mag": 18.0514,
        "mag_err": 0.06690510000000001,
        "locus_id": "ZTF19acbunmk"
    },
    "24": {
        "mjd": 58806.340393499995,
        "passband": 1,
        "mag": 18.9348,
        "mag_err": 0.130537,
        "locus_id": "ZTF19acbunmk"
    },
    "25": {
        "mjd": 58812.2878472,
        "passband": 2,
        "mag": 18.509,
        "mag_err": 0.0885481,
        "locus_id": "ZTF19acbunmk"
    },
    "26": {
        "mjd": 58836.21392359999,
        "passband": 1,
        "mag": 19.6621,
        "mag_err": 0.185433,
        "locus_id": "ZTF19acbunmk"
    }
}