{
    "0": {
        "mjd": 58633.4430324,
        "passband": 1,
        "mag": 20.3773,
        "mag_err": 0.158255,
        "locus_id": "ZTF19aavvozj"
    },
    "1": {
        "mjd": 58634.476273099994,
        "passband": 1,
        "mag": 20.0815,
        "mag_err": 0.17539200000000002,
        "locus_id": "ZTF19aavvozj"
    },
    "2": {
        "mjd": 58636.4314352,
        "passband": 2,
        "mag": 19.6807,
        "mag_err": 0.11185999999999999,
        "locus_id": "ZTF19aavvozj"
    },
    "3": {
        "mjd": 58636.47829859999,
        "passband": 1,
        "mag": 19.5892,
        "mag_err": 0.13265,
        "locus_id": "ZTF19aavvozj"
    },
    "4": {
        "mjd": 58639.4057523,
        "passband": 2,
        "mag": 19.3688,
        "mag_err": 0.0967329,
        "locus_id": "ZTF19aavvozj"
    },
    "5": {
        "mjd": 58639.439814800004,
        "passband": 1,
        "mag": 19.2506,
        "mag_err": 0.0680923,
        "locus_id": "ZTF19aavvozj"
    },
    "6": {
        "mjd": 58642.4291088,
        "passband": 1,
        "mag": 19.0808,
        "mag_err": 0.0688659,
        "locus_id": "ZTF19aavvozj"
    },
    "7": {
        "mjd": 58642.4429745,
        "passband": 2,
        "mag": 19.0958,
        "mag_err": 0.0943989,
        "locus_id": "ZTF19aavvozj"
    },
    "8": {
        "mjd": 58645.42236109999,
        "passband": 1,
        "mag": 19.0591,
        "mag_err": 0.09153480000000001,
        "locus_id": "ZTF19aavvozj"
    },
    "9": {
        "mjd": 58645.4700347,
        "passband": 2,
        "mag": 19.0028,
        "mag_err": 0.0887037,
        "locus_id": "ZTF19aavvozj"
    },
    "10": {
        "mjd": 58648.4450463,
        "passband": 1,
        "mag": 19.1309,
        "mag_err": 0.0968342,
        "locus_id": "ZTF19aavvozj"
    },
    "11": {
        "mjd": 58648.471713,
        "passband": 2,
        "mag": 18.9863,
        "mag_err": 0.08003239999999999,
        "locus_id": "ZTF19aavvozj"
    },
    "12": {
        "mjd": 58651.42373840001,
        "passband": 2,
        "mag": 18.9914,
        "mag_err": 0.124548,
        "locus_id": "ZTF19aavvozj"
    },
    "13": {
        "mjd": 58654.427789400004,
        "passband": 2,
        "mag": 19.2995,
        "mag_err": 0.149729,
        "locus_id": "ZTF19aavvozj"
    },
    "14": {
        "mjd": 58654.4753125,
        "passband": 1,
        "mag": 19.6042,
        "mag_err": 0.304079,
        "locus_id": "ZTF19aavvozj"
    },
    "15": {
        "mjd": 58657.420266199995,
        "passband": 2,
        "mag": 19.2705,
        "mag_err": 0.11646500000000001,
        "locus_id": "ZTF19aavvozj"
    },
    "16": {
        "mjd": 58658.3852546,
        "passband": 2,
        "mag": 19.4238,
        "mag_err": 0.102377,
        "locus_id": "ZTF19aavvozj"
    },
    "17": {
        "mjd": 58660.46300930001,
        "passband": 2,
        "mag": 19.5461,
        "mag_err": 0.28571799999999997,
        "locus_id": "ZTF19aavvozj"
    },
    "18": {
        "mjd": 58661.33798609999,
        "passband": 2,
        "mag": 19.4818,
        "mag_err": 0.103493,
        "locus_id": "ZTF19aavvozj"
    },
    "19": {
        "mjd": 58661.4580671,
        "passband": 1,
        "mag": 19.9789,
        "mag_err": 0.17513199999999998,
        "locus_id": "ZTF19aavvozj"
    },
    "20": {
        "mjd": 58662.3238194,
        "passband": 2,
        "mag": 19.5411,
        "mag_err": 0.119031,
        "locus_id": "ZTF19aavvozj"
    },
    "21": {
        "mjd": 58662.42394680001,
        "passband": 1,
        "mag": 20.1327,
        "mag_err": 0.120851,
        "locus_id": "ZTF19aavvozj"
    },
    "22": {
        "mjd": 58662.453460599994,
        "passband": 1,
        "mag": 20.1093,
        "mag_err": 0.163247,
        "locus_id": "ZTF19aavvozj"
    },
    "23": {
        "mjd": 58663.4233796,
        "passband": 2,
        "mag": 19.6259,
        "mag_err": 0.173466,
        "locus_id": "ZTF19aavvozj"
    },
    "24": {
        "mjd": 58665.4213773,
        "passband": 2,
        "mag": 19.6555,
        "mag_err": 0.11523299999999999,
        "locus_id": "ZTF19aavvozj"
    },
    "25": {
        "mjd": 58665.46173609999,
        "passband": 1,
        "mag": 20.3694,
        "mag_err": 0.198909,
        "locus_id": "ZTF19aavvozj"
    },
    "26": {
        "mjd": 58668.3027778,
        "passband": 1,
        "mag": 20.3686,
        "mag_err": 0.2101,
        "locus_id": "ZTF19aavvozj"
    },
    "27": {
        "mjd": 58668.34107640001,
        "passband": 2,
        "mag": 19.6695,
        "mag_err": 0.10435699999999999,
        "locus_id": "ZTF19aavvozj"
    },
    "28": {
        "mjd": 58677.2885185,
        "passband": 2,
        "mag": 19.8574,
        "mag_err": 0.21535300000000002,
        "locus_id": "ZTF19aavvozj"
    },
    "29": {
        "mjd": 58678.4626273,
        "passband": 2,
        "mag": 20.028,
        "mag_err": 0.14488,
        "locus_id": "ZTF19aavvozj"
    }
}