{
    "0": {
        "mjd": 58437.3826852,
        "passband": 2,
        "mag": 20.2319,
        "mag_err": 0.189027,
        "locus_id": "ZTF18acmzpbf"
    },
    "1": {
        "mjd": 58440.517511599995,
        "passband": 2,
        "mag": 18.917,
        "mag_err": 0.0767929,
        "locus_id": "ZTF18acmzpbf"
    },
    "2": {
        "mjd": 58443.37810190001,
        "passband": 2,
        "mag": 18.1662,
        "mag_err": 0.0641275,
        "locus_id": "ZTF18acmzpbf"
    },
    "3": {
        "mjd": 58443.4226852,
        "passband": 2,
        "mag": 18.1573,
        "mag_err": 0.06372230000000001,
        "locus_id": "ZTF18acmzpbf"
    },
    "4": {
        "mjd": 58443.50842590001,
        "passband": 1,
        "mag": 18.1828,
        "mag_err": 0.06665800000000001,
        "locus_id": "ZTF18acmzpbf"
    },
    "5": {
        "mjd": 58443.528703699994,
        "passband": 1,
        "mag": 18.2014,
        "mag_err": 0.0602456,
        "locus_id": "ZTF18acmzpbf"
    },
    "6": {
        "mjd": 58447.310520800005,
        "passband": 2,
        "mag": 17.682000000000002,
        "mag_err": 0.07101089999999999,
        "locus_id": "ZTF18acmzpbf"
    },
    "7": {
        "mjd": 58447.41395830001,
        "passband": 2,
        "mag": 17.6869,
        "mag_err": 0.06485930000000001,
        "locus_id": "ZTF18acmzpbf"
    },
    "8": {
        "mjd": 58447.4154051,
        "passband": 2,
        "mag": 17.6779,
        "mag_err": 0.058732400000000004,
        "locus_id": "ZTF18acmzpbf"
    },
    "9": {
        "mjd": 58447.5039005,
        "passband": 2,
        "mag": 17.6309,
        "mag_err": 0.058174300000000005,
        "locus_id": "ZTF18acmzpbf"
    },
    "10": {
        "mjd": 58450.3825926,
        "passband": 2,
        "mag": 17.5277,
        "mag_err": 0.05059469999999999,
        "locus_id": "ZTF18acmzpbf"
    },
    "11": {
        "mjd": 58450.385011599996,
        "passband": 2,
        "mag": 17.5065,
        "mag_err": 0.045623500000000004,
        "locus_id": "ZTF18acmzpbf"
    },
    "12": {
        "mjd": 58450.44642359999,
        "passband": 1,
        "mag": 17.4799,
        "mag_err": 0.0436345,
        "locus_id": "ZTF18acmzpbf"
    },
    "13": {
        "mjd": 58450.44932869999,
        "passband": 1,
        "mag": 17.493,
        "mag_err": 0.047461,
        "locus_id": "ZTF18acmzpbf"
    },
    "14": {
        "mjd": 58455.2783449,
        "passband": 2,
        "mag": 17.4872,
        "mag_err": 0.0430973,
        "locus_id": "ZTF18acmzpbf"
    },
    "15": {
        "mjd": 58455.36695599999,
        "passband": 2,
        "mag": 17.463,
        "mag_err": 0.035464499999999996,
        "locus_id": "ZTF18acmzpbf"
    },
    "16": {
        "mjd": 58455.48748840001,
        "passband": 2,
        "mag": 17.4524,
        "mag_err": 0.060595500000000004,
        "locus_id": "ZTF18acmzpbf"
    },
    "17": {
        "mjd": 58461.5145486,
        "passband": 2,
        "mag": 17.7403,
        "mag_err": 0.0532668,
        "locus_id": "ZTF18acmzpbf"
    },
    "18": {
        "mjd": 58461.5187847,
        "passband": 2,
        "mag": 17.7396,
        "mag_err": 0.0679927,
        "locus_id": "ZTF18acmzpbf"
    },
    "19": {
        "mjd": 58464.302580999996,
        "passband": 2,
        "mag": 17.964000000000002,
        "mag_err": 0.062206899999999996,
        "locus_id": "ZTF18acmzpbf"
    },
    "20": {
        "mjd": 58464.3035069,
        "passband": 2,
        "mag": 17.9562,
        "mag_err": 0.06197769999999999,
        "locus_id": "ZTF18acmzpbf"
    },
    "21": {
        "mjd": 58464.3205324,
        "passband": 1,
        "mag": 18.1304,
        "mag_err": 0.0747492,
        "locus_id": "ZTF18acmzpbf"
    },
    "22": {
        "mjd": 58464.3264005,
        "passband": 1,
        "mag": 18.0837,
        "mag_err": 0.07085010000000001,
        "locus_id": "ZTF18acmzpbf"
    },
    "23": {
        "mjd": 58471.24486109999,
        "passband": 2,
        "mag": 18.2542,
        "mag_err": 0.161277,
        "locus_id": "ZTF18acmzpbf"
    },
    "24": {
        "mjd": 58471.267037,
        "passband": 2,
        "mag": 18.2115,
        "mag_err": 0.0989521,
        "locus_id": "ZTF18acmzpbf"
    },
    "25": {
        "mjd": 58471.2800579,
        "passband": 2,
        "mag": 18.2873,
        "mag_err": 0.0933215,
        "locus_id": "ZTF18acmzpbf"
    },
    "26": {
        "mjd": 58474.3223148,
        "passband": 2,
        "mag": 18.2965,
        "mag_err": 0.09625560000000001,
        "locus_id": "ZTF18acmzpbf"
    },
    "27": {
        "mjd": 58474.3396296,
        "passband": 2,
        "mag": 18.3133,
        "mag_err": 0.0865404,
        "locus_id": "ZTF18acmzpbf"
    },
    "28": {
        "mjd": 58476.43585650001,
        "passband": 2,
        "mag": 18.3281,
        "mag_err": 0.08133710000000001,
        "locus_id": "ZTF18acmzpbf"
    },
    "29": {
        "mjd": 58480.32247690001,
        "passband": 2,
        "mag": 18.4257,
        "mag_err": 0.06701230000000001,
        "locus_id": "ZTF18acmzpbf"
    },
    "30": {
        "mjd": 58480.427708300005,
        "passband": 2,
        "mag": 18.418,
        "mag_err": 0.07219400000000001,
        "locus_id": "ZTF18acmzpbf"
    },
    "31": {
        "mjd": 58481.454699099995,
        "passband": 2,
        "mag": 18.4561,
        "mag_err": 0.07124960000000001,
        "locus_id": "ZTF18acmzpbf"
    },
    "32": {
        "mjd": 58486.4455671,
        "passband": 2,
        "mag": 18.6522,
        "mag_err": 0.0777229,
        "locus_id": "ZTF18acmzpbf"
    },
    "33": {
        "mjd": 58486.4475,
        "passband": 2,
        "mag": 18.7235,
        "mag_err": 0.113153,
        "locus_id": "ZTF18acmzpbf"
    },
    "34": {
        "mjd": 58490.19645830001,
        "passband": 2,
        "mag": 18.9143,
        "mag_err": 0.0989012,
        "locus_id": "ZTF18acmzpbf"
    },
    "35": {
        "mjd": 58490.1969329,
        "passband": 2,
        "mag": 18.9949,
        "mag_err": 0.0893693,
        "locus_id": "ZTF18acmzpbf"
    },
    "36": {
        "mjd": 58493.277963,
        "passband": 2,
        "mag": 19.1405,
        "mag_err": 0.0976648,
        "locus_id": "ZTF18acmzpbf"
    },
    "37": {
        "mjd": 58493.28270830001,
        "passband": 2,
        "mag": 19.0823,
        "mag_err": 0.09224,
        "locus_id": "ZTF18acmzpbf"
    },
    "38": {
        "mjd": 58509.21625,
        "passband": 1,
        "mag": 20.3931,
        "mag_err": 0.321368,
        "locus_id": "ZTF18acmzpbf"
    },
    "39": {
        "mjd": 58509.261088,
        "passband": 2,
        "mag": 19.7335,
        "mag_err": 0.17591199999999999,
        "locus_id": "ZTF18acmzpbf"
    },
    "40": {
        "mjd": 58509.26346059999,
        "passband": 2,
        "mag": 19.7453,
        "mag_err": 0.190221,
        "locus_id": "ZTF18acmzpbf"
    },
    "41": {
        "mjd": 58522.173854199995,
        "passband": 1,
        "mag": 20.7448,
        "mag_err": 0.305789,
        "locus_id": "ZTF18acmzpbf"
    },
    "42": {
        "mjd": 58522.2027662,
        "passband": 2,
        "mag": 20.1191,
        "mag_err": 0.170847,
        "locus_id": "ZTF18acmzpbf"
    },
    "43": {
        "mjd": 58522.221388900005,
        "passband": 2,
        "mag": 19.9093,
        "mag_err": 0.153092,
        "locus_id": "ZTF18acmzpbf"
    },
    "44": {
        "mjd": 58526.21844909999,
        "passband": 2,
        "mag": 20.3383,
        "mag_err": 0.267314,
        "locus_id": "ZTF18acmzpbf"
    },
    "45": {
        "mjd": 58534.3283449,
        "passband": 2,
        "mag": 18.6521,
        "mag_err": 0.122589,
        "locus_id": "ZTF18acmzpbf"
    },
    "46": {
        "mjd": 58540.235949099995,
        "passband": 2,
        "mag": 18.6203,
        "mag_err": 0.0956694,
        "locus_id": "ZTF18acmzpbf"
    },
    "47": {
        "mjd": 58547.121759300004,
        "passband": 2,
        "mag": 18.6118,
        "mag_err": 0.10126399999999999,