{
    "0": {
        "mjd": 58706.17072919999,
        "passband": 1,
        "mag": 19.3892,
        "mag_err": 0.179878,
        "locus_id": "ZTF19abpbmli"
    },
    "1": {
        "mjd": 58709.2579514,
        "passband": 2,
        "mag": 18.3682,
        "mag_err": 0.11075299999999999,
        "locus_id": "ZTF19abpbmli"
    },
    "2": {
        "mjd": 58712.14802080001,
        "passband": 1,
        "mag": 18.2234,
        "mag_err": 0.0725891,
        "locus_id": "ZTF19abpbmli"
    },
    "3": {
        "mjd": 58712.2360648,
        "passband": 2,
        "mag": 18.0142,
        "mag_err": 0.092512,
        "locus_id": "ZTF19abpbmli"
    },
    "4": {
        "mjd": 58715.1519097,
        "passband": 1,
        "mag": 17.9711,
        "mag_err": 0.0661458,
        "locus_id": "ZTF19abpbmli"
    },
    "5": {
        "mjd": 58718.1541551,
        "passband": 1,
        "mag": 18.0224,
        "mag_err": 0.0535841,
        "locus_id": "ZTF19abpbmli"
    },
    "6": {
        "mjd": 58724.1661574,
        "passband": 2,
        "mag": 17.9823,
        "mag_err": 0.0873429,
        "locus_id": "ZTF19abpbmli"
    },
    "7": {
        "mjd": 58724.18648150001,
        "passband": 1,
        "mag": 18.6336,
        "mag_err": 0.07049019999999999,
        "locus_id": "ZTF19abpbmli"
    },
    "8": {
        "mjd": 58727.150162,
        "passband": 1,
        "mag": 18.9513,
        "mag_err": 0.10557899999999999,
        "locus_id": "ZTF19abpbmli"
    },
    "9": {
        "mjd": 58733.21195599999,
        "passband": 2,
        "mag": 18.5199,
        "mag_err": 0.12593,
        "locus_id": "ZTF19abpbmli"
    },
    "10": {
        "mjd": 58737.1734028,
        "passband": 2,
        "mag": 18.58,
        "mag_err": 0.111153,
        "locus_id": "ZTF19abpbmli"
    }
}