{
    "0": {
        "mjd": 58709.3974421,
        "passband": 2,
        "mag": 19.9611,
        "mag_err": 0.329788,
        "locus_id": "ZTF19abpztlw"
    },
    "1": {
        "mjd": 58709.46216440001,
        "passband": 1,
        "mag": 19.8338,
        "mag_err": 0.324859,
        "locus_id": "ZTF19abpztlw"
    },
    "2": {
        "mjd": 58712.3974653,
        "passband": 2,
        "mag": 19.0709,
        "mag_err": 0.158798,
        "locus_id": "ZTF19abpztlw"
    },
    "3": {
        "mjd": 58717.439213,
        "passband": 1,
        "mag": 18.6068,
        "mag_err": 0.107708,
        "locus_id": "ZTF19abpztlw"
    },
    "4": {
        "mjd": 58717.4741319,
        "passband": 2,
        "mag": 18.7449,
        "mag_err": 0.0991533,
        "locus_id": "ZTF19abpztlw"
    },
    "5": {
        "mjd": 58720.3867593,
        "passband": 2,
        "mag": 18.5098,
        "mag_err": 0.070399,
        "locus_id": "ZTF19abpztlw"
    },
    "6": {
        "mjd": 58723.38857640001,
        "passband": 2,
        "mag": 18.4331,
        "mag_err": 0.057382100000000005,
        "locus_id": "ZTF19abpztlw"
    },
    "7": {
        "mjd": 58723.4602199,
        "passband": 1,
        "mag": 18.4459,
        "mag_err": 0.0770672,
        "locus_id": "ZTF19abpztlw"
    },
    "8": {
        "mjd": 58726.3784722,
        "passband": 2,
        "mag": 18.4486,
        "mag_err": 0.08402749999999999,
        "locus_id": "ZTF19abpztlw"
    },
    "9": {
        "mjd": 58726.4410995,
        "passband": 1,
        "mag": 18.5319,
        "mag_err": 0.07246989999999999,
        "locus_id": "ZTF19abpztlw"
    },
    "10": {
        "mjd": 58730.41907409999,
        "passband": 2,
        "mag": 18.5938,
        "mag_err": 0.068446,
        "locus_id": "ZTF19abpztlw"
    },
    "11": {
        "mjd": 58730.4665046,
        "passband": 1,
        "mag": 18.6734,
        "mag_err": 0.08962569999999999,
        "locus_id": "ZTF19abpztlw"
    },
    "12": {
        "mjd": 58733.4028356,
        "passband": 2,
        "mag": 18.778,
        "mag_err": 0.08428780000000001,
        "locus_id": "ZTF19abpztlw"
    },
    "13": {
        "mjd": 58733.4571644,
        "passband": 1,
        "mag": 19.0083,
        "mag_err": 0.0966262,
        "locus_id": "ZTF19abpztlw"
    },
    "14": {
        "mjd": 58736.435798599996,
        "passband": 2,
        "mag": 18.958,
        "mag_err": 0.07605089999999999,
        "locus_id": "ZTF19abpztlw"
    },
    "15": {
        "mjd": 58739.3780324,
        "passband": 2,
        "mag": 18.9819,
        "mag_err": 0.156531,
        "locus_id": "ZTF19abpztlw"
    },
    "16": {
        "mjd": 58744.3789931,
        "passband": 2,
        "mag": 19.0325,
        "mag_err": 0.129433,
        "locus_id": "ZTF19abpztlw"
    },
    "17": {
        "mjd": 58747.3992245,
        "passband": 2,
        "mag": 19.1751,
        "mag_err": 0.11622,
        "locus_id": "ZTF19abpztlw"
    },
    "18": {
        "mjd": 58750.3149653,
        "passband": 2,
        "mag": 19.2839,
        "mag_err": 0.110595,
        "locus_id": "ZTF19abpztlw"
    },
    "19": {
        "mjd": 58750.358287,
        "passband": 1,
        "mag": 20.3255,
        "mag_err": 0.285456,
        "locus_id": "ZTF19abpztlw"
    },
    "20": {
        "mjd": 58759.355833300004,
        "passband": 2,
        "mag": 19.7079,
        "mag_err": 0.183198,
        "locus_id": "ZTF19abpztlw"
    },
    "21": {
        "mjd": 58765.42210650001,
        "passband": 2,
        "mag": 19.9143,
        "mag_err": 0.167151,
        "locus_id": "ZTF19abpztlw"
    }
}