{
    "0": {
        "mjd": 58725.3223495,
        "passband": 1,
        "mag": 18.3673,
        "mag_err": 0.0806537,
        "locus_id": "ZTF19abrcvzz"
    },
    "1": {
        "mjd": 58730.3070949,
        "passband": 1,
        "mag": 18.2138,
        "mag_err": 0.0686225,
        "locus_id": "ZTF19abrcvzz"
    },
    "2": {
        "mjd": 58730.391713,
        "passband": 2,
        "mag": 18.0887,
        "mag_err": 0.05741810000000001,
        "locus_id": "ZTF19abrcvzz"
    },
    "3": {
        "mjd": 58733.3828125,
        "passband": 2,
        "mag": 18.0488,
        "mag_err": 0.0504345,
        "locus_id": "ZTF19abrcvzz"
    },
    "4": {
        "mjd": 58736.4141898,
        "passband": 2,
        "mag": 18.14,
        "mag_err": 0.0630669,
        "locus_id": "ZTF19abrcvzz"
    },
    "5": {
        "mjd": 58736.4497917,
        "passband": 1,
        "mag": 18.3016,
        "mag_err": 0.0834813,
        "locus_id": "ZTF19abrcvzz"
    },
    "6": {
        "mjd": 58738.166666699995,
        "passband": 2,
        "mag": 18.1961,
        "mag_err": 0.07628410000000001,
        "locus_id": "ZTF19abrcvzz"
    },
    "7": {
        "mjd": 58738.1992824,
        "passband": 1,
        "mag": 18.4169,
        "mag_err": 0.13616,
        "locus_id": "ZTF19abrcvzz"
    },
    "8": {
        "mjd": 58739.1655671,
        "passband": 2,
        "mag": 18.2752,
        "mag_err": 0.0937246,
        "locus_id": "ZTF19abrcvzz"
    },
    "9": {
        "mjd": 58739.19833330001,
        "passband": 1,
        "mag": 18.5125,
        "mag_err": 0.12726300000000001,
        "locus_id": "ZTF19abrcvzz"
    },
    "10": {
        "mjd": 58740.165983800005,
        "passband": 2,
        "mag": 18.3387,
        "mag_err": 0.119994,
        "locus_id": "ZTF19abrcvzz"
    },
    "11": {
        "mjd": 58740.19810190001,
        "passband": 1,
        "mag": 18.480999999999998,
        "mag_err": 0.115723,
        "locus_id": "ZTF19abrcvzz"
    },
    "12": {
        "mjd": 58741.16613430001,
        "passband": 2,
        "mag": 18.3695,
        "mag_err": 0.0825221,
        "locus_id": "ZTF19abrcvzz"
    },
    "13": {
        "mjd": 58741.194976900006,
        "passband": 1,
        "mag": 18.5941,
        "mag_err": 0.134628,
        "locus_id": "ZTF19abrcvzz"
    },
    "14": {
        "mjd": 58742.19523150001,
        "passband": 1,
        "mag": 18.6065,
        "mag_err": 0.273586,
        "locus_id": "ZTF19abrcvzz"
    },
    "15": {
        "mjd": 58743.16655090001,
        "passband": 2,
        "mag": 18.5096,
        "mag_err": 0.10244600000000001,
        "locus_id": "ZTF19abrcvzz"
    },
    "16": {
        "mjd": 58743.19554400001,
        "passband": 1,
        "mag": 18.7265,
        "mag_err": 0.131857,
        "locus_id": "ZTF19abrcvzz"
    },
    "17": {
        "mjd": 58744.16548609999,
        "passband": 2,
        "mag": 18.5333,
        "mag_err": 0.07168510000000002,
        "locus_id": "ZTF19abrcvzz"
    },
    "18": {
        "mjd": 58744.1945486,
        "passband": 1,
        "mag": 18.8737,
        "mag_err": 0.103505,
        "locus_id": "ZTF19abrcvzz"
    },
    "19": {
        "mjd": 58745.166273099996,
        "passband": 2,
        "mag": 18.5769,
        "mag_err": 0.07374270000000001,
        "locus_id": "ZTF19abrcvzz"
    },
    "20": {
        "mjd": 58745.194675900006,
        "passband": 1,
        "mag": 18.9226,
        "mag_err": 0.10455199999999999,
        "locus_id": "ZTF19abrcvzz"
    },
    "21": {
        "mjd": 58746.19061340001,
        "passband": 2,
        "mag": 18.6454,
        "mag_err": 0.081934,
        "locus_id": "ZTF19abrcvzz"
    },
    "22": {
        "mjd": 58747.16614580001,
        "passband": 2,
        "mag": 18.6843,
        "mag_err": 0.100495,
        "locus_id": "ZTF19abrcvzz"
    },
    "23": {
        "mjd": 58747.194571800006,
        "passband": 1,
        "mag": 19.0758,
        "mag_err": 0.110194,
        "locus_id": "ZTF19abrcvzz"
    },
    "24": {
        "mjd": 58748.16526619999,
        "passband": 2,
        "mag": 18.7358,
        "mag_err": 0.10371500000000002,
        "locus_id": "ZTF19abrcvzz"
    },
    "25": {
        "mjd": 58748.19344909999,
        "passband": 1,
        "mag": 19.1802,
        "mag_err": 0.151344,
        "locus_id": "ZTF19abrcvzz"
    },
    "26": {
        "mjd": 58749.1667593,
        "passband": 2,
        "mag": 18.762,
        "mag_err": 0.0960017,
        "locus_id": "ZTF19abrcvzz"
    },
    "27": {
        "mjd": 58749.19523150001,
        "passband": 1,
        "mag": 19.3284,
        "mag_err": 0.116971,
        "locus_id": "ZTF19abrcvzz"
    },
    "28": {
        "mjd": 58750.167037,
        "passband": 2,
        "mag": 18.7967,
        "mag_err": 0.09852849999999999,
        "locus_id": "ZTF19abrcvzz"
    },
    "29": {
        "mjd": 58750.1955324,
        "passband": 1,
        "mag": 19.271,
        "mag_err": 0.128101,
        "locus_id": "ZTF19abrcvzz"
    },
    "30": {
        "mjd": 58751.16466440001,
        "passband": 2,
        "mag": 18.771,
        "mag_err": 0.0835005,
        "locus_id": "ZTF19abrcvzz"
    },
    "31": {
        "mjd": 58751.1931597,
        "passband": 1,
        "mag": 19.5528,
        "mag_err": 0.185712,
        "locus_id": "ZTF19abrcvzz"
    },
    "32": {
        "mjd": 58754.16429400001,
        "passband": 2,
        "mag": 18.7881,
        "mag_err": 0.0980488,
        "locus_id": "ZTF19abrcvzz"
    },
    "33": {
        "mjd": 58754.19285880001,
        "passband": 1,
        "mag": 19.7921,
        "mag_err": 0.14438399999999998,
        "locus_id": "ZTF19abrcvzz"
    },
    "34": {
        "mjd": 58758.173287,
        "passband": 2,
        "mag": 18.8558,
        "mag_err": 0.0943361,
        "locus_id": "ZTF19abrcvzz"
    },
    "35": {
        "mjd": 58758.209664400005,
        "passband": 1,
        "mag": 20.2044,
        "mag_err": 0.195695,
        "locus_id": "ZTF19abrcvzz"
    },
    "36": {
        "mjd": 58759.20857640001,
        "passband": 2,
        "mag": 18.8905,
        "mag_err": 0.0855711,
        "locus_id": "ZTF19abrcvzz"
    },
    "37": {
        "mjd": 58760.165740699995,
        "passband": 2,
        "mag": 18.9288,
        "mag_err": 0.0848992,
        "locus_id": "ZTF19abrcvzz"
    },
    "38": {
        "mjd": 58760.1940278,
        "passband": 1,
        "mag": 20.2213,
        "mag_err": 0.227436,
        "locus_id": "ZTF19abrcvzz"
    },
    "39": {
        "mjd": 58761.1647222,
        "passband": 2,
        "mag": 18.9146,
        "mag_err": 0.0915784,
        "locus_id": "ZTF19abrcvzz"
    },
    "40": {
        "mjd": 58761.19304400001,
        "passband": 1,
        "mag": 20.2838,
        "mag_err": 0.291004,
        "locus_id": "ZTF19abrcvzz"
    },
    "41": {
        "mjd": 58762.16445599999,
        "passband": 2,
        "mag": 18.939,
        "mag_err": 0.10757699999999999,
        "locus_id": "ZTF19abrcvzz"
    },
    "42": {
        "mjd": 58763.165729199995,
        "passband": 2,
        "mag": 19.0256,
        "mag_err": 0.0999664,
        "locus_id": "ZTF19abrcvzz"
    },
    "43": {
        "mjd": 58764.406087999996,
        "passband": 2,
        "mag": 19.1999,
        "mag_err": 0.11567999999999999,
        "locus_id": "ZTF19abrcvzz"
    },
    "44": {
        "mjd": 58771.262731500006,
        "passband": 2,
        "mag": 19.4673,
        "mag_err": 0.178271,
        "locus_id": "ZTF19abrcvzz"
    },
    "45": {
        "mjd": 58774.20552080001,
        "passband": 2,
        "mag": 19.9423,
        "mag_err": 0.219996,
        "locus_id": "ZTF19abrcvzz"
    },
    "46": {
        "mjd": 58777.194838,
        "passband": 2,
        "mag": 19.815,
        "mag_err": 0.198467,
        "locus_id": "ZTF19abrcvzz"
    },
    "47": {
        "mjd": 58785.2390046,
        "passband": 2,
        "mag": 19.9367,
        "mag_err": 0.1458,
        "locus_id": "ZTF19abrcvzz"
    },
    "48": {
        "mjd": 58790.13876159999,