{
    "0": {
        "mjd": 58319.41601849999,
        "passband": 1,
        "mag": 19.3288,
        "mag_err": 0.0877933,
        "locus_id": "ZTF18abilofa"
    },
    "1": {
        "mjd": 58322.418912,
        "passband": 1,
        "mag": 18.8633,
        "mag_err": 0.06728989999999999,
        "locus_id": "ZTF18abilofa"
    },
    "2": {
        "mjd": 58325.419675900004,
        "passband": 1,
        "mag": 18.672,
        "mag_err": 0.114345,
        "locus_id": "ZTF18abilofa"
    },
    "3": {
        "mjd": 58334.32820599999,
        "passband": 1,
        "mag": 18.5599,
        "mag_err": 0.0846255,
        "locus_id": "ZTF18abilofa"
    },
    "4": {
        "mjd": 58337.377824099996,
        "passband": 1,
        "mag": 18.7221,
        "mag_err": 0.100772,
        "locus_id": "ZTF18abilofa"
    },
    "5": {
        "mjd": 58340.37188659999,
        "passband": 1,
        "mag": 18.756,
        "mag_err": 0.164138,
        "locus_id": "ZTF18abilofa"
    },
    "6": {
        "mjd": 58343.3794907,
        "passband": 1,
        "mag": 19.2081,
        "mag_err": 0.129136,
        "locus_id": "ZTF18abilofa"
    },
    "7": {
        "mjd": 58346.3514931,
        "passband": 1,
        "mag": 19.4491,
        "mag_err": 0.0977953,
        "locus_id": "ZTF18abilofa"
    },
    "8": {
        "mjd": 58349.3583796,
        "passband": 1,
        "mag": 19.8094,
        "mag_err": 0.131591,
        "locus_id": "ZTF18abilofa"
    },
    "9": {
        "mjd": 58373.2966319,
        "passband": 2,
        "mag": 20.0904,
        "mag_err": 0.188133,
        "locus_id": "ZTF18abilofa"
    },
    "10": {
        "mjd": 58376.3411806,
        "passband": 2,
        "mag": 20.1601,
        "mag_err": 0.148398,
        "locus_id": "ZTF18abilofa"
    },
    "11": {
        "mjd": 58379.3095023,
        "passband": 2,
        "mag": 20.1589,
        "mag_err": 0.16081199999999998,
        "locus_id": "ZTF18abilofa"
    }
}