{
    "0": {
        "mjd": 58727.474583300005,
        "passband": 1,
        "mag": 18.3968,
        "mag_err": 0.0998555,
        "locus_id": "ZTF19abvhduf"
    },
    "1": {
        "mjd": 58727.50605319999,
        "passband": 2,
        "mag": 18.5078,
        "mag_err": 0.0645484,
        "locus_id": "ZTF19abvhduf"
    },
    "2": {
        "mjd": 58732.4314352,
        "passband": 1,
        "mag": 16.2561,
        "mag_err": 0.0479717,
        "locus_id": "ZTF19abvhduf"
    },
    "3": {
        "mjd": 58732.507824099994,
        "passband": 2,
        "mag": 16.3607,
        "mag_err": 0.0378604,
        "locus_id": "ZTF19abvhduf"
    },
    "4": {
        "mjd": 58735.470115699994,
        "passband": 1,
        "mag": 15.5916,
        "mag_err": 0.035589800000000005,
        "locus_id": "ZTF19abvhduf"
    },
    "5": {
        "mjd": 58735.5119097,
        "passband": 2,
        "mag": 15.7242,
        "mag_err": 0.0283293,
        "locus_id": "ZTF19abvhduf"
    },
    "6": {
        "mjd": 58738.4912963,
        "passband": 1,
        "mag": 15.27,
        "mag_err": 0.0305233,
        "locus_id": "ZTF19abvhduf"
    },
    "7": {
        "mjd": 58741.457037,
        "passband": 2,
        "mag": 15.2946,
        "mag_err": 0.042073400000000004,
        "locus_id": "ZTF19abvhduf"
    },
    "8": {
        "mjd": 58741.5111806,
        "passband": 1,
        "mag": 15.0807,
        "mag_err": 0.0244117,
        "locus_id": "ZTF19abvhduf"
    },
    "9": {
        "mjd": 58744.4685301,
        "passband": 2,
        "mag": 15.253,
        "mag_err": 0.031358,
        "locus_id": "ZTF19abvhduf"
    },
    "10": {
        "mjd": 58744.50760419999,
        "passband": 1,
        "mag": 15.0866,
        "mag_err": 0.028804000000000003,
        "locus_id": "ZTF19abvhduf"
    },
    "11": {
        "mjd": 58747.47451390001,
        "passband": 2,
        "mag": 15.2951,
        "mag_err": 0.028096,
        "locus_id": "ZTF19abvhduf"
    },
    "12": {
        "mjd": 58747.4996528,
        "passband": 1,
        "mag": 15.1691,
        "mag_err": 0.031058,
        "locus_id": "ZTF19abvhduf"
    },
    "13": {
        "mjd": 58750.4500347,
        "passband": 1,
        "mag": 15.2863,
        "mag_err": 0.0238121,
        "locus_id": "ZTF19abvhduf"
    },
    "14": {
        "mjd": 58750.5064005,
        "passband": 2,
        "mag": 15.4082,
        "mag_err": 0.023404499999999998,
        "locus_id": "ZTF19abvhduf"
    },
    "15": {
        "mjd": 58756.4489699,
        "passband": 1,
        "mag": 15.6311,
        "mag_err": 0.0257347,
        "locus_id": "ZTF19abvhduf"
    },
    "16": {
        "mjd": 58756.5099074,
        "passband": 2,
        "mag": 15.8457,
        "mag_err": 0.0390842,
        "locus_id": "ZTF19abvhduf"
    },
    "17": {
        "mjd": 58759.44572919999,
        "passband": 1,
        "mag": 15.8583,
        "mag_err": 0.0381239,
        "locus_id": "ZTF19abvhduf"
    },
    "18": {
        "mjd": 58759.486701400005,
        "passband": 2,
        "mag": 16.0164,
        "mag_err": 0.0356091,
        "locus_id": "ZTF19abvhduf"
    },
    "19": {
        "mjd": 58763.465891199994,
        "passband": 1,
        "mag": 16.1909,
        "mag_err": 0.0432125,
        "locus_id": "ZTF19abvhduf"
    },
    "20": {
        "mjd": 58763.512419000006,
        "passband": 2,
        "mag": 16.1157,
        "mag_err": 0.027366,
        "locus_id": "ZTF19abvhduf"
    },
    "21": {
        "mjd": 58766.4708449,
        "passband": 1,
        "mag": 16.4433,
        "mag_err": 0.0435546,
        "locus_id": "ZTF19abvhduf"
    },
    "22": {
        "mjd": 58766.5124884,
        "passband": 2,
        "mag": 16.1455,
        "mag_err": 0.0334468,
        "locus_id": "ZTF19abvhduf"
    },
    "23": {
        "mjd": 58769.4681597,
        "passband": 2,
        "mag": 16.1958,
        "mag_err": 0.0364556,
        "locus_id": "ZTF19abvhduf"
    },
    "24": {
        "mjd": 58772.323912,
        "passband": 1,
        "mag": 16.9687,
        "mag_err": 0.11342,
        "locus_id": "ZTF19abvhduf"
    },
    "25": {
        "mjd": 58772.5328125,
        "passband": 2,
        "mag": 16.2543,
        "mag_err": 0.0350023,
        "locus_id": "ZTF19abvhduf"
    },
    "26": {
        "mjd": 58775.3642245,
        "passband": 2,
        "mag": 16.352,
        "mag_err": 0.038178199999999995,
        "locus_id": "ZTF19abvhduf"
    },
    "27": {
        "mjd": 58775.405463,
        "passband": 1,
        "mag": 17.1284,
        "mag_err": 0.0835915,
        "locus_id": "ZTF19abvhduf"
    },
    "28": {
        "mjd": 58778.5068403,
        "passband": 1,
        "mag": 17.3435,
        "mag_err": 0.059733900000000006,
        "locus_id": "ZTF19abvhduf"
    },
    "29": {
        "mjd": 58781.486388900004,
        "passband": 2,
        "mag": 16.692,
        "mag_err": 0.031151299999999996,
        "locus_id": "ZTF19abvhduf"
    },
    "30": {
        "mjd": 58784.4637153,
        "passband": 1,
        "mag": 17.6199,
        "mag_err": 0.0609,
        "locus_id": "ZTF19abvhduf"
    },
    "31": {
        "mjd": 58784.510983800006,
        "passband": 2,
        "mag": 16.8732,
        "mag_err": 0.046921199999999996,
        "locus_id": "ZTF19abvhduf"
    },
    "32": {
        "mjd": 58787.4255903,
        "passband": 1,
        "mag": 17.7334,
        "mag_err": 0.08040739999999999,
        "locus_id": "ZTF19abvhduf"
    },
    "33": {
        "mjd": 58789.43276619999,
        "passband": 1,
        "mag": 17.7844,
        "mag_err": 0.0614624,
        "locus_id": "ZTF19abvhduf"
    },
    "34": {
        "mjd": 58790.3485648,
        "passband": 1,
        "mag": 17.7711,
        "mag_err": 0.07306810000000001,
        "locus_id": "ZTF19abvhduf"
    },
    "35": {
        "mjd": 58790.493287,
        "passband": 2,
        "mag": 17.1574,
        "mag_err": 0.0388168,
        "locus_id": "ZTF19abvhduf"
    },
    "36": {
        "mjd": 58791.48633099999,
        "passband": 2,
        "mag": 17.2275,
        "mag_err": 0.03932480000000001,
        "locus_id": "ZTF19abvhduf"
    },
    "37": {
        "mjd": 58793.4885301,
        "passband": 2,
        "mag": 17.281,
        "mag_err": 0.0509519,
        "locus_id": "ZTF19abvhduf"
    },
    "38": {
        "mjd": 58793.5322801,
        "passband": 1,
        "mag": 17.9111,
        "mag_err": 0.0708063,
        "locus_id": "ZTF19abvhduf"
    },
    "39": {
        "mjd": 58796.26388890001,
        "passband": 1,
        "mag": 17.9449,
        "mag_err": 0.137454,
        "locus_id": "ZTF19abvhduf"
    },
    "40": {
        "mjd": 58798.2796296,
        "passband": 2,
        "mag": 17.439,
        "mag_err": 0.051415699999999995,
        "locus_id": "ZTF19abvhduf"
    },
    "41": {
        "mjd": 58799.3165972,
        "passband": 2,
        "mag": 17.4716,
        "mag_err": 0.06289439999999999,
        "locus_id": "ZTF19abvhduf"
    },
    "42": {
        "mjd": 58799.4778125,
        "passband": 2,
        "mag": 17.4711,
        "mag_err": 0.0560554,
        "locus_id": "ZTF19abvhduf"
    },
    "43": {
        "mjd": 58800.424201400005,
        "passband": 2,
        "mag": 17.5263,
        "mag_err": 0.04877,
        "locus_id": "ZTF19abvhduf"
    },
    "44": {
        "mjd": 58802.1976852,
        "passband": 1,
        "mag": 17.9607,
        "mag_err": 0.0945384,
        "locus_id": "ZTF19abvhduf"
    },
    "45": {
        "mjd": 58804.36057869999,
        "passband": 2,
        "mag": 17.6577,
        "mag_err": 0.0609404,
        "locus_id": "ZTF19abvhduf"
    },
    "46": {
        "mjd": 58805.3715046,
        "passband": 2,
        "mag": 17.7225,
        "mag_err": 0.06488250000000001,
        "locus_id": "ZTF19abvhduf"
    },
    "47": {
        "mjd": 58805.3835764,
        "passband": 2,
        "mag": 17.6808,
        "mag_err": 0.0487264,
        "locus_id": "ZTF19abvhduf"
    },
    "48": {
        "mjd": 58805.4956829,
        "passband": 1,