{
    "0": {
        "mjd": 58297.33114580001,
        "passband": 2,
        "mag": 19.2719,
        "mag_err": 0.195522,
        "locus_id": "ZTF18abdbuty"
    },
    "1": {
        "mjd": 58300.2167245,
        "passband": 1,
        "mag": 18.5156,
        "mag_err": 0.0822331,
        "locus_id": "ZTF18abdbuty"
    },
    "2": {
        "mjd": 58300.3266435,
        "passband": 2,
        "mag": 18.4724,
        "mag_err": 0.11928,
        "locus_id": "ZTF18abdbuty"
    },
    "3": {
        "mjd": 58314.1983796,
        "passband": 2,
        "mag": 18.1923,
        "mag_err": 0.07661130000000001,
        "locus_id": "ZTF18abdbuty"
    },
    "4": {
        "mjd": 58314.3226852,
        "passband": 1,
        "mag": 18.2427,
        "mag_err": 0.0784368,
        "locus_id": "ZTF18abdbuty"
    },
    "5": {
        "mjd": 58318.38910880001,
        "passband": 1,
        "mag": 18.632,
        "mag_err": 0.08193289999999999,
        "locus_id": "ZTF18abdbuty"
    },
    "6": {
        "mjd": 58321.2461921,
        "passband": 2,
        "mag": 18.6596,
        "mag_err": 0.07997689999999999,
        "locus_id": "ZTF18abdbuty"
    },
    "7": {
        "mjd": 58321.39013890001,
        "passband": 1,
        "mag": 18.9082,
        "mag_err": 0.0898246,
        "locus_id": "ZTF18abdbuty"
    },
    "8": {
        "mjd": 58324.25895830001,
        "passband": 1,
        "mag": 19.1724,
        "mag_err": 0.159091,
        "locus_id": "ZTF18abdbuty"
    },
    "9": {
        "mjd": 58327.3055903,
        "passband": 2,
        "mag": 18.8813,
        "mag_err": 0.183866,
        "locus_id": "ZTF18abdbuty"
    },
    "10": {
        "mjd": 58330.1775,
        "passband": 1,
        "mag": 19.912,
        "mag_err": 0.179822,
        "locus_id": "ZTF18abdbuty"
    },
    "11": {
        "mjd": 58330.3690972,
        "passband": 2,
        "mag": 18.8353,
        "mag_err": 0.13050799999999999,
        "locus_id": "ZTF18abdbuty"
    },
    "12": {
        "mjd": 58333.17607640001,
        "passband": 1,
        "mag": 20.1238,
        "mag_err": 0.203323,
        "locus_id": "ZTF18abdbuty"
    },
    "13": {
        "mjd": 58333.327835599994,
        "passband": 2,
        "mag": 18.9075,
        "mag_err": 0.153969,
        "locus_id": "ZTF18abdbuty"
    },
    "14": {
        "mjd": 58336.2163426,
        "passband": 2,
        "mag": 19.2378,
        "mag_err": 0.141631,
        "locus_id": "ZTF18abdbuty"
    },
    "15": {
        "mjd": 58340.1786227,
        "passband": 2,
        "mag": 19.5892,
        "mag_err": 0.21145,
        "locus_id": "ZTF18abdbuty"
    }
}