{
    "0": {
        "mjd": 58269.25,
        "passband": 2,
        "mag": 19.0653,
        "mag_err": 0.09659680000000001,
        "locus_id": "ZTF18aataafd"
    },
    "1": {
        "mjd": 58272.25,
        "passband": 1,
        "mag": 19.3392,
        "mag_err": 0.0659327,
        "locus_id": "ZTF18aataafd"
    },
    "2": {
        "mjd": 58272.25,
        "passband": 2,
        "mag": 19.2033,
        "mag_err": 0.0874027,
        "locus_id": "ZTF18aataafd"
    },
    "3": {
        "mjd": 58276.2393403,
        "passband": 1,
        "mag": 19.96,
        "mag_err": 0.104371,
        "locus_id": "ZTF18aataafd"
    },
    "4": {
        "mjd": 58279.2195023,
        "passband": 1,
        "mag": 20.2581,
        "mag_err": 0.143877,
        "locus_id": "ZTF18aataafd"
    },
    "5": {
        "mjd": 58279.2393403,
        "passband": 2,
        "mag": 19.5353,
        "mag_err": 0.10453299999999999,
        "locus_id": "ZTF18aataafd"
    },
    "6": {
        "mjd": 58282.2182176,
        "passband": 2,
        "mag": 19.5213,
        "mag_err": 0.0968067,
        "locus_id": "ZTF18aataafd"
    },
    "7": {
        "mjd": 58288.2591551,
        "passband": 2,
        "mag": 19.8546,
        "mag_err": 0.15808699999999998,
        "locus_id": "ZTF18aataafd"
    }
}