{
    "0": {
        "mjd": 58266.25,
        "passband": 2,
        "mag": 19.0584,
        "mag_err": 0.14640699999999998,
        "locus_id": "ZTF18aawyjjq"
    },
    "1": {
        "mjd": 58266.25,
        "passband": 2,
        "mag": 19.0446,
        "mag_err": 0.14998,
        "locus_id": "ZTF18aawyjjq"
    },
    "2": {
        "mjd": 58266.5,
        "passband": 1,
        "mag": 18.7326,
        "mag_err": 0.12800599999999998,
        "locus_id": "ZTF18aawyjjq"
    },
    "3": {
        "mjd": 58269.25,
        "passband": 1,
        "mag": 18.8988,
        "mag_err": 0.131911,
        "locus_id": "ZTF18aawyjjq"
    },
    "4": {
        "mjd": 58269.25,
        "passband": 1,
        "mag": 18.7925,
        "mag_err": 0.134993,
        "locus_id": "ZTF18aawyjjq"
    },
    "5": {
        "mjd": 58272.25,
        "passband": 1,
        "mag": 18.6787,
        "mag_err": 0.0450216,
        "locus_id": "ZTF18aawyjjq"
    },
    "6": {
        "mjd": 58272.25,
        "passband": 2,
        "mag": 18.9269,
        "mag_err": 0.08905729999999999,
        "locus_id": "ZTF18aawyjjq"
    },
    "7": {
        "mjd": 58272.5,
        "passband": 1,
        "mag": 18.6744,
        "mag_err": 0.06477999999999999,
        "locus_id": "ZTF18aawyjjq"
    },
    "8": {
        "mjd": 58272.5,
        "passband": 2,
        "mag": 18.8382,
        "mag_err": 0.0873505,
        "locus_id": "ZTF18aawyjjq"
    },
    "9": {
        "mjd": 58275.35998840001,
        "passband": 2,
        "mag": 18.7511,
        "mag_err": 0.0588327,
        "locus_id": "ZTF18aawyjjq"
    },
    "10": {
        "mjd": 58276.32995369999,
        "passband": 2,
        "mag": 18.9766,
        "mag_err": 0.0708285,
        "locus_id": "ZTF18aawyjjq"
    },
    "11": {
        "mjd": 58276.36019680001,
        "passband": 1,
        "mag": 18.8348,
        "mag_err": 0.045862,
        "locus_id": "ZTF18aawyjjq"
    },
    "12": {
        "mjd": 58278.29738430001,
        "passband": 2,
        "mag": 18.8283,
        "mag_err": 0.0616586,
        "locus_id": "ZTF18aawyjjq"
    },
    "13": {
        "mjd": 58278.36019680001,
        "passband": 1,
        "mag": 18.9051,
        "mag_err": 0.0499465,
        "locus_id": "ZTF18aawyjjq"
    },
    "14": {
        "mjd": 58279.3625231,
        "passband": 1,
        "mag": 18.9538,
        "mag_err": 0.059539199999999994,
        "locus_id": "ZTF18aawyjjq"
    },
    "15": {
        "mjd": 58279.3852778,
        "passband": 2,
        "mag": 18.859,
        "mag_err": 0.07231510000000001,
        "locus_id": "ZTF18aawyjjq"
    },
    "16": {
        "mjd": 58281.350694400004,
        "passband": 2,
        "mag": 18.8709,
        "mag_err": 0.0644856,
        "locus_id": "ZTF18aawyjjq"
    },
    "17": {
        "mjd": 58281.3861921,
        "passband": 1,
        "mag": 18.9533,
        "mag_err": 0.0525682,
        "locus_id": "ZTF18aawyjjq"
    },
    "18": {
        "mjd": 58282.3296528,
        "passband": 2,
        "mag": 18.814,
        "mag_err": 0.06839980000000001,
        "locus_id": "ZTF18aawyjjq"
    },
    "19": {
        "mjd": 58282.36502309999,
        "passband": 1,
        "mag": 19.0297,
        "mag_err": 0.0656939,
        "locus_id": "ZTF18aawyjjq"
    },
    "20": {
        "mjd": 58284.3111806,
        "passband": 2,
        "mag": 18.7439,
        "mag_err": 0.0644207,
        "locus_id": "ZTF18aawyjjq"
    },
    "21": {
        "mjd": 58284.3638542,
        "passband": 1,
        "mag": 18.9145,
        "mag_err": 0.0690879,
        "locus_id": "ZTF18aawyjjq"
    },
    "22": {
        "mjd": 58285.313055599996,
        "passband": 2,
        "mag": 18.8878,
        "mag_err": 0.0685326,
        "locus_id": "ZTF18aawyjjq"
    },
    "23": {
        "mjd": 58287.341458300005,
        "passband": 1,
        "mag": 19.1488,
        "mag_err": 0.058127599999999995,
        "locus_id": "ZTF18aawyjjq"
    },
    "24": {
        "mjd": 58288.3295949,
        "passband": 2,
        "mag": 18.9002,
        "mag_err": 0.0948698,
        "locus_id": "ZTF18aawyjjq"
    },
    "25": {
        "mjd": 58288.37092590001,
        "passband": 1,
        "mag": 19.3162,
        "mag_err": 0.099459,
        "locus_id": "ZTF18aawyjjq"
    },
    "26": {
        "mjd": 58290.2158681,
        "passband": 1,
        "mag": 19.5425,
        "mag_err": 0.174671,
        "locus_id": "ZTF18aawyjjq"
    },
    "27": {
        "mjd": 58290.3686227,
        "passband": 2,
        "mag": 18.8358,
        "mag_err": 0.0874478,
        "locus_id": "ZTF18aawyjjq"
    },
    "28": {
        "mjd": 58292.3092245,
        "passband": 2,
        "mag": 18.9214,
        "mag_err": 0.0909673,
        "locus_id": "ZTF18aawyjjq"
    },
    "29": {
        "mjd": 58293.252824099996,
        "passband": 2,
        "mag": 18.8962,
        "mag_err": 0.110588,
        "locus_id": "ZTF18aawyjjq"
    },
    "30": {
        "mjd": 58293.34427080001,
        "passband": 1,
        "mag": 19.5797,
        "mag_err": 0.16633,
        "locus_id": "ZTF18aawyjjq"
    },
    "31": {
        "mjd": 58295.29627309999,
        "passband": 2,
        "mag": 19.0515,
        "mag_err": 0.149635,
        "locus_id": "ZTF18aawyjjq"
    },
    "32": {
        "mjd": 58297.3329977,
        "passband": 2,
        "mag": 18.9732,
        "mag_err": 0.147801,
        "locus_id": "ZTF18aawyjjq"
    },
    "33": {
        "mjd": 58300.21341440001,
        "passband": 1,
        "mag": 19.9191,
        "mag_err": 0.180089,
        "locus_id": "ZTF18aawyjjq"
    },
    "34": {
        "mjd": 58300.3534375,
        "passband": 2,
        "mag": 19.128,
        "mag_err": 0.147856,
        "locus_id": "ZTF18aawyjjq"
    },
    "35": {
        "mjd": 58301.3388079,
        "passband": 2,
        "mag": 19.098,
        "mag_err": 0.109107,
        "locus_id": "ZTF18aawyjjq"
    },
    "36": {
        "mjd": 58307.196180599996,
        "passband": 2,
        "mag": 19.3674,
        "mag_err": 0.126109,
        "locus_id": "ZTF18aawyjjq"
    },
    "37": {
        "mjd": 58310.328773099995,
        "passband": 1,
        "mag": 20.1073,
        "mag_err": 0.160349,
        "locus_id": "ZTF18aawyjjq"
    },
    "38": {
        "mjd": 58313.2134954,
        "passband": 2,
        "mag": 19.1497,
        "mag_err": 0.0992982,
        "locus_id": "ZTF18aawyjjq"
    },
    "39": {
        "mjd": 58316.2329745,
        "passband": 2,
        "mag": 19.2206,
        "mag_err": 0.09236269999999999,
        "locus_id": "ZTF18aawyjjq"
    },
    "40": {
        "mjd": 58318.340486099994,
        "passband": 2,
        "mag": 19.4398,
        "mag_err": 0.11921,
        "locus_id": "ZTF18aawyjjq"
    },
    "41": {
        "mjd": 58318.382083300006,
        "passband": 1,
        "mag": 20.5083,
        "mag_err": 0.18926800000000002,
        "locus_id": "ZTF18aawyjjq"
    },
    "42": {
        "mjd": 58324.2293403,
        "passband": 2,
        "mag": 19.4122,
        "mag_err": 0.195378,
        "locus_id": "ZTF18aawyjjq"
    },
    "43": {
        "mjd": 58330.3298727,
        "passband": 2,
        "mag": 19.3631,
        "mag_err": 0.196292,
        "locus_id": "ZTF18aawyjjq"
    },
    "44": {
        "mjd": 58336.2186806,
        "passband": 2,
        "mag": 19.4938,
        "mag_err": 0.10704200000000001,
        "locus_id": "ZTF18aawyjjq"
    },
    "45": {
        "mjd": 58336.2191551,
        "passband": 2,
        "mag": 19.4604,
        "mag_err": 0.112295,
        "locus_id": "ZTF18aawyjjq"
    },
    "46": {
        "mjd": 58340.1764352,
        "passband": 2,
        "mag": 19.4479,
        "mag_err": 0.140395,
        "locus_id": "ZTF18aawyjjq"
    },
    "47": {
        "mjd": 58340.1838657,
        "passband": 2,
        "mag": 19.4828,
        "mag_err": 0.12156700000000001,
        "locus_id": "ZTF18aawyjjq"
    },
    "48": {
        "mjd": 58343.1623727,
        "passband": 2,
        "mag": 19.5095,
        "mag_err": 0.128184,