{
    "0": {
        "mjd": 58627.3853704,
        "passband": 2,
        "mag": 20.1983,
        "mag_err": 0.223875,
        "locus_id": "ZTF19aavidqf"
    },
    "1": {
        "mjd": 58627.3871875,
        "passband": 2,
        "mag": 20.1174,
        "mag_err": 0.23025199999999998,
        "locus_id": "ZTF19aavidqf"
    },
    "2": {
        "mjd": 58632.3203125,
        "passband": 2,
        "mag": 19.1316,
        "mag_err": 0.09587439999999998,
        "locus_id": "ZTF19aavidqf"
    },
    "3": {
        "mjd": 58632.3216898,
        "passband": 2,
        "mag": 19.191,
        "mag_err": 0.11906099999999999,
        "locus_id": "ZTF19aavidqf"
    },
    "4": {
        "mjd": 58632.4311806,
        "passband": 1,
        "mag": 19.0185,
        "mag_err": 0.08902310000000001,
        "locus_id": "ZTF19aavidqf"
    },
    "5": {
        "mjd": 58635.3706019,
        "passband": 2,
        "mag": 18.8246,
        "mag_err": 0.084388,
        "locus_id": "ZTF19aavidqf"
    },
    "6": {
        "mjd": 58635.3728819,
        "passband": 2,
        "mag": 18.8508,
        "mag_err": 0.0669951,
        "locus_id": "ZTF19aavidqf"
    },
    "7": {
        "mjd": 58635.4464931,
        "passband": 1,
        "mag": 18.7063,
        "mag_err": 0.0681447,
        "locus_id": "ZTF19aavidqf"
    },
    "8": {
        "mjd": 58635.4530903,
        "passband": 1,
        "mag": 18.7242,
        "mag_err": 0.0813443,
        "locus_id": "ZTF19aavidqf"
    },
    "9": {
        "mjd": 58638.281273099994,
        "passband": 2,
        "mag": 18.7143,
        "mag_err": 0.079515,
        "locus_id": "ZTF19aavidqf"
    },
    "10": {
        "mjd": 58638.299386599996,
        "passband": 2,
        "mag": 18.666,
        "mag_err": 0.0706117,
        "locus_id": "ZTF19aavidqf"
    },
    "11": {
        "mjd": 58638.3657523,
        "passband": 1,
        "mag": 18.5911,
        "mag_err": 0.091025,
        "locus_id": "ZTF19aavidqf"
    },
    "12": {
        "mjd": 58638.3671412,
        "passband": 1,
        "mag": 18.5961,
        "mag_err": 0.0667579,
        "locus_id": "ZTF19aavidqf"
    },
    "13": {
        "mjd": 58641.2166898,
        "passband": 1,
        "mag": 18.5344,
        "mag_err": 0.08365399999999999,
        "locus_id": "ZTF19aavidqf"
    },
    "14": {
        "mjd": 58641.21854169999,
        "passband": 1,
        "mag": 18.5596,
        "mag_err": 0.087135,
        "locus_id": "ZTF19aavidqf"
    },
    "15": {
        "mjd": 58641.4100347,
        "passband": 2,
        "mag": 18.5652,
        "mag_err": 0.0737406,
        "locus_id": "ZTF19aavidqf"
    },
    "16": {
        "mjd": 58641.41192130001,
        "passband": 2,
        "mag": 18.5759,
        "mag_err": 0.07410499999999999,
        "locus_id": "ZTF19aavidqf"
    },
    "17": {
        "mjd": 58644.3303125,
        "passband": 2,
        "mag": 18.5561,
        "mag_err": 0.081014,
        "locus_id": "ZTF19aavidqf"
    },
    "18": {
        "mjd": 58644.33125,
        "passband": 2,
        "mag": 18.5478,
        "mag_err": 0.075211,
        "locus_id": "ZTF19aavidqf"
    },
    "19": {
        "mjd": 58644.34645830001,
        "passband": 1,
        "mag": 18.5873,
        "mag_err": 0.0923,
        "locus_id": "ZTF19aavidqf"
    },
    "20": {
        "mjd": 58644.348738400004,
        "passband": 1,
        "mag": 18.5822,
        "mag_err": 0.08127539999999998,
        "locus_id": "ZTF19aavidqf"
    },
    "21": {
        "mjd": 58647.29832180001,
        "passband": 2,
        "mag": 18.5477,
        "mag_err": 0.091019,
        "locus_id": "ZTF19aavidqf"
    },
    "22": {
        "mjd": 58647.303831,
        "passband": 2,
        "mag": 18.5576,
        "mag_err": 0.0783787,
        "locus_id": "ZTF19aavidqf"
    },
    "23": {
        "mjd": 58647.3509954,
        "passband": 1,
        "mag": 18.6723,
        "mag_err": 0.0913219,
        "locus_id": "ZTF19aavidqf"
    },
    "24": {
        "mjd": 58647.3872222,
        "passband": 1,
        "mag": 18.6937,
        "mag_err": 0.0941556,
        "locus_id": "ZTF19aavidqf"
    },
    "25": {
        "mjd": 58650.3014699,
        "passband": 2,
        "mag": 18.6731,
        "mag_err": 0.0966909,
        "locus_id": "ZTF19aavidqf"
    },
    "26": {
        "mjd": 58650.345960599996,
        "passband": 2,
        "mag": 18.676,
        "mag_err": 0.115774,
        "locus_id": "ZTF19aavidqf"
    },
    "27": {
        "mjd": 58650.45166669999,
        "passband": 1,
        "mag": 18.8678,
        "mag_err": 0.110417,
        "locus_id": "ZTF19aavidqf"
    },
    "28": {
        "mjd": 58650.45394680001,
        "passband": 1,
        "mag": 18.9363,
        "mag_err": 0.11542100000000001,
        "locus_id": "ZTF19aavidqf"
    },
    "29": {
        "mjd": 58653.309455999995,
        "passband": 1,
        "mag": 19.087,
        "mag_err": 0.13667200000000002,
        "locus_id": "ZTF19aavidqf"
    },
    "30": {
        "mjd": 58653.337824099995,
        "passband": 1,
        "mag": 19.1305,
        "mag_err": 0.158173,
        "locus_id": "ZTF19aavidqf"
    },
    "31": {
        "mjd": 58653.409537,
        "passband": 2,
        "mag": 18.7613,
        "mag_err": 0.114975,
        "locus_id": "ZTF19aavidqf"
    },
    "32": {
        "mjd": 58653.4100116,
        "passband": 2,
        "mag": 18.6887,
        "mag_err": 0.10371500000000002,
        "locus_id": "ZTF19aavidqf"
    },
    "33": {
        "mjd": 58654.308518499995,
        "passband": 1,
        "mag": 19.118,
        "mag_err": 0.13283499999999998,
        "locus_id": "ZTF19aavidqf"
    },
    "34": {
        "mjd": 58654.38732640001,
        "passband": 2,
        "mag": 18.8392,
        "mag_err": 0.113449,
        "locus_id": "ZTF19aavidqf"
    },
    "35": {
        "mjd": 58655.2176736,
        "passband": 2,
        "mag": 18.7798,
        "mag_err": 0.10806199999999999,
        "locus_id": "ZTF19aavidqf"
    },
    "36": {
        "mjd": 58655.2695833,
        "passband": 1,
        "mag": 19.2805,
        "mag_err": 0.14541400000000002,
        "locus_id": "ZTF19aavidqf"
    },
    "37": {
        "mjd": 58657.24432869999,
        "passband": 1,
        "mag": 19.5096,
        "mag_err": 0.116423,
        "locus_id": "ZTF19aavidqf"
    },
    "38": {
        "mjd": 58657.361898099996,
        "passband": 2,
        "mag": 18.8885,
        "mag_err": 0.0943562,
        "locus_id": "ZTF19aavidqf"
    },
    "39": {
        "mjd": 58657.3919676,
        "passband": 2,
        "mag": 18.8805,
        "mag_err": 0.104244,
        "locus_id": "ZTF19aavidqf"
    },
    "40": {
        "mjd": 58657.4453819,
        "passband": 1,
        "mag": 19.6367,
        "mag_err": 0.16380899999999998,
        "locus_id": "ZTF19aavidqf"
    },
    "41": {
        "mjd": 58658.4452431,
        "passband": 1,
        "mag": 19.7928,
        "mag_err": 0.191051,
        "locus_id": "ZTF19aavidqf"
    },
    "42": {
        "mjd": 58660.3259028,
        "passband": 2,
        "mag": 19.0825,
        "mag_err": 0.121209,
        "locus_id": "ZTF19aavidqf"
    },
    "43": {
        "mjd": 58660.3436111,
        "passband": 1,
        "mag": 19.8933,
        "mag_err": 0.148265,
        "locus_id": "ZTF19aavidqf"
    },
    "44": {
        "mjd": 58660.3455324,
        "passband": 1,
        "mag": 19.8497,
        "mag_err": 0.14332999999999999,
        "locus_id": "ZTF19aavidqf"
    },
    "45": {
        "mjd": 58661.323981500005,
        "passband": 2,
        "mag": 19.1374,
        "mag_err": 0.101837,
        "locus_id": "ZTF19aavidqf"
    },
    "46": {
        "mjd": 58663.325196800004,
        "passband": 2,
        "mag": 19.2228,
        "mag_err": 0.08240739999999999,
        "locus_id": "ZTF19aavidqf"
    },
    "47": {
        "mjd": 58663.3320255,
        "passband": 2,
        "mag": 19.2819,
        "mag_err": 0.11828499999999999,
        "locus_id": "ZTF19aavidqf"
    },
    "48": {
        "mjd": 58665.2379977,