{
    "0": {
        "mjd": 58302.1994097,
        "passband": 1,
        "mag": 19.6941,
        "mag_err": 0.127992,
        "locus_id": "ZTF18abdkimx"
    },
    "1": {
        "mjd": 58308.1986458,
        "passband": 1,
        "mag": 18.6309,
        "mag_err": 0.06784789999999999,
        "locus_id": "ZTF18abdkimx"
    },
    "2": {
        "mjd": 58308.2459144,
        "passband": 2,
        "mag": 18.8533,
        "mag_err": 0.09319169999999999,
        "locus_id": "ZTF18abdkimx"
    },
    "3": {
        "mjd": 58315.248703699996,
        "passband": 2,
        "mag": 18.6276,
        "mag_err": 0.0642699,
        "locus_id": "ZTF18abdkimx"
    },
    "4": {
        "mjd": 58318.39142359999,
        "passband": 1,
        "mag": 18.6156,
        "mag_err": 0.07432899999999999,
        "locus_id": "ZTF18abdkimx"
    },
    "5": {
        "mjd": 58321.19251159999,
        "passband": 1,
        "mag": 18.7132,
        "mag_err": 0.0886441,
        "locus_id": "ZTF18abdkimx"
    },
    "6": {
        "mjd": 58321.2785069,
        "passband": 2,
        "mag": 18.8277,
        "mag_err": 0.0805073,
        "locus_id": "ZTF18abdkimx"
    },
    "7": {
        "mjd": 58324.24528940001,
        "passband": 2,
        "mag": 18.9204,
        "mag_err": 0.101112,
        "locus_id": "ZTF18abdkimx"
    },
    "8": {
        "mjd": 58324.28495369999,
        "passband": 1,
        "mag": 19.0058,
        "mag_err": 0.132419,
        "locus_id": "ZTF18abdkimx"
    },
    "9": {
        "mjd": 58327.199236099994,
        "passband": 1,
        "mag": 19.4507,
        "mag_err": 0.206413,
        "locus_id": "ZTF18abdkimx"
    },
    "10": {
        "mjd": 58330.1610301,
        "passband": 1,
        "mag": 19.6828,
        "mag_err": 0.17763099999999998,
        "locus_id": "ZTF18abdkimx"
    },
    "11": {
        "mjd": 58330.3214931,
        "passband": 2,
        "mag": 19.0795,
        "mag_err": 0.110853,
        "locus_id": "ZTF18abdkimx"
    },
    "12": {
        "mjd": 58333.1765625,
        "passband": 1,
        "mag": 19.9064,
        "mag_err": 0.17131300000000002,
        "locus_id": "ZTF18abdkimx"
    },
    "13": {
        "mjd": 58333.3273495,
        "passband": 2,
        "mag": 19.2897,
        "mag_err": 0.125653,
        "locus_id": "ZTF18abdkimx"
    },
    "14": {
        "mjd": 58336.215856500006,
        "passband": 2,
        "mag": 19.4406,
        "mag_err": 0.112863,
        "locus_id": "ZTF18abdkimx"
    },
    "15": {
        "mjd": 58339.15798609999,
        "passband": 2,
        "mag": 19.4953,
        "mag_err": 0.138688,
        "locus_id": "ZTF18abdkimx"
    },
    "16": {
        "mjd": 58343.1759722,
        "passband": 1,
        "mag": 20.4339,
        "mag_err": 0.21386999999999998,
        "locus_id": "ZTF18abdkimx"
    },
    "17": {
        "mjd": 58346.1773495,
        "passband": 2,
        "mag": 19.8112,
        "mag_err": 0.148646,
        "locus_id": "ZTF18abdkimx"
    },
    "18": {
        "mjd": 58349.239895800005,
        "passband": 2,
        "mag": 20.1111,
        "mag_err": 0.186317,
        "locus_id": "ZTF18abdkimx"
    }
}