{
    "0": {
        "mjd": 58597.29666669999,
        "passband": 1,
        "mag": 19.4322,
        "mag_err": 0.115784,
        "locus_id": "ZTF19aarnrbw"
    },
    "1": {
        "mjd": 58597.3783102,
        "passband": 2,
        "mag": 19.3046,
        "mag_err": 0.160234,
        "locus_id": "ZTF19aarnrbw"
    },
    "2": {
        "mjd": 58606.33770830001,
        "passband": 2,
        "mag": 18.6146,
        "mag_err": 0.0616951,
        "locus_id": "ZTF19aarnrbw"
    },
    "3": {
        "mjd": 58616.251053199994,
        "passband": 1,
        "mag": 19.8607,
        "mag_err": 0.22241,
        "locus_id": "ZTF19aarnrbw"
    },
    "4": {
        "mjd": 58616.293981500006,
        "passband": 2,
        "mag": 18.9631,
        "mag_err": 0.107004,
        "locus_id": "ZTF19aarnrbw"
    },
    "5": {
        "mjd": 58633.2958102,
        "passband": 2,
        "mag": 20.3422,
        "mag_err": 0.21459299999999998,
        "locus_id": "ZTF19aarnrbw"
    },
    "6": {
        "mjd": 58636.21042819999,
        "passband": 2,
        "mag": 20.3324,
        "mag_err": 0.20873200000000003,
        "locus_id": "ZTF19aarnrbw"
    }
}