{
    "0": {
        "mjd": 58665.2538079,
        "passband": 2,
        "mag": 20.5594,
        "mag_err": 0.364266,
        "locus_id": "ZTF19abetjcx"
    },
    "1": {
        "mjd": 58672.1844329,
        "passband": 1,
        "mag": 18.68,
        "mag_err": 0.0857322,
        "locus_id": "ZTF19abetjcx"
    },
    "2": {
        "mjd": 58672.2075231,
        "passband": 2,
        "mag": 18.6462,
        "mag_err": 0.10642,
        "locus_id": "ZTF19abetjcx"
    },
    "3": {
        "mjd": 58675.2314699,
        "passband": 2,
        "mag": 18.5456,
        "mag_err": 0.11543599999999998,
        "locus_id": "ZTF19abetjcx"
    },
    "4": {
        "mjd": 58678.1907523,
        "passband": 2,
        "mag": 18.3628,
        "mag_err": 0.111198,
        "locus_id": "ZTF19abetjcx"
    },
    "5": {
        "mjd": 58682.1893171,
        "passband": 1,
        "mag": 18.4958,
        "mag_err": 0.0866178,
        "locus_id": "ZTF19abetjcx"
    },
    "6": {
        "mjd": 58685.1647801,
        "passband": 2,
        "mag": 18.6668,
        "mag_err": 0.10499800000000001,
        "locus_id": "ZTF19abetjcx"
    },
    "7": {
        "mjd": 58689.171585599994,
        "passband": 2,
        "mag": 18.8778,
        "mag_err": 0.0892414,
        "locus_id": "ZTF19abetjcx"
    },
    "8": {
        "mjd": 58692.17208330001,
        "passband": 2,
        "mag": 18.925,
        "mag_err": 0.148824,
        "locus_id": "ZTF19abetjcx"
    },
    "9": {
        "mjd": 58692.21730319999,
        "passband": 1,
        "mag": 19.7349,
        "mag_err": 0.15196600000000002,
        "locus_id": "ZTF19abetjcx"
    },
    "10": {
        "mjd": 58695.226226900006,
        "passband": 2,
        "mag": 19.048,
        "mag_err": 0.13230999999999998,
        "locus_id": "ZTF19abetjcx"
    },
    "11": {
        "mjd": 58698.17300930001,
        "passband": 2,
        "mag": 19.2924,
        "mag_err": 0.162636,
        "locus_id": "ZTF19abetjcx"
    }
}