{
    "0": {
        "mjd": 58706.4750347,
        "passband": 1,
        "mag": 20.1692,
        "mag_err": 0.147275,
        "locus_id": "ZTF19abpfxfs"
    },
    "1": {
        "mjd": 58706.49197919999,
        "passband": 2,
        "mag": 19.9526,
        "mag_err": 0.181904,
        "locus_id": "ZTF19abpfxfs"
    },
    "2": {
        "mjd": 58709.4897569,
        "passband": 1,
        "mag": 19.3479,
        "mag_err": 0.11780499999999999,
        "locus_id": "ZTF19abpfxfs"
    },
    "3": {
        "mjd": 58712.4322569,
        "passband": 2,
        "mag": 18.8801,
        "mag_err": 0.09697860000000001,
        "locus_id": "ZTF19abpfxfs"
    },
    "4": {
        "mjd": 58715.45476849999,
        "passband": 2,
        "mag": 18.6274,
        "mag_err": 0.08543049999999999,
        "locus_id": "ZTF19abpfxfs"
    },
    "5": {
        "mjd": 58715.51091440001,
        "passband": 1,
        "mag": 18.861,
        "mag_err": 0.139477,
        "locus_id": "ZTF19abpfxfs"
    },
    "6": {
        "mjd": 58718.443831,
        "passband": 1,
        "mag": 18.9427,
        "mag_err": 0.0935135,
        "locus_id": "ZTF19abpfxfs"
    },
    "7": {
        "mjd": 58718.483912,
        "passband": 2,
        "mag": 18.5912,
        "mag_err": 0.0640806,
        "locus_id": "ZTF19abpfxfs"
    },
    "8": {
        "mjd": 58721.48960650001,
        "passband": 2,
        "mag": 18.8269,
        "mag_err": 0.23820100000000002,
        "locus_id": "ZTF19abpfxfs"
    },
    "9": {
        "mjd": 58724.479074099996,
        "passband": 1,
        "mag": 19.4653,
        "mag_err": 0.117249,
        "locus_id": "ZTF19abpfxfs"
    },
    "10": {
        "mjd": 58724.490196800005,
        "passband": 2,
        "mag": 18.8099,
        "mag_err": 0.087836,
        "locus_id": "ZTF19abpfxfs"
    },
    "11": {
        "mjd": 58727.4792593,
        "passband": 1,
        "mag": 19.8424,
        "mag_err": 0.126375,
        "locus_id": "ZTF19abpfxfs"
    },
    "12": {
        "mjd": 58727.495011599996,
        "passband": 2,
        "mag": 18.9604,
        "mag_err": 0.11096700000000001,
        "locus_id": "ZTF19abpfxfs"
    },
    "13": {
        "mjd": 58732.4741204,
        "passband": 2,
        "mag": 19.2544,
        "mag_err": 0.101484,
        "locus_id": "ZTF19abpfxfs"
    },
    "14": {
        "mjd": 58735.4573495,
        "passband": 1,
        "mag": 20.8102,
        "mag_err": 0.23026799999999997,
        "locus_id": "ZTF19abpfxfs"
    },
    "15": {
        "mjd": 58738.5081597,
        "passband": 2,
        "mag": 19.639,
        "mag_err": 0.152775,
        "locus_id": "ZTF19abpfxfs"
    }
}