{
    "0": {
        "mjd": 58706.215798599995,
        "passband": 2,
        "mag": 20.1999,
        "mag_err": 0.223077,
        "locus_id": "ZTF19abpmetl"
    },
    "1": {
        "mjd": 58709.2138773,
        "passband": 2,
        "mag": 19.873,
        "mag_err": 0.254691,
        "locus_id": "ZTF19abpmetl"
    },
    "2": {
        "mjd": 58709.2439699,
        "passband": 1,
        "mag": 19.3952,
        "mag_err": 0.22114,
        "locus_id": "ZTF19abpmetl"
    },
    "3": {
        "mjd": 58713.232453699995,
        "passband": 2,
        "mag": 18.777,
        "mag_err": 0.162563,
        "locus_id": "ZTF19abpmetl"
    },
    "4": {
        "mjd": 58714.23376159999,
        "passband": 1,
        "mag": 18.954,
        "mag_err": 0.100812,
        "locus_id": "ZTF19abpmetl"
    },
    "5": {
        "mjd": 58714.35813659999,
        "passband": 2,
        "mag": 18.852999999999998,
        "mag_err": 0.09921039999999999,
        "locus_id": "ZTF19abpmetl"
    },
    "6": {
        "mjd": 58716.2608218,
        "passband": 1,
        "mag": 18.6999,
        "mag_err": 0.10793399999999999,
        "locus_id": "ZTF19abpmetl"
    },
    "7": {
        "mjd": 58716.3706019,
        "passband": 2,
        "mag": 18.7445,
        "mag_err": 0.112469,
        "locus_id": "ZTF19abpmetl"
    },
    "8": {
        "mjd": 58717.2430787,
        "passband": 1,
        "mag": 18.7138,
        "mag_err": 0.0963562,
        "locus_id": "ZTF19abpmetl"
    },
    "9": {
        "mjd": 58717.3083218,
        "passband": 2,
        "mag": 18.7426,
        "mag_err": 0.0845187,
        "locus_id": "ZTF19abpmetl"
    },
    "10": {
        "mjd": 58719.3156829,
        "passband": 2,
        "mag": 18.6786,
        "mag_err": 0.144876,
        "locus_id": "ZTF19abpmetl"
    },
    "11": {
        "mjd": 58720.2635648,
        "passband": 1,
        "mag": 18.649,
        "mag_err": 0.0958299,
        "locus_id": "ZTF19abpmetl"
    },
    "12": {
        "mjd": 58720.3335069,
        "passband": 2,
        "mag": 18.6628,
        "mag_err": 0.0642085,
        "locus_id": "ZTF19abpmetl"
    },
    "13": {
        "mjd": 58722.3074421,
        "passband": 2,
        "mag": 18.6552,
        "mag_err": 0.0941559,
        "locus_id": "ZTF19abpmetl"
    },
    "14": {
        "mjd": 58723.2614699,
        "passband": 1,
        "mag": 18.7691,
        "mag_err": 0.0833768,
        "locus_id": "ZTF19abpmetl"
    },
    "15": {
        "mjd": 58725.19028940001,
        "passband": 1,
        "mag": 18.7436,
        "mag_err": 0.101353,
        "locus_id": "ZTF19abpmetl"
    },
    "16": {
        "mjd": 58726.2440972,
        "passband": 1,
        "mag": 18.875999999999998,
        "mag_err": 0.10711500000000002,
        "locus_id": "ZTF19abpmetl"
    },
    "17": {
        "mjd": 58730.150451400004,
        "passband": 2,
        "mag": 18.8637,
        "mag_err": 0.11788,
        "locus_id": "ZTF19abpmetl"
    },
    "18": {
        "mjd": 58730.1509028,
        "passband": 2,
        "mag": 18.8391,
        "mag_err": 0.09477100000000001,
        "locus_id": "ZTF19abpmetl"
    },
    "19": {
        "mjd": 58733.2313079,
        "passband": 2,
        "mag": 19.0429,
        "mag_err": 0.11277899999999999,
        "locus_id": "ZTF19abpmetl"
    },
    "20": {
        "mjd": 58733.23221059999,
        "passband": 2,
        "mag": 19.108,
        "mag_err": 0.101361,
        "locus_id": "ZTF19abpmetl"
    },
    "21": {
        "mjd": 58733.3009606,
        "passband": 1,
        "mag": 19.322,
        "mag_err": 0.146298,
        "locus_id": "ZTF19abpmetl"
    },
    "22": {
        "mjd": 58733.301412,
        "passband": 1,
        "mag": 19.3764,
        "mag_err": 0.15448399999999998,
        "locus_id": "ZTF19abpmetl"
    },
    "23": {
        "mjd": 58743.1261574,
        "passband": 1,
        "mag": 20.3348,
        "mag_err": 0.32522399999999996,
        "locus_id": "ZTF19abpmetl"
    },
    "24": {
        "mjd": 58745.20548609999,
        "passband": 1,
        "mag": 20.3969,
        "mag_err": 0.25141399999999997,
        "locus_id": "ZTF19abpmetl"
    },
    "25": {
        "mjd": 58745.3374306,
        "passband": 2,
        "mag": 19.5195,
        "mag_err": 0.178291,
        "locus_id": "ZTF19abpmetl"
    },
    "26": {
        "mjd": 58749.26841440001,
        "passband": 2,
        "mag": 19.6431,
        "mag_err": 0.143287,
        "locus_id": "ZTF19abpmetl"
    },
    "27": {
        "mjd": 58750.2612731,
        "passband": 2,
        "mag": 19.4941,
        "mag_err": 0.139707,
        "locus_id": "ZTF19abpmetl"
    }
}