{
    "0": {
        "mjd": 58836.4109028,
        "passband": 1,
        "mag": 19.3648,
        "mag_err": 0.10781199999999999,
        "locus_id": "ZTF19aczeomw"
    },
    "1": {
        "mjd": 58836.436203699996,
        "passband": 2,
        "mag": 19.0298,
        "mag_err": 0.104539,
        "locus_id": "ZTF19aczeomw"
    },
    "2": {
        "mjd": 58846.2353819,
        "passband": 1,
        "mag": 18.2769,
        "mag_err": 0.06751139999999999,
        "locus_id": "ZTF19aczeomw"
    },
    "3": {
        "mjd": 58846.2777778,
        "passband": 2,
        "mag": 18.0154,
        "mag_err": 0.056656399999999996,
        "locus_id": "ZTF19aczeomw"
    },
    "4": {
        "mjd": 58850.4538194,
        "passband": 2,
        "mag": 18.1641,
        "mag_err": 0.08294580000000001,
        "locus_id": "ZTF19aczeomw"
    },
    "5": {
        "mjd": 58853.4455903,
        "passband": 1,
        "mag": 18.7595,
        "mag_err": 0.087948,
        "locus_id": "ZTF19aczeomw"
    },
    "6": {
        "mjd": 58860.2262037,
        "passband": 2,
        "mag": 18.6904,
        "mag_err": 0.0952441,
        "locus_id": "ZTF19aczeomw"
    },
    "7": {
        "mjd": 58860.274178199994,
        "passband": 2,
        "mag": 18.5523,
        "mag_err": 0.10065199999999999,
        "locus_id": "ZTF19aczeomw"
    },
    "8": {
        "mjd": 58861.2036921,
        "passband": 2,
        "mag": 18.7456,
        "mag_err": 0.134882,
        "locus_id": "ZTF19aczeomw"
    },
    "9": {
        "mjd": 58862.3517361,
        "passband": 2,
        "mag": 18.6859,
        "mag_err": 0.0932279,
        "locus_id": "ZTF19aczeomw"
    },
    "10": {
        "mjd": 58864.1601273,
        "passband": 1,
        "mag": 20.0428,
        "mag_err": 0.171604,
        "locus_id": "ZTF19aczeomw"
    },
    "11": {
        "mjd": 58867.254213,
        "passband": 2,
        "mag": 18.9298,
        "mag_err": 0.10863800000000001,
        "locus_id": "ZTF19aczeomw"
    },
    "12": {
        "mjd": 58871.19314809999,
        "passband": 1,
        "mag": 20.7701,
        "mag_err": 0.27027399999999996,
        "locus_id": "ZTF19aczeomw"
    },
    "13": {
        "mjd": 58871.24394680001,
        "passband": 2,
        "mag": 19.3555,
        "mag_err": 0.13558399999999998,
        "locus_id": "ZTF19aczeomw"
    },
    "14": {
        "mjd": 58873.1736921,
        "passband": 2,
        "mag": 19.4024,
        "mag_err": 0.106528,
        "locus_id": "ZTF19aczeomw"
    },
    "15": {
        "mjd": 58875.222106500005,
        "passband": 2,
        "mag": 19.7306,
        "mag_err": 0.18979400000000002,
        "locus_id": "ZTF19aczeomw"
    },
    "16": {
        "mjd": 58877.2568403,
        "passband": 2,
        "mag": 19.7812,
        "mag_err": 0.156757,
        "locus_id": "ZTF19aczeomw"
    },
    "17": {
        "mjd": 58880.2259954,
        "passband": 2,
        "mag": 19.9394,
        "mag_err": 0.156968,
        "locus_id": "ZTF19aczeomw"
    }
}