{
    "0": {
        "mjd": 58709.3992477,
        "passband": 2,
        "mag": 19.98,
        "mag_err": 0.239851,
        "locus_id": "ZTF19abpxcaf"
    },
    "1": {
        "mjd": 58712.439814800004,
        "passband": 2,
        "mag": 19.0785,
        "mag_err": 0.15175999999999998,
        "locus_id": "ZTF19abpxcaf"
    },
    "2": {
        "mjd": 58718.439479199995,
        "passband": 1,
        "mag": 18.4503,
        "mag_err": 0.0483515,
        "locus_id": "ZTF19abpxcaf"
    },
    "3": {
        "mjd": 58718.4626505,
        "passband": 2,
        "mag": 18.612000000000002,
        "mag_err": 0.10398699999999998,
        "locus_id": "ZTF19abpxcaf"
    },
    "4": {
        "mjd": 58727.481550900004,
        "passband": 2,
        "mag": 18.3359,
        "mag_err": 0.0519883,
        "locus_id": "ZTF19abpxcaf"
    },
    "5": {
        "mjd": 58730.419976900004,
        "passband": 2,
        "mag": 18.5097,
        "mag_err": 0.046175400000000005,
        "locus_id": "ZTF19abpxcaf"
    },
    "6": {
        "mjd": 58733.4055556,
        "passband": 2,
        "mag": 18.7112,
        "mag_err": 0.0469952,
        "locus_id": "ZTF19abpxcaf"
    },
    "7": {
        "mjd": 58736.478854199995,
        "passband": 1,
        "mag": 19.1882,
        "mag_err": 0.056474199999999995,
        "locus_id": "ZTF19abpxcaf"
    },
    "8": {
        "mjd": 58739.3996065,
        "passband": 2,
        "mag": 19.017,
        "mag_err": 0.115265,
        "locus_id": "ZTF19abpxcaf"
    },
    "9": {
        "mjd": 58739.4834028,
        "passband": 1,
        "mag": 19.3578,
        "mag_err": 0.243831,
        "locus_id": "ZTF19abpxcaf"
    },
    "10": {
        "mjd": 58745.3991898,
        "passband": 2,
        "mag": 19.2289,
        "mag_err": 0.17060999999999998,
        "locus_id": "ZTF19abpxcaf"
    },
    "11": {
        "mjd": 58748.334259300005,
        "passband": 2,
        "mag": 19.0334,
        "mag_err": 0.0718672,
        "locus_id": "ZTF19abpxcaf"
    },
    "12": {
        "mjd": 58751.400138900004,
        "passband": 1,
        "mag": 20.3299,
        "mag_err": 0.12341400000000001,
        "locus_id": "ZTF19abpxcaf"
    },
    "13": {
        "mjd": 58756.3931597,
        "passband": 2,
        "mag": 19.4089,
        "mag_err": 0.12131700000000001,
        "locus_id": "ZTF19abpxcaf"
    },
    "14": {
        "mjd": 58756.41570599999,
        "passband": 1,
        "mag": 20.5571,
        "mag_err": 0.200576,
        "locus_id": "ZTF19abpxcaf"
    },
    "15": {
        "mjd": 58759.374837999996,
        "passband": 2,
        "mag": 19.5108,
        "mag_err": 0.135985,
        "locus_id": "ZTF19abpxcaf"
    }
}