{
    "0": {
        "mjd": 58837.1272454,
        "passband": 1,
        "mag": 19.4377,
        "mag_err": 0.10993900000000001,
        "locus_id": "ZTF19adalouc"
    },
    "1": {
        "mjd": 58851.1266204,
        "passband": 1,
        "mag": 17.8418,
        "mag_err": 0.11649200000000001,
        "locus_id": "ZTF19adalouc"
    },
    "2": {
        "mjd": 58859.1054977,
        "passband": 1,
        "mag": 18.3653,
        "mag_err": 0.09563719999999999,
        "locus_id": "ZTF19adalouc"
    },
    "3": {
        "mjd": 58859.17164349999,
        "passband": 2,
        "mag": 18.3499,
        "mag_err": 0.0802071,
        "locus_id": "ZTF19adalouc"
    },
    "4": {
        "mjd": 58862.1060069,
        "passband": 1,
        "mag": 18.7538,
        "mag_err": 0.08741410000000001,
        "locus_id": "ZTF19adalouc"
    },
    "5": {
        "mjd": 58862.1991551,
        "passband": 2,
        "mag": 18.6307,
        "mag_err": 0.07520539999999999,
        "locus_id": "ZTF19adalouc"
    },
    "6": {
        "mjd": 58872.1370255,
        "passband": 2,
        "mag": 18.8214,
        "mag_err": 0.0752655,
        "locus_id": "ZTF19adalouc"
    },
    "7": {
        "mjd": 58875.1215509,
        "passband": 2,
        "mag": 19.1084,
        "mag_err": 0.108368,
        "locus_id": "ZTF19adalouc"
    }
}