{
    "0": {
        "mjd": 58662.4429398,
        "passband": 1,
        "mag": 20.0296,
        "mag_err": 0.213157,
        "locus_id": "ZTF19abcejoa"
    },
    "1": {
        "mjd": 58662.4650579,
        "passband": 2,
        "mag": 19.961,
        "mag_err": 0.21384099999999998,
        "locus_id": "ZTF19abcejoa"
    },
    "2": {
        "mjd": 58667.441770800004,
        "passband": 1,
        "mag": 18.9842,
        "mag_err": 0.127808,
        "locus_id": "ZTF19abcejoa"
    },
    "3": {
        "mjd": 58667.4835995,
        "passband": 2,
        "mag": 19.1822,
        "mag_err": 0.22195700000000002,
        "locus_id": "ZTF19abcejoa"
    },
    "4": {
        "mjd": 58670.458298599995,
        "passband": 1,
        "mag": 18.7426,
        "mag_err": 0.0681714,
        "locus_id": "ZTF19abcejoa"
    },
    "5": {
        "mjd": 58673.4780903,
        "passband": 1,
        "mag": 18.637999999999998,
        "mag_err": 0.07155689999999999,
        "locus_id": "ZTF19abcejoa"
    },
    "6": {
        "mjd": 58677.461412,
        "passband": 1,
        "mag": 18.7103,
        "mag_err": 0.100847,
        "locus_id": "ZTF19abcejoa"
    },
    "7": {
        "mjd": 58681.4626852,
        "passband": 1,
        "mag": 18.8923,
        "mag_err": 0.141423,
        "locus_id": "ZTF19abcejoa"
    },
    "8": {
        "mjd": 58684.4046875,
        "passband": 1,
        "mag": 19.0037,
        "mag_err": 0.228721,
        "locus_id": "ZTF19abcejoa"
    },
    "9": {
        "mjd": 58684.4597454,
        "passband": 2,
        "mag": 18.7786,
        "mag_err": 0.118717,
        "locus_id": "ZTF19abcejoa"
    },
    "10": {
        "mjd": 58690.4620949,
        "passband": 1,
        "mag": 19.4786,
        "mag_err": 0.127789,
        "locus_id": "ZTF19abcejoa"
    },
    "11": {
        "mjd": 58693.425763900006,
        "passband": 1,
        "mag": 19.5941,
        "mag_err": 0.12626300000000001,
        "locus_id": "ZTF19abcejoa"
    },
    "12": {
        "mjd": 58693.4796875,
        "passband": 2,
        "mag": 19.2789,
        "mag_err": 0.10004099999999999,
        "locus_id": "ZTF19abcejoa"
    },
    "13": {
        "mjd": 58696.43471059999,
        "passband": 1,
        "mag": 19.745,
        "mag_err": 0.119842,
        "locus_id": "ZTF19abcejoa"
    },
    "14": {
        "mjd": 58699.4795718,
        "passband": 1,
        "mag": 20.1331,
        "mag_err": 0.196766,
        "locus_id": "ZTF19abcejoa"
    },
    "15": {
        "mjd": 58699.481088,
        "passband": 2,
        "mag": 19.4877,
        "mag_err": 0.155093,
        "locus_id": "ZTF19abcejoa"
    },
    "16": {
        "mjd": 58704.46136569999,
        "passband": 2,
        "mag": 19.5984,
        "mag_err": 0.13237100000000002,
        "locus_id": "ZTF19abcejoa"
    },
    "17": {
        "mjd": 58707.4381597,
        "passband": 1,
        "mag": 20.5321,
        "mag_err": 0.225056,
        "locus_id": "ZTF19abcejoa"
    },
    "18": {
        "mjd": 58710.4181019,
        "passband": 2,
        "mag": 19.5014,
        "mag_err": 0.25669899999999995,
        "locus_id": "ZTF19abcejoa"
    },
    "19": {
        "mjd": 58716.4388194,
        "passband": 2,
        "mag": 20.005,
        "mag_err": 0.230503,
        "locus_id": "ZTF19abcejoa"
    },
    "20": {
        "mjd": 58726.3775579,
        "passband": 2,
        "mag": 20.2483,
        "mag_err": 0.21560500000000002,
        "locus_id": "ZTF19abcejoa"
    }
}