{
    "0": {
        "mjd": 58443.44704859999,
        "passband": 2,
        "mag": 19.4977,
        "mag_err": 0.13028299999999998,
        "locus_id": "ZTF18acqsfxh"
    },
    "1": {
        "mjd": 58443.513588,
        "passband": 1,
        "mag": 20.0457,
        "mag_err": 0.211723,
        "locus_id": "ZTF18acqsfxh"
    },
    "2": {
        "mjd": 58443.5159028,
        "passband": 1,
        "mag": 20.1393,
        "mag_err": 0.163044,
        "locus_id": "ZTF18acqsfxh"
    },
    "3": {
        "mjd": 58447.4311574,
        "passband": 2,
        "mag": 18.8586,
        "mag_err": 0.11313,
        "locus_id": "ZTF18acqsfxh"
    },
    "4": {
        "mjd": 58447.44501159999,
        "passband": 2,
        "mag": 18.8239,
        "mag_err": 0.09121130000000001,
        "locus_id": "ZTF18acqsfxh"
    },
    "5": {
        "mjd": 58447.509513900004,
        "passband": 2,
        "mag": 19.0301,
        "mag_err": 0.128243,
        "locus_id": "ZTF18acqsfxh"
    },
    "6": {
        "mjd": 58447.51376159999,
        "passband": 2,
        "mag": 18.9875,
        "mag_err": 0.144429,
        "locus_id": "ZTF18acqsfxh"
    },
    "7": {
        "mjd": 58450.475520800006,
        "passband": 1,
        "mag": 19.6335,
        "mag_err": 0.15696,
        "locus_id": "ZTF18acqsfxh"
    },
    "8": {
        "mjd": 58450.4998611,
        "passband": 1,
        "mag": 19.5975,
        "mag_err": 0.169598,
        "locus_id": "ZTF18acqsfxh"
    },
    "9": {
        "mjd": 58450.5344097,
        "passband": 2,
        "mag": 18.6974,
        "mag_err": 0.08844980000000001,
        "locus_id": "ZTF18acqsfxh"
    },
    "10": {
        "mjd": 58450.535798599994,
        "passband": 2,
        "mag": 18.7301,
        "mag_err": 0.08354310000000001,
        "locus_id": "ZTF18acqsfxh"
    },
    "11": {
        "mjd": 58455.4733796,
        "passband": 2,
        "mag": 18.6464,
        "mag_err": 0.09924839999999999,
        "locus_id": "ZTF18acqsfxh"
    },
    "12": {
        "mjd": 58455.4833102,
        "passband": 2,
        "mag": 18.5891,
        "mag_err": 0.11093099999999999,
        "locus_id": "ZTF18acqsfxh"
    },
    "13": {
        "mjd": 58455.5075579,
        "passband": 2,
        "mag": 18.7618,
        "mag_err": 0.174284,
        "locus_id": "ZTF18acqsfxh"
    },
    "14": {
        "mjd": 58455.5328125,
        "passband": 2,
        "mag": 18.8341,
        "mag_err": 0.141401,
        "locus_id": "ZTF18acqsfxh"
    },
    "15": {
        "mjd": 58461.5270949,
        "passband": 2,
        "mag": 18.7243,
        "mag_err": 0.0898936,
        "locus_id": "ZTF18acqsfxh"
    },
    "16": {
        "mjd": 58461.530370399996,
        "passband": 2,
        "mag": 18.7543,
        "mag_err": 0.0879893,
        "locus_id": "ZTF18acqsfxh"
    },
    "17": {
        "mjd": 58464.4753935,
        "passband": 1,
        "mag": 19.7689,
        "mag_err": 0.14718299999999998,
        "locus_id": "ZTF18acqsfxh"
    },
    "18": {
        "mjd": 58464.4869097,
        "passband": 1,
        "mag": 19.877,
        "mag_err": 0.13908,
        "locus_id": "ZTF18acqsfxh"
    },
    "19": {
        "mjd": 58464.5337847,
        "passband": 2,
        "mag": 18.8831,
        "mag_err": 0.10835499999999999,
        "locus_id": "ZTF18acqsfxh"
    },
    "20": {
        "mjd": 58464.5342593,
        "passband": 2,
        "mag": 18.8913,
        "mag_err": 0.0669755,
        "locus_id": "ZTF18acqsfxh"
    },
    "21": {
        "mjd": 58472.4491667,
        "passband": 2,
        "mag": 19.3788,
        "mag_err": 0.153488,
        "locus_id": "ZTF18acqsfxh"
    },
    "22": {
        "mjd": 58472.531805599996,
        "passband": 1,
        "mag": 20.2043,
        "mag_err": 0.172022,
        "locus_id": "ZTF18acqsfxh"
    },
    "23": {
        "mjd": 58480.4291551,
        "passband": 2,
        "mag": 19.6486,
        "mag_err": 0.207275,
        "locus_id": "ZTF18acqsfxh"
    },
    "24": {
        "mjd": 58480.4475694,
        "passband": 2,
        "mag": 19.5042,
        "mag_err": 0.162906,
        "locus_id": "ZTF18acqsfxh"
    },
    "25": {
        "mjd": 58486.46401619999,
        "passband": 2,
        "mag": 19.4839,
        "mag_err": 0.137097,
        "locus_id": "ZTF18acqsfxh"
    },
    "26": {
        "mjd": 58486.466863400005,
        "passband": 2,
        "mag": 19.6611,
        "mag_err": 0.17073,
        "locus_id": "ZTF18acqsfxh"
    }
}