{
    "0": {
        "mjd": 58464.2933796,
        "passband": 2,
        "mag": 19.0043,
        "mag_err": 0.104327,
        "locus_id": "ZTF18acvcxnc"
    },
    "1": {
        "mjd": 58472.42908559999,
        "passband": 2,
        "mag": 18.372,
        "mag_err": 0.06155,
        "locus_id": "ZTF18acvcxnc"
    },
    "2": {
        "mjd": 58472.469294,
        "passband": 1,
        "mag": 18.3988,
        "mag_err": 0.0792593,
        "locus_id": "ZTF18acvcxnc"
    },
    "3": {
        "mjd": 58475.50501159999,
        "passband": 1,
        "mag": 18.4398,
        "mag_err": 0.173352,
        "locus_id": "ZTF18acvcxnc"
    },
    "4": {
        "mjd": 58480.437476900006,
        "passband": 2,
        "mag": 18.7261,
        "mag_err": 0.0940685,
        "locus_id": "ZTF18acvcxnc"
    },
    "5": {
        "mjd": 58480.4761574,
        "passband": 1,
        "mag": 18.8618,
        "mag_err": 0.154583,
        "locus_id": "ZTF18acvcxnc"
    }
}