{
    "0": {
        "mjd": 58581.3141204,
        "passband": 1,
        "mag": 19.6533,
        "mag_err": 0.16208699999999998,
        "locus_id": "ZTF19aapfktd"
    },
    "1": {
        "mjd": 58584.2542477,
        "passband": 1,
        "mag": 18.936,
        "mag_err": 0.10626600000000001,
        "locus_id": "ZTF19aapfktd"
    },
    "2": {
        "mjd": 58584.29379630001,
        "passband": 2,
        "mag": 19.1665,
        "mag_err": 0.13831400000000002,
        "locus_id": "ZTF19aapfktd"
    },
    "3": {
        "mjd": 58587.33355319999,
        "passband": 1,
        "mag": 18.4684,
        "mag_err": 0.0859791,
        "locus_id": "ZTF19aapfktd"
    },
    "4": {
        "mjd": 58593.314375,
        "passband": 2,
        "mag": 18.408,
        "mag_err": 0.109831,
        "locus_id": "ZTF19aapfktd"
    },
    "5": {
        "mjd": 58596.2306481,
        "passband": 1,
        "mag": 18.211,
        "mag_err": 0.0743884,
        "locus_id": "ZTF19aapfktd"
    },
    "6": {
        "mjd": 58596.2925926,
        "passband": 2,
        "mag": 18.3609,
        "mag_err": 0.0976133,
        "locus_id": "ZTF19aapfktd"
    },
    "7": {
        "mjd": 58600.2322454,
        "passband": 1,
        "mag": 18.32,
        "mag_err": 0.0804783,
        "locus_id": "ZTF19aapfktd"
    },
    "8": {
        "mjd": 58606.2304051,
        "passband": 2,
        "mag": 18.6221,
        "mag_err": 0.08139210000000001,
        "locus_id": "ZTF19aapfktd"
    },
    "9": {
        "mjd": 58617.1940625,
        "passband": 1,
        "mag": 19.6396,
        "mag_err": 0.245908,
        "locus_id": "ZTF19aapfktd"
    },
    "10": {
        "mjd": 58617.2525694,
        "passband": 2,
        "mag": 18.9182,
        "mag_err": 0.11984500000000001,
        "locus_id": "ZTF19aapfktd"
    },
    "11": {
        "mjd": 58634.25280090001,
        "passband": 2,
        "mag": 19.7555,
        "mag_err": 0.163882,
        "locus_id": "ZTF19aapfktd"
    },
    "12": {
        "mjd": 58637.1899306,
        "passband": 2,
        "mag": 19.7528,
        "mag_err": 0.137037,
        "locus_id": "ZTF19aapfktd"
    },
    "13": {
        "mjd": 58637.233009300006,
        "passband": 1,
        "mag": 20.7451,
        "mag_err": 0.401061,
        "locus_id": "ZTF19aapfktd"
    },
    "14": {
        "mjd": 58640.232662,
        "passband": 2,
        "mag": 20.0448,
        "mag_err": 0.196543,
        "locus_id": "ZTF19aapfktd"
    }
}