{
    "0": {
        "mjd": 58725.461805599996,
        "passband": 1,
        "mag": 19.9479,
        "mag_err": 0.162322,
        "locus_id": "ZTF19abwsecm"
    },
    "1": {
        "mjd": 58732.4384722,
        "passband": 1,
        "mag": 17.742,
        "mag_err": 0.0623111,
        "locus_id": "ZTF19abwsecm"
    },
    "2": {
        "mjd": 58732.4809259,
        "passband": 2,
        "mag": 17.255,
        "mag_err": 0.0448804,
        "locus_id": "ZTF19abwsecm"
    },
    "3": {
        "mjd": 58735.459895800006,
        "passband": 1,
        "mag": 17.3126,
        "mag_err": 0.0474936,
        "locus_id": "ZTF19abwsecm"
    },
    "4": {
        "mjd": 58735.4853472,
        "passband": 2,
        "mag": 16.8733,
        "mag_err": 0.029239299999999996,
        "locus_id": "ZTF19abwsecm"
    },
    "5": {
        "mjd": 58738.45991900001,
        "passband": 1,
        "mag": 17.0465,
        "mag_err": 0.0472828,
        "locus_id": "ZTF19abwsecm"
    },
    "6": {
        "mjd": 58738.50208330001,
        "passband": 2,
        "mag": 16.6423,
        "mag_err": 0.0393109,
        "locus_id": "ZTF19abwsecm"
    },
    "7": {
        "mjd": 58741.4411921,
        "passband": 2,
        "mag": 16.5664,
        "mag_err": 0.0320313,
        "locus_id": "ZTF19abwsecm"
    },
    "8": {
        "mjd": 58746.522083300006,
        "passband": 1,
        "mag": 16.9897,
        "mag_err": 0.0479966,
        "locus_id": "ZTF19abwsecm"
    },
    "9": {
        "mjd": 58749.3017824,
        "passband": 2,
        "mag": 16.5993,
        "mag_err": 0.0319346,
        "locus_id": "ZTF19abwsecm"
    },
    "10": {
        "mjd": 58749.4177083,
        "passband": 1,
        "mag": 17.1114,
        "mag_err": 0.0493216,
        "locus_id": "ZTF19abwsecm"
    },
    "11": {
        "mjd": 58756.419375,
        "passband": 1,
        "mag": 17.601,
        "mag_err": 0.0484562,
        "locus_id": "ZTF19abwsecm"
    },
    "12": {
        "mjd": 58763.41219909999,
        "passband": 1,
        "mag": 18.2399,
        "mag_err": 0.0847004,
        "locus_id": "ZTF19abwsecm"
    },
    "13": {
        "mjd": 58766.420173599996,
        "passband": 1,
        "mag": 18.4767,
        "mag_err": 0.0937739,
        "locus_id": "ZTF19abwsecm"
    },
    "14": {
        "mjd": 58766.4875579,
        "passband": 2,
        "mag": 17.2812,
        "mag_err": 0.038191300000000004,
        "locus_id": "ZTF19abwsecm"
    },
    "15": {
        "mjd": 58769.4180324,
        "passband": 2,
        "mag": 17.3726,
        "mag_err": 0.0453901,
        "locus_id": "ZTF19abwsecm"
    },
    "16": {
        "mjd": 58769.48129630001,
        "passband": 1,
        "mag": 18.9178,
        "mag_err": 0.199142,
        "locus_id": "ZTF19abwsecm"
    },
    "17": {
        "mjd": 58778.37971059999,
        "passband": 2,
        "mag": 17.7409,
        "mag_err": 0.067454,
        "locus_id": "ZTF19abwsecm"
    },
    "18": {
        "mjd": 58784.3783102,
        "passband": 2,
        "mag": 18.21,
        "mag_err": 0.08098179999999999,
        "locus_id": "ZTF19abwsecm"
    },
    "19": {
        "mjd": 58790.31557869999,
        "passband": 1,
        "mag": 19.7823,
        "mag_err": 0.226996,
        "locus_id": "ZTF19abwsecm"
    },
    "20": {
        "mjd": 58793.360011599994,
        "passband": 2,
        "mag": 18.5611,
        "mag_err": 0.0825038,
        "locus_id": "ZTF19abwsecm"
    },
    "21": {
        "mjd": 58801.313125,
        "passband": 2,
        "mag": 18.9852,
        "mag_err": 0.190211,
        "locus_id": "ZTF19abwsecm"
    },
    "22": {
        "mjd": 58812.288773099994,
        "passband": 2,
        "mag": 19.0437,
        "mag_err": 0.124009,
        "locus_id": "ZTF19abwsecm"
    },
    "23": {
        "mjd": 58814.2105787,
        "passband": 2,
        "mag": 19.1494,
        "mag_err": 0.151043,
        "locus_id": "ZTF19abwsecm"
    }
}