{
    "0": {
        "mjd": 58655.4761806,
        "passband": 1,
        "mag": 19.239,
        "mag_err": 0.285941,
        "locus_id": "ZTF19abdkecj"
    },
    "1": {
        "mjd": 58667.4449421,
        "passband": 1,
        "mag": 18.2718,
        "mag_err": 0.05849630000000001,
        "locus_id": "ZTF19abdkecj"
    },
    "2": {
        "mjd": 58667.4790625,
        "passband": 2,
        "mag": 18.264,
        "mag_err": 0.0768423,
        "locus_id": "ZTF19abdkecj"
    },
    "3": {
        "mjd": 58670.45557869999,
        "passband": 1,
        "mag": 18.3334,
        "mag_err": 0.058712099999999996,
        "locus_id": "ZTF19abdkecj"
    },
    "4": {
        "mjd": 58670.4775694,
        "passband": 2,
        "mag": 18.3409,
        "mag_err": 0.0546655,
        "locus_id": "ZTF19abdkecj"
    },
    "5": {
        "mjd": 58673.47379630001,
        "passband": 1,
        "mag": 18.489,
        "mag_err": 0.0654164,
        "locus_id": "ZTF19abdkecj"
    },
    "6": {
        "mjd": 58676.46351849999,
        "passband": 2,
        "mag": 18.5859,
        "mag_err": 0.065112,
        "locus_id": "ZTF19abdkecj"
    },
    "7": {
        "mjd": 58679.4686227,
        "passband": 2,
        "mag": 18.6936,
        "mag_err": 0.0859208,
        "locus_id": "ZTF19abdkecj"
    },
    "8": {
        "mjd": 58682.42197919999,
        "passband": 2,
        "mag": 18.8715,
        "mag_err": 0.10506800000000001,
        "locus_id": "ZTF19abdkecj"
    },
    "9": {
        "mjd": 58682.4857176,
        "passband": 1,
        "mag": 19.2342,
        "mag_err": 0.16182,
        "locus_id": "ZTF19abdkecj"
    },
    "10": {
        "mjd": 58685.441412,
        "passband": 2,
        "mag": 18.8627,
        "mag_err": 0.0878055,
        "locus_id": "ZTF19abdkecj"
    },
    "11": {
        "mjd": 58685.4754977,
        "passband": 1,
        "mag": 19.5927,
        "mag_err": 0.181953,
        "locus_id": "ZTF19abdkecj"
    },
    "12": {
        "mjd": 58690.4648148,
        "passband": 1,
        "mag": 19.8872,
        "mag_err": 0.17588399999999998,
        "locus_id": "ZTF19abdkecj"
    },
    "13": {
        "mjd": 58693.455231500004,
        "passband": 1,
        "mag": 20.2218,
        "mag_err": 0.161468,
        "locus_id": "ZTF19abdkecj"
    },
    "14": {
        "mjd": 58693.4828819,
        "passband": 2,
        "mag": 19.1366,
        "mag_err": 0.104328,
        "locus_id": "ZTF19abdkecj"
    },
    "15": {
        "mjd": 58696.44170140001,
        "passband": 1,
        "mag": 20.3774,
        "mag_err": 0.18873299999999998,
        "locus_id": "ZTF19abdkecj"
    },
    "16": {
        "mjd": 58696.4826852,
        "passband": 2,
        "mag": 19.2411,
        "mag_err": 0.0930042,
        "locus_id": "ZTF19abdkecj"
    },
    "17": {
        "mjd": 58699.4768056,
        "passband": 1,
        "mag": 20.5894,
        "mag_err": 0.227314,
        "locus_id": "ZTF19abdkecj"
    },
    "18": {
        "mjd": 58699.4833449,
        "passband": 2,
        "mag": 19.4463,
        "mag_err": 0.0979585,
        "locus_id": "ZTF19abdkecj"
    },
    "19": {
        "mjd": 58703.45719909999,
        "passband": 2,
        "mag": 19.7122,
        "mag_err": 0.10875499999999999,
        "locus_id": "ZTF19abdkecj"
    },
    "20": {
        "mjd": 58706.49980319999,
        "passband": 2,
        "mag": 19.9311,
        "mag_err": 0.17538,
        "locus_id": "ZTF19abdkecj"
    }
}