{
    "0": {
        "mjd": 58833.464861099994,
        "passband": 2,
        "mag": 17.1516,
        "mag_err": 0.041783999999999995,
        "locus_id": "ZTF19acyiqnw"
    },
    "1": {
        "mjd": 58833.52366900001,
        "passband": 1,
        "mag": 17.0646,
        "mag_err": 0.0468203,
        "locus_id": "ZTF19acyiqnw"
    },
    "2": {
        "mjd": 58836.510729199996,
        "passband": 2,
        "mag": 16.8232,
        "mag_err": 0.0337547,
        "locus_id": "ZTF19acyiqnw"
    },
    "3": {
        "mjd": 58837.4980671,
        "passband": 1,
        "mag": 16.5881,
        "mag_err": 0.0377694,
        "locus_id": "ZTF19acyiqnw"
    },
    "4": {
        "mjd": 58838.4678472,
        "passband": 1,
        "mag": 16.4693,
        "mag_err": 0.0637496,
        "locus_id": "ZTF19acyiqnw"
    },
    "5": {
        "mjd": 58838.5142824,
        "passband": 2,
        "mag": 16.707,
        "mag_err": 0.056675,
        "locus_id": "ZTF19acyiqnw"
    },
    "6": {
        "mjd": 58849.50833330001,
        "passband": 1,
        "mag": 16.6867,
        "mag_err": 0.0410336,
        "locus_id": "ZTF19acyiqnw"
    },
    "7": {
        "mjd": 58850.47936340001,
        "passband": 2,
        "mag": 16.8622,
        "mag_err": 0.0366392,
        "locus_id": "ZTF19acyiqnw"
    },
    "8": {
        "mjd": 58850.532835599995,
        "passband": 1,
        "mag": 16.7454,
        "mag_err": 0.026125799999999998,
        "locus_id": "ZTF19acyiqnw"
    },
    "9": {
        "mjd": 58851.4950347,
        "passband": 2,
        "mag": 16.9005,
        "mag_err": 0.0341819,
        "locus_id": "ZTF19acyiqnw"
    },
    "10": {
        "mjd": 58851.51039349999,
        "passband": 1,
        "mag": 16.7882,
        "mag_err": 0.0377266,
        "locus_id": "ZTF19acyiqnw"
    },
    "11": {
        "mjd": 58852.4465625,
        "passband": 2,
        "mag": 16.9648,
        "mag_err": 0.0492491,
        "locus_id": "ZTF19acyiqnw"
    },
    "12": {
        "mjd": 58852.5050579,
        "passband": 1,
        "mag": 16.8356,
        "mag_err": 0.0351521,
        "locus_id": "ZTF19acyiqnw"
    },
    "13": {
        "mjd": 58853.4840278,
        "passband": 1,
        "mag": 16.9273,
        "mag_err": 0.031817000000000005,
        "locus_id": "ZTF19acyiqnw"
    },
    "14": {
        "mjd": 58854.47572919999,
        "passband": 2,
        "mag": 17.2081,
        "mag_err": 0.062357,
        "locus_id": "ZTF19acyiqnw"
    },
    "15": {
        "mjd": 58855.32133099999,
        "passband": 2,
        "mag": 17.1835,
        "mag_err": 0.0432931,
        "locus_id": "ZTF19acyiqnw"
    },
    "16": {
        "mjd": 58855.4257176,
        "passband": 1,
        "mag": 17.0825,
        "mag_err": 0.040405800000000006,
        "locus_id": "ZTF19acyiqnw"
    },
    "17": {
        "mjd": 58859.283460599996,
        "passband": 2,
        "mag": 17.4095,
        "mag_err": 0.06983450000000001,
        "locus_id": "ZTF19acyiqnw"
    },
    "18": {
        "mjd": 58859.430428199994,
        "passband": 2,
        "mag": 17.3679,
        "mag_err": 0.0427846,
        "locus_id": "ZTF19acyiqnw"
    },
    "19": {
        "mjd": 58860.30938659999,
        "passband": 2,
        "mag": 17.4019,
        "mag_err": 0.0701626,
        "locus_id": "ZTF19acyiqnw"
    },
    "20": {
        "mjd": 58860.3661806,
        "passband": 2,
        "mag": 17.3831,
        "mag_err": 0.051866999999999996,
        "locus_id": "ZTF19acyiqnw"
    },
    "21": {
        "mjd": 58861.31004630001,
        "passband": 2,
        "mag": 17.4486,
        "mag_err": 0.051207,
        "locus_id": "ZTF19acyiqnw"
    },
    "22": {
        "mjd": 58861.44932869999,
        "passband": 1,
        "mag": 17.6375,
        "mag_err": 0.08068639999999999,
        "locus_id": "ZTF19acyiqnw"
    },
    "23": {
        "mjd": 58862.3628704,
        "passband": 2,
        "mag": 17.3731,
        "mag_err": 0.057169000000000005,
        "locus_id": "ZTF19acyiqnw"
    },
    "24": {
        "mjd": 58862.4444097,
        "passband": 1,
        "mag": 17.7652,
        "mag_err": 0.058252,
        "locus_id": "ZTF19acyiqnw"
    },
    "25": {
        "mjd": 58864.3328009,
        "passband": 2,
        "mag": 17.3694,
        "mag_err": 0.051894,
        "locus_id": "ZTF19acyiqnw"
    },
    "26": {
        "mjd": 58864.4055903,
        "passband": 1,
        "mag": 17.9861,
        "mag_err": 0.07740930000000001,
        "locus_id": "ZTF19acyiqnw"
    },
    "27": {
        "mjd": 58866.35320599999,
        "passband": 2,
        "mag": 17.391,
        "mag_err": 0.0413649,
        "locus_id": "ZTF19acyiqnw"
    },
    "28": {
        "mjd": 58866.4060764,
        "passband": 1,
        "mag": 18.2294,
        "mag_err": 0.06057819999999999,
        "locus_id": "ZTF19acyiqnw"
    },
    "29": {
        "mjd": 58867.35247690001,
        "passband": 2,
        "mag": 17.3909,
        "mag_err": 0.0425713,
        "locus_id": "ZTF19acyiqnw"
    },
    "30": {
        "mjd": 58871.323205999994,
        "passband": 2,
        "mag": 17.611,
        "mag_err": 0.051303499999999995,
        "locus_id": "ZTF19acyiqnw"
    },
    "31": {
        "mjd": 58871.4093171,
        "passband": 1,
        "mag": 18.6325,
        "mag_err": 0.0754775,
        "locus_id": "ZTF19acyiqnw"
    },
    "32": {
        "mjd": 58872.3309028,
        "passband": 2,
        "mag": 17.7835,
        "mag_err": 0.119594,
        "locus_id": "ZTF19acyiqnw"
    },
    "33": {
        "mjd": 58873.2614583,
        "passband": 2,
        "mag": 17.7524,
        "mag_err": 0.052583000000000005,
        "locus_id": "ZTF19acyiqnw"
    },
    "34": {
        "mjd": 58873.34885419999,
        "passband": 1,
        "mag": 18.8873,
        "mag_err": 0.06952489999999999,
        "locus_id": "ZTF19acyiqnw"
    },
    "35": {
        "mjd": 58874.26539349999,
        "passband": 2,
        "mag": 17.9274,
        "mag_err": 0.066139,
        "locus_id": "ZTF19acyiqnw"
    },
    "36": {
        "mjd": 58874.3708449,
        "passband": 1,
        "mag": 18.9476,
        "mag_err": 0.06455459999999999,
        "locus_id": "ZTF19acyiqnw"
    },
    "37": {
        "mjd": 58875.2373843,
        "passband": 2,
        "mag": 17.9428,
        "mag_err": 0.071038,
        "locus_id": "ZTF19acyiqnw"
    },
    "38": {
        "mjd": 58876.238645800004,
        "passband": 1,
        "mag": 19.0477,
        "mag_err": 0.0983457,
        "locus_id": "ZTF19acyiqnw"
    },
    "39": {
        "mjd": 58876.238645800004,
        "passband": 1,
        "mag": 19.0482,
        "mag_err": 0.097255,
        "locus_id": "ZTF19acyiqnw"
    },
    "40": {
        "mjd": 58876.26335650001,
        "passband": 2,
        "mag": 18.0084,
        "mag_err": 0.06908049999999999,
        "locus_id": "ZTF19acyiqnw"
    },
    "41": {
        "mjd": 58878.326863400005,
        "passband": 2,
        "mag": 18.1733,
        "mag_err": 0.11176300000000002,
        "locus_id": "ZTF19acyiqnw"
    },
    "42": {
        "mjd": 58879.3232755,
        "passband": 2,
        "mag": 18.398,
        "mag_err": 0.197022,
        "locus_id": "ZTF19acyiqnw"
    },
    "43": {
        "mjd": 58880.237638900006,
        "passband": 1,
        "mag": 19.2405,
        "mag_err": 0.13455599999999998,
        "locus_id": "ZTF19acyiqnw"
    },
    "44": {
        "mjd": 58880.27692130001,
        "passband": 2,
        "mag": 18.233,
        "mag_err": 0.08129789999999999,
        "locus_id": "ZTF19acyiqnw"
    },
    "45": {
        "mjd": 58881.24125,
        "passband": 1,
        "mag": 19.1851,
        "mag_err": 0.151278,
        "locus_id": "ZTF19acyiqnw"
    },
    "46": {
        "mjd": 58881.2983449,
        "passband": 2,
        "mag": 18.2008,
        "mag_err": 0.0685344,
        "locus_id": "ZTF19acyiqnw"
    },
    "47": {
        "mjd": 58885.2217824,
        "passband": 2,
        "mag": 18.3723,
        "mag_err": 0.09169830000000001,