{
    "0": {
        "mjd": 58736.43966440001,
        "passband": 1,
        "mag": 19.3301,
        "mag_err": 0.156584,
        "locus_id": "ZTF19abyigib"
    },
    "1": {
        "mjd": 58743.3349074,
        "passband": 2,
        "mag": 18.42,
        "mag_err": 0.134607,
        "locus_id": "ZTF19abyigib"
    },
    "2": {
        "mjd": 58743.377338,
        "passband": 1,
        "mag": 18.4828,
        "mag_err": 0.19906300000000002,
        "locus_id": "ZTF19abyigib"
    },
    "3": {
        "mjd": 58746.37685190001,
        "passband": 1,
        "mag": 18.3661,
        "mag_err": 0.10968,
        "locus_id": "ZTF19abyigib"
    },
    "4": {
        "mjd": 58749.2925231,
        "passband": 2,
        "mag": 18.3131,
        "mag_err": 0.07800800000000001,
        "locus_id": "ZTF19abyigib"
    },
    "5": {
        "mjd": 58749.3159144,
        "passband": 1,
        "mag": 18.3875,
        "mag_err": 0.09172689999999999,
        "locus_id": "ZTF19abyigib"
    },
    "6": {
        "mjd": 58758.2928472,
        "passband": 2,
        "mag": 18.675,
        "mag_err": 0.0890706,
        "locus_id": "ZTF19abyigib"
    },
    "7": {
        "mjd": 58758.3351736,
        "passband": 1,
        "mag": 18.9397,
        "mag_err": 0.113072,
        "locus_id": "ZTF19abyigib"
    },
    "8": {
        "mjd": 58761.33511569999,
        "passband": 2,
        "mag": 18.956,
        "mag_err": 0.12642799999999998,
        "locus_id": "ZTF19abyigib"
    },
    "9": {
        "mjd": 58765.2723495,
        "passband": 1,
        "mag": 19.5271,
        "mag_err": 0.241052,
        "locus_id": "ZTF19abyigib"
    },
    "10": {
        "mjd": 58765.35625,
        "passband": 2,
        "mag": 19.0283,
        "mag_err": 0.139509,
        "locus_id": "ZTF19abyigib"
    },
    "11": {
        "mjd": 58778.3145949,
        "passband": 2,
        "mag": 19.4906,
        "mag_err": 0.21381999999999998,
        "locus_id": "ZTF19abyigib"
    }
}