{
    "0": {
        "mjd": 58694.46342590001,
        "passband": 1,
        "mag": 18.2153,
        "mag_err": 0.06527000000000001,
        "locus_id": "ZTF19abkfxfb"
    },
    "1": {
        "mjd": 58694.48653940001,
        "passband": 2,
        "mag": 18.1177,
        "mag_err": 0.0453404,
        "locus_id": "ZTF19abkfxfb"
    },
    "2": {
        "mjd": 58698.4683449,
        "passband": 1,
        "mag": 18.3766,
        "mag_err": 0.129922,
        "locus_id": "ZTF19abkfxfb"
    },
    "3": {
        "mjd": 58698.486701400005,
        "passband": 2,
        "mag": 18.1807,
        "mag_err": 0.0588183,
        "locus_id": "ZTF19abkfxfb"
    },
    "4": {
        "mjd": 58701.4761227,
        "passband": 1,
        "mag": 18.2988,
        "mag_err": 0.27210300000000004,
        "locus_id": "ZTF19abkfxfb"
    },
    "5": {
        "mjd": 58705.4770602,
        "passband": 2,
        "mag": 18.3559,
        "mag_err": 0.0663315,
        "locus_id": "ZTF19abkfxfb"
    },
    "6": {
        "mjd": 58705.491539400005,
        "passband": 1,
        "mag": 18.6486,
        "mag_err": 0.092912,
        "locus_id": "ZTF19abkfxfb"
    },
    "7": {
        "mjd": 58708.4578125,
        "passband": 1,
        "mag": 18.6973,
        "mag_err": 0.11418900000000001,
        "locus_id": "ZTF19abkfxfb"
    },
    "8": {
        "mjd": 58711.44326390001,
        "passband": 2,
        "mag": 18.4686,
        "mag_err": 0.0975659,
        "locus_id": "ZTF19abkfxfb"
    },
    "9": {
        "mjd": 58714.4564931,
        "passband": 2,
        "mag": 18.5179,
        "mag_err": 0.099136,
        "locus_id": "ZTF19abkfxfb"
    },
    "10": {
        "mjd": 58714.5041667,
        "passband": 1,
        "mag": 19.1058,
        "mag_err": 0.176319,
        "locus_id": "ZTF19abkfxfb"
    },
    "11": {
        "mjd": 58719.463240699995,
        "passband": 2,
        "mag": 18.5035,
        "mag_err": 0.0982435,
        "locus_id": "ZTF19abkfxfb"
    },
    "12": {
        "mjd": 58719.49877309999,
        "passband": 1,
        "mag": 19.214000000000002,
        "mag_err": 0.22480100000000003,
        "locus_id": "ZTF19abkfxfb"
    },
    "13": {
        "mjd": 58722.461886599995,
        "passband": 1,
        "mag": 19.3908,
        "mag_err": 0.134153,
        "locus_id": "ZTF19abkfxfb"
    },
    "14": {
        "mjd": 58722.485544,
        "passband": 2,
        "mag": 18.6414,
        "mag_err": 0.0751956,
        "locus_id": "ZTF19abkfxfb"
    },
    "15": {
        "mjd": 58725.4622569,
        "passband": 1,
        "mag": 19.4503,
        "mag_err": 0.133439,
        "locus_id": "ZTF19abkfxfb"
    },
    "16": {
        "mjd": 58725.4975926,
        "passband": 2,
        "mag": 18.7161,
        "mag_err": 0.0777903,
        "locus_id": "ZTF19abkfxfb"
    },
    "17": {
        "mjd": 58732.437037,
        "passband": 1,
        "mag": 19.727999999999998,
        "mag_err": 0.167989,
        "locus_id": "ZTF19abkfxfb"
    },
    "18": {
        "mjd": 58732.481828699994,
        "passband": 2,
        "mag": 18.7339,
        "mag_err": 0.08422660000000001,
        "locus_id": "ZTF19abkfxfb"
    },
    "19": {
        "mjd": 58735.442673599995,
        "passband": 1,
        "mag": 19.8556,
        "mag_err": 0.226125,
        "locus_id": "ZTF19abkfxfb"
    },
    "20": {
        "mjd": 58735.48623840001,
        "passband": 2,
        "mag": 18.8504,
        "mag_err": 0.0773582,
        "locus_id": "ZTF19abkfxfb"
    },
    "21": {
        "mjd": 58738.4798495,
        "passband": 1,
        "mag": 19.6883,
        "mag_err": 0.22965700000000003,
        "locus_id": "ZTF19abkfxfb"
    },
    "22": {
        "mjd": 58744.459895800006,
        "passband": 2,
        "mag": 18.7838,
        "mag_err": 0.158468,
        "locus_id": "ZTF19abkfxfb"
    },
    "23": {
        "mjd": 58747.4607639,
        "passband": 2,
        "mag": 18.8995,
        "mag_err": 0.11713299999999999,
        "locus_id": "ZTF19abkfxfb"
    },
    "24": {
        "mjd": 58747.484351900006,
        "passband": 1,
        "mag": 20.1023,
        "mag_err": 0.303096,
        "locus_id": "ZTF19abkfxfb"
    },
    "25": {
        "mjd": 58750.4399306,
        "passband": 1,
        "mag": 20.2149,
        "mag_err": 0.32147600000000004,
        "locus_id": "ZTF19abkfxfb"
    },
    "26": {
        "mjd": 58750.4635995,
        "passband": 2,
        "mag": 19.0351,
        "mag_err": 0.139944,
        "locus_id": "ZTF19abkfxfb"
    },
    "27": {
        "mjd": 58756.42258099999,
        "passband": 1,
        "mag": 20.2736,
        "mag_err": 0.218896,
        "locus_id": "ZTF19abkfxfb"
    },
    "28": {
        "mjd": 58759.3767245,
        "passband": 2,
        "mag": 19.2447,
        "mag_err": 0.0972023,
        "locus_id": "ZTF19abkfxfb"
    },
    "29": {
        "mjd": 58763.4177431,
        "passband": 1,
        "mag": 20.8103,
        "mag_err": 0.362398,
        "locus_id": "ZTF19abkfxfb"
    },
    "30": {
        "mjd": 58763.4815972,
        "passband": 2,
        "mag": 19.3227,
        "mag_err": 0.106781,
        "locus_id": "ZTF19abkfxfb"
    },
    "31": {
        "mjd": 58766.483425900005,
        "passband": 2,
        "mag": 19.8006,
        "mag_err": 0.164304,
        "locus_id": "ZTF19abkfxfb"
    }
}