{
    "0": {
        "mjd": 58635.2285648,
        "passband": 1,
        "mag": 20.2992,
        "mag_err": 0.161673,
        "locus_id": "ZTF19aawhniz"
    },
    "1": {
        "mjd": 58638.19379630001,
        "passband": 1,
        "mag": 19.3708,
        "mag_err": 0.111818,
        "locus_id": "ZTF19aawhniz"
    },
    "2": {
        "mjd": 58638.240173599996,
        "passband": 2,
        "mag": 19.5623,
        "mag_err": 0.117836,
        "locus_id": "ZTF19aawhniz"
    },
    "3": {
        "mjd": 58641.2862153,
        "passband": 2,
        "mag": 19.1153,
        "mag_err": 0.09175939999999999,
        "locus_id": "ZTF19aawhniz"
    },
    "4": {
        "mjd": 58644.2635069,
        "passband": 2,
        "mag": 18.8499,
        "mag_err": 0.102184,
        "locus_id": "ZTF19aawhniz"
    },
    "5": {
        "mjd": 58647.242511599994,
        "passband": 2,
        "mag": 18.792,
        "mag_err": 0.108278,
        "locus_id": "ZTF19aawhniz"
    },
    "6": {
        "mjd": 58650.26188659999,
        "passband": 2,
        "mag": 18.9039,
        "mag_err": 0.126609,
        "locus_id": "ZTF19aawhniz"
    },
    "7": {
        "mjd": 58653.1924421,
        "passband": 2,
        "mag": 19.0953,
        "mag_err": 0.122599,
        "locus_id": "ZTF19aawhniz"
    },
    "8": {
        "mjd": 58657.200196800004,
        "passband": 1,
        "mag": 19.7101,
        "mag_err": 0.167377,
        "locus_id": "ZTF19aawhniz"
    },
    "9": {
        "mjd": 58660.22644680001,
        "passband": 2,
        "mag": 19.5181,
        "mag_err": 0.14059000000000002,
        "locus_id": "ZTF19aawhniz"
    },
    "10": {
        "mjd": 58663.20179400001,
        "passband": 2,
        "mag": 19.5234,
        "mag_err": 0.170587,
        "locus_id": "ZTF19aawhniz"
    }
}