{
    "0": {
        "mjd": 58835.4413426,
        "passband": 2,
        "mag": 19.0907,
        "mag_err": 0.15698800000000002,
        "locus_id": "ZTF19acxxwiz"
    },
    "1": {
        "mjd": 58837.4372454,
        "passband": 2,
        "mag": 18.8474,
        "mag_err": 0.13499,
        "locus_id": "ZTF19acxxwiz"
    },
    "2": {
        "mjd": 58838.4362847,
        "passband": 2,
        "mag": 18.5799,
        "mag_err": 0.21751399999999999,
        "locus_id": "ZTF19acxxwiz"
    },
    "3": {
        "mjd": 58838.45692130001,
        "passband": 1,
        "mag": 18.6678,
        "mag_err": 0.117095,
        "locus_id": "ZTF19acxxwiz"
    },
    "4": {
        "mjd": 58846.40572919999,
        "passband": 2,
        "mag": 18.5965,
        "mag_err": 0.09616110000000001,
        "locus_id": "ZTF19acxxwiz"
    },
    "5": {
        "mjd": 58846.4409375,
        "passband": 2,
        "mag": 18.6666,
        "mag_err": 0.0858939,
        "locus_id": "ZTF19acxxwiz"
    },
    "6": {
        "mjd": 58850.42267359999,
        "passband": 1,
        "mag": 18.7245,
        "mag_err": 0.12364100000000001,
        "locus_id": "ZTF19acxxwiz"
    },
    "7": {
        "mjd": 58850.444328699996,
        "passband": 2,
        "mag": 18.6764,
        "mag_err": 0.11243199999999999,
        "locus_id": "ZTF19acxxwiz"
    },
    "8": {
        "mjd": 58853.42526619999,
        "passband": 2,
        "mag": 18.7322,
        "mag_err": 0.0759548,
        "locus_id": "ZTF19acxxwiz"
    },
    "9": {
        "mjd": 58853.45848380001,
        "passband": 1,
        "mag": 18.8628,
        "mag_err": 0.10373299999999999,
        "locus_id": "ZTF19acxxwiz"
    },
    "10": {
        "mjd": 58855.305648099995,
        "passband": 2,
        "mag": 18.8929,
        "mag_err": 0.12652,
        "locus_id": "ZTF19acxxwiz"
    },
    "11": {
        "mjd": 58861.2998148,
        "passband": 2,
        "mag": 19.3358,
        "mag_err": 0.214997,
        "locus_id": "ZTF19acxxwiz"
    },
    "12": {
        "mjd": 58864.20655090001,
        "passband": 1,
        "mag": 19.6615,
        "mag_err": 0.144143,
        "locus_id": "ZTF19acxxwiz"
    },
    "13": {
        "mjd": 58864.2145949,
        "passband": 2,
        "mag": 19.269000000000002,
        "mag_err": 0.115434,
        "locus_id": "ZTF19acxxwiz"
    },
    "14": {
        "mjd": 58867.338981500005,
        "passband": 2,
        "mag": 19.3119,
        "mag_err": 0.123395,
        "locus_id": "ZTF19acxxwiz"
    },
    "15": {
        "mjd": 58867.3892245,
        "passband": 1,
        "mag": 19.8555,
        "mag_err": 0.177029,
        "locus_id": "ZTF19acxxwiz"
    },
    "16": {
        "mjd": 58871.21638890001,
        "passband": 1,
        "mag": 20.2059,
        "mag_err": 0.22363200000000003,
        "locus_id": "ZTF19acxxwiz"
    },
    "17": {
        "mjd": 58871.27763890001,
        "passband": 2,
        "mag": 19.3595,
        "mag_err": 0.12373900000000002,
        "locus_id": "ZTF19acxxwiz"
    },
    "18": {
        "mjd": 58871.334953699996,
        "passband": 2,
        "mag": 19.477,
        "mag_err": 0.14954,
        "locus_id": "ZTF19acxxwiz"
    },
    "19": {
        "mjd": 58873.2245255,
        "passband": 2,
        "mag": 19.4015,
        "mag_err": 0.131547,
        "locus_id": "ZTF19acxxwiz"
    },
    "20": {
        "mjd": 58874.27013890001,
        "passband": 2,
        "mag": 19.3412,
        "mag_err": 0.129052,
        "locus_id": "ZTF19acxxwiz"
    },
    "21": {
        "mjd": 58874.2918981,
        "passband": 2,
        "mag": 19.5106,
        "mag_err": 0.130164,
        "locus_id": "ZTF19acxxwiz"
    },
    "22": {
        "mjd": 58874.3567245,
        "passband": 1,
        "mag": 20.5909,
        "mag_err": 0.22635999999999998,
        "locus_id": "ZTF19acxxwiz"
    },
    "23": {
        "mjd": 58877.23160880001,
        "passband": 1,
        "mag": 20.7492,
        "mag_err": 0.35789899999999997,
        "locus_id": "ZTF19acxxwiz"
    },
    "24": {
        "mjd": 58877.266713,
        "passband": 2,
        "mag": 19.5596,
        "mag_err": 0.125783,
        "locus_id": "ZTF19acxxwiz"
    },
    "25": {
        "mjd": 58879.22060190001,
        "passband": 1,
        "mag": 20.5137,
        "mag_err": 0.279321,
        "locus_id": "ZTF19acxxwiz"
    },
    "26": {
        "mjd": 58879.291273099996,
        "passband": 2,
        "mag": 19.5259,
        "mag_err": 0.19278800000000001,
        "locus_id": "ZTF19acxxwiz"
    },
    "27": {
        "mjd": 58880.2709028,
        "passband": 1,
        "mag": 20.8081,
        "mag_err": 0.31568,
        "locus_id": "ZTF19acxxwiz"
    },
    "28": {
        "mjd": 58880.289039400006,
        "passband": 2,
        "mag": 19.746,
        "mag_err": 0.146313,
        "locus_id": "ZTF19acxxwiz"
    },
    "29": {
        "mjd": 58881.2652431,
        "passband": 2,
        "mag": 19.7813,
        "mag_err": 0.152139,
        "locus_id": "ZTF19acxxwiz"
    },
    "30": {
        "mjd": 58882.196273099995,
        "passband": 2,
        "mag": 19.7893,
        "mag_err": 0.177244,
        "locus_id": "ZTF19acxxwiz"
    }
}