{
    "0": {
        "mjd": 58727.3171644,
        "passband": 1,
        "mag": 20.750999999999998,
        "mag_err": 0.29667899999999997,
        "locus_id": "ZTF19abwaohs"
    },
    "1": {
        "mjd": 58730.270463,
        "passband": 2,
        "mag": 19.8138,
        "mag_err": 0.169774,
        "locus_id": "ZTF19abwaohs"
    },
    "2": {
        "mjd": 58730.294455999996,
        "passband": 1,
        "mag": 19.747,
        "mag_err": 0.155428,
        "locus_id": "ZTF19abwaohs"
    },
    "3": {
        "mjd": 58732.26901619999,
        "passband": 2,
        "mag": 19.1968,
        "mag_err": 0.113995,
        "locus_id": "ZTF19abwaohs"
    },
    "4": {
        "mjd": 58732.292731500005,
        "passband": 1,
        "mag": 19.0966,
        "mag_err": 0.09486510000000001,
        "locus_id": "ZTF19abwaohs"
    },
    "5": {
        "mjd": 58733.26861109999,
        "passband": 2,
        "mag": 18.9279,
        "mag_err": 0.098205,
        "locus_id": "ZTF19abwaohs"
    },
    "6": {
        "mjd": 58733.2920602,
        "passband": 1,
        "mag": 18.814,
        "mag_err": 0.118595,
        "locus_id": "ZTF19abwaohs"
    },
    "7": {
        "mjd": 58734.2698843,
        "passband": 2,
        "mag": 18.7403,
        "mag_err": 0.09293810000000001,
        "locus_id": "ZTF19abwaohs"
    },
    "8": {
        "mjd": 58734.293298599994,
        "passband": 1,
        "mag": 18.6233,
        "mag_err": 0.0879164,
        "locus_id": "ZTF19abwaohs"
    },
    "9": {
        "mjd": 58735.268483800006,
        "passband": 2,
        "mag": 18.6367,
        "mag_err": 0.0912921,
        "locus_id": "ZTF19abwaohs"
    },
    "10": {
        "mjd": 58735.291886599996,
        "passband": 1,
        "mag": 18.4857,
        "mag_err": 0.0838001,
        "locus_id": "ZTF19abwaohs"
    },
    "11": {
        "mjd": 58736.27817130001,
        "passband": 2,
        "mag": 18.4499,
        "mag_err": 0.0837285,
        "locus_id": "ZTF19abwaohs"
    },
    "12": {
        "mjd": 58736.300393499994,
        "passband": 1,
        "mag": 18.3832,
        "mag_err": 0.133165,
        "locus_id": "ZTF19abwaohs"
    },
    "13": {
        "mjd": 58737.291713,
        "passband": 2,
        "mag": 18.4068,
        "mag_err": 0.10311500000000001,
        "locus_id": "ZTF19abwaohs"
    },
    "14": {
        "mjd": 58737.313287,
        "passband": 1,
        "mag": 18.2476,
        "mag_err": 0.131914,
        "locus_id": "ZTF19abwaohs"
    },
    "15": {
        "mjd": 58738.15789349999,
        "passband": 2,
        "mag": 18.2857,
        "mag_err": 0.0711607,
        "locus_id": "ZTF19abwaohs"
    },
    "16": {
        "mjd": 58738.1911227,
        "passband": 1,
        "mag": 18.1794,
        "mag_err": 0.0808903,
        "locus_id": "ZTF19abwaohs"
    },
    "17": {
        "mjd": 58739.1566551,
        "passband": 2,
        "mag": 18.2178,
        "mag_err": 0.0696585,
        "locus_id": "ZTF19abwaohs"
    },
    "18": {
        "mjd": 58739.190162,
        "passband": 1,
        "mag": 18.086,
        "mag_err": 0.08063,
        "locus_id": "ZTF19abwaohs"
    },
    "19": {
        "mjd": 58740.156805599996,
        "passband": 2,
        "mag": 18.1489,
        "mag_err": 0.0909582,
        "locus_id": "ZTF19abwaohs"
    },
    "20": {
        "mjd": 58740.1899421,
        "passband": 1,
        "mag": 18.0125,
        "mag_err": 0.07746239999999999,
        "locus_id": "ZTF19abwaohs"
    },
    "21": {
        "mjd": 58741.15798609999,
        "passband": 2,
        "mag": 18.1646,
        "mag_err": 0.0872872,
        "locus_id": "ZTF19abwaohs"
    },
    "22": {
        "mjd": 58741.1868056,
        "passband": 1,
        "mag": 17.9849,
        "mag_err": 0.0771809,
        "locus_id": "ZTF19abwaohs"
    },
    "23": {
        "mjd": 58743.15841440001,
        "passband": 2,
        "mag": 18.0635,
        "mag_err": 0.0574008,
        "locus_id": "ZTF19abwaohs"
    },
    "24": {
        "mjd": 58743.18738430001,
        "passband": 1,
        "mag": 17.965,
        "mag_err": 0.071806,
        "locus_id": "ZTF19abwaohs"
    },
    "25": {
        "mjd": 58744.1573264,
        "passband": 2,
        "mag": 18.0257,
        "mag_err": 0.0612524,
        "locus_id": "ZTF19abwaohs"
    },
    "26": {
        "mjd": 58744.1863773,
        "passband": 1,
        "mag": 17.9221,
        "mag_err": 0.0655457,
        "locus_id": "ZTF19abwaohs"
    },
    "27": {
        "mjd": 58745.15736109999,
        "passband": 2,
        "mag": 18.0348,
        "mag_err": 0.053832500000000005,
        "locus_id": "ZTF19abwaohs"
    },
    "28": {
        "mjd": 58745.1864931,
        "passband": 1,
        "mag": 17.9342,
        "mag_err": 0.0699534,
        "locus_id": "ZTF19abwaohs"
    },
    "29": {
        "mjd": 58746.1824421,
        "passband": 2,
        "mag": 18.0319,
        "mag_err": 0.0731442,
        "locus_id": "ZTF19abwaohs"
    },
    "30": {
        "mjd": 58746.2109722,
        "passband": 1,
        "mag": 17.93,
        "mag_err": 0.0635606,
        "locus_id": "ZTF19abwaohs"
    },
    "31": {
        "mjd": 58747.156979199994,
        "passband": 2,
        "mag": 18.0021,
        "mag_err": 0.0654406,
        "locus_id": "ZTF19abwaohs"
    },
    "32": {
        "mjd": 58747.1863773,
        "passband": 1,
        "mag": 17.9437,
        "mag_err": 0.06282599999999999,
        "locus_id": "ZTF19abwaohs"
    },
    "33": {
        "mjd": 58748.157118099996,
        "passband": 2,
        "mag": 17.9603,
        "mag_err": 0.06564210000000001,
        "locus_id": "ZTF19abwaohs"
    },
    "34": {
        "mjd": 58748.1854977,
        "passband": 1,
        "mag": 18.045,
        "mag_err": 0.095316,
        "locus_id": "ZTF19abwaohs"
    },
    "35": {
        "mjd": 58749.1585995,
        "passband": 2,
        "mag": 18.0544,
        "mag_err": 0.058502,
        "locus_id": "ZTF19abwaohs"
    },
    "36": {
        "mjd": 58749.1870255,
        "passband": 1,
        "mag": 18.0082,
        "mag_err": 0.065834,
        "locus_id": "ZTF19abwaohs"
    },
    "37": {
        "mjd": 58750.158854199995,
        "passband": 2,
        "mag": 18.0437,
        "mag_err": 0.061273,
        "locus_id": "ZTF19abwaohs"
    },
    "38": {
        "mjd": 58750.1873148,
        "passband": 1,
        "mag": 18.0009,
        "mag_err": 0.068953,
        "locus_id": "ZTF19abwaohs"
    },
    "39": {
        "mjd": 58751.1565046,
        "passband": 2,
        "mag": 18.0768,
        "mag_err": 0.06159169999999999,
        "locus_id": "ZTF19abwaohs"
    },
    "40": {
        "mjd": 58751.1849421,
        "passband": 1,
        "mag": 18.0796,
        "mag_err": 0.0769076,
        "locus_id": "ZTF19abwaohs"
    },
    "41": {
        "mjd": 58754.1561227,
        "passband": 2,
        "mag": 18.2389,
        "mag_err": 0.0509805,
        "locus_id": "ZTF19abwaohs"
    },
    "42": {
        "mjd": 58754.1846181,
        "passband": 1,
        "mag": 18.254,
        "mag_err": 0.0829732,
        "locus_id": "ZTF19abwaohs"
    },
    "43": {
        "mjd": 58758.1650694,
        "passband": 2,
        "mag": 18.4577,
        "mag_err": 0.08620739999999999,
        "locus_id": "ZTF19abwaohs"
    },
    "44": {
        "mjd": 58758.2013773,
        "passband": 1,
        "mag": 18.5781,
        "mag_err": 0.0816262,
        "locus_id": "ZTF19abwaohs"
    },
    "45": {
        "mjd": 58760.157523099995,
        "passband": 2,
        "mag": 18.6533,
        "mag_err": 0.0824048,
        "locus_id": "ZTF19abwaohs"
    },
    "46": {
        "mjd": 58760.1857755,
        "passband": 1,
        "mag": 18.6176,
        "mag_err": 0.0839217,
        "locus_id": "ZTF19abwaohs"
    },
    "47": {
        "mjd": 58761.1565046,
        "passband": 2,
        "mag": 18.6543,
        "mag_err": 0.0879125,
        "locus_id": "ZTF19abwaohs"
    },
    "48": {
        "mjd": 58761.18479169999,
        "passband": 1,
        "mag": 18.7309,