{
    "0": {
        "mjd": 58811.14851849999,
        "passband": 2,
        "mag": 20.1188,
        "mag_err": 0.2687,
        "locus_id": "ZTF19acvijnj"
    },
    "1": {
        "mjd": 58814.17063659999,
        "passband": 2,
        "mag": 19.0452,
        "mag_err": 0.227142,
        "locus_id": "ZTF19acvijnj"
    },
    "2": {
        "mjd": 58814.2319676,
        "passband": 1,
        "mag": 19.0392,
        "mag_err": 0.119867,
        "locus_id": "ZTF19acvijnj"
    },
    "3": {
        "mjd": 58820.1241898,
        "passband": 2,
        "mag": 17.9006,
        "mag_err": 0.0825302,
        "locus_id": "ZTF19acvijnj"
    },
    "4": {
        "mjd": 58820.168205999995,
        "passband": 1,
        "mag": 17.8667,
        "mag_err": 0.108957,
        "locus_id": "ZTF19acvijnj"
    },
    "5": {
        "mjd": 58831.14564809999,
        "passband": 1,
        "mag": 17.7724,
        "mag_err": 0.05913530000000001,
        "locus_id": "ZTF19acvijnj"
    },
    "6": {
        "mjd": 58836.127314800004,
        "passband": 1,
        "mag": 18.1865,
        "mag_err": 0.05969630000000001,
        "locus_id": "ZTF19acvijnj"
    },
    "7": {
        "mjd": 58846.094791699994,
        "passband": 1,
        "mag": 19.2217,
        "mag_err": 0.130632,
        "locus_id": "ZTF19acvijnj"
    },
    "8": {
        "mjd": 58846.107071800005,
        "passband": 2,
        "mag": 18.304000000000002,
        "mag_err": 0.0727705,
        "locus_id": "ZTF19acvijnj"
    },
    "9": {
        "mjd": 58859.0884722,
        "passband": 1,
        "mag": 19.9535,
        "mag_err": 0.289637,
        "locus_id": "ZTF19acvijnj"
    },
    "10": {
        "mjd": 58859.1484954,
        "passband": 2,
        "mag": 19.214000000000002,
        "mag_err": 0.18029,
        "locus_id": "ZTF19acvijnj"
    },
    "11": {
        "mjd": 58862.1039931,
        "passband": 2,
        "mag": 19.1698,
        "mag_err": 0.10671099999999999,
        "locus_id": "ZTF19acvijnj"
    },
    "12": {
        "mjd": 58862.1258912,
        "passband": 1,
        "mag": 20.4379,
        "mag_err": 0.273366,
        "locus_id": "ZTF19acvijnj"
    },
    "13": {
        "mjd": 58872.1116204,
        "passband": 2,
        "mag": 19.6724,
        "mag_err": 0.184561,
        "locus_id": "ZTF19acvijnj"
    },
    "14": {
        "mjd": 58875.1071296,
        "passband": 2,
        "mag": 19.5523,
        "mag_err": 0.15803399999999998,
        "locus_id": "ZTF19acvijnj"
    }
}