{
    "0": {
        "mjd": 58538.5008449,
        "passband": 2,
        "mag": 18.5994,
        "mag_err": 0.175473,
        "locus_id": "ZTF19aakpccq"
    },
    "1": {
        "mjd": 58541.438229199994,
        "passband": 1,
        "mag": 19.1374,
        "mag_err": 0.09600850000000001,
        "locus_id": "ZTF19aakpccq"
    },
    "2": {
        "mjd": 58541.48273150001,
        "passband": 2,
        "mag": 18.9144,
        "mag_err": 0.11291300000000001,
        "locus_id": "ZTF19aakpccq"
    },
    "3": {
        "mjd": 58547.393576400005,
        "passband": 1,
        "mag": 19.1788,
        "mag_err": 0.12654400000000002,
        "locus_id": "ZTF19aakpccq"
    },
    "4": {
        "mjd": 58556.436828699996,
        "passband": 2,
        "mag": 18.9399,
        "mag_err": 0.0876192,
        "locus_id": "ZTF19aakpccq"
    },
    "5": {
        "mjd": 58560.379548599994,
        "passband": 2,
        "mag": 18.8499,
        "mag_err": 0.101908,
        "locus_id": "ZTF19aakpccq"
    },
    "6": {
        "mjd": 58567.378541699996,
        "passband": 2,
        "mag": 19.1541,
        "mag_err": 0.152395,
        "locus_id": "ZTF19aakpccq"
    },
    "7": {
        "mjd": 58572.4383102,
        "passband": 2,
        "mag": 19.0514,
        "mag_err": 0.13456500000000002,
        "locus_id": "ZTF19aakpccq"
    },
    "8": {
        "mjd": 58575.3356829,
        "passband": 1,
        "mag": 20.32,
        "mag_err": 0.183133,
        "locus_id": "ZTF19aakpccq"
    },
    "9": {
        "mjd": 58575.37664349999,
        "passband": 2,
        "mag": 19.2088,
        "mag_err": 0.248966,
        "locus_id": "ZTF19aakpccq"
    },
    "10": {
        "mjd": 58580.392303199995,
        "passband": 2,
        "mag": 19.2504,
        "mag_err": 0.122753,
        "locus_id": "ZTF19aakpccq"
    },
    "11": {
        "mjd": 58580.45651619999,
        "passband": 1,
        "mag": 20.3554,
        "mag_err": 0.305748,
        "locus_id": "ZTF19aakpccq"
    },
    "12": {
        "mjd": 58583.35094909999,
        "passband": 2,
        "mag": 19.2635,
        "mag_err": 0.160078,
        "locus_id": "ZTF19aakpccq"
    },
    "13": {
        "mjd": 58583.373645800006,
        "passband": 1,
        "mag": 20.1952,
        "mag_err": 0.265708,
        "locus_id": "ZTF19aakpccq"
    },
    "14": {
        "mjd": 58586.3371065,
        "passband": 2,
        "mag": 19.3046,
        "mag_err": 0.172349,
        "locus_id": "ZTF19aakpccq"
    },
    "15": {
        "mjd": 58596.29523150001,
        "passband": 2,
        "mag": 19.4215,
        "mag_err": 0.178062,
        "locus_id": "ZTF19aakpccq"
    }
}