{
    "0": {
        "mjd": 58666.176111099994,
        "passband": 2,
        "mag": 19.7973,
        "mag_err": 0.196693,
        "locus_id": "ZTF19abdznxo"
    },
    "1": {
        "mjd": 58670.2076042,
        "passband": 1,
        "mag": 18.7038,
        "mag_err": 0.122866,
        "locus_id": "ZTF19abdznxo"
    },
    "2": {
        "mjd": 58674.20251159999,
        "passband": 1,
        "mag": 18.4166,
        "mag_err": 0.11375199999999999,
        "locus_id": "ZTF19abdznxo"
    },
    "3": {
        "mjd": 58674.2211574,
        "passband": 2,
        "mag": 18.4319,
        "mag_err": 0.107275,
        "locus_id": "ZTF19abdznxo"
    },
    "4": {
        "mjd": 58677.172858800004,
        "passband": 1,
        "mag": 18.2326,
        "mag_err": 0.0887675,
        "locus_id": "ZTF19abdznxo"
    },
    "5": {
        "mjd": 58677.1935301,
        "passband": 2,
        "mag": 18.3471,
        "mag_err": 0.0736579,
        "locus_id": "ZTF19abdznxo"
    },
    "6": {
        "mjd": 58680.1747569,
        "passband": 1,
        "mag": 18.3029,
        "mag_err": 0.120449,
        "locus_id": "ZTF19abdznxo"
    },
    "7": {
        "mjd": 58680.2387153,
        "passband": 2,
        "mag": 18.2664,
        "mag_err": 0.102342,
        "locus_id": "ZTF19abdznxo"
    },
    "8": {
        "mjd": 58683.1779398,
        "passband": 1,
        "mag": 18.3278,
        "mag_err": 0.08360089999999999,
        "locus_id": "ZTF19abdznxo"
    },
    "9": {
        "mjd": 58686.17144680001,
        "passband": 1,
        "mag": 18.4038,
        "mag_err": 0.09626439999999999,
        "locus_id": "ZTF19abdznxo"
    },
    "10": {
        "mjd": 58692.166678199996,
        "passband": 2,
        "mag": 18.6817,
        "mag_err": 0.129684,
        "locus_id": "ZTF19abdznxo"
    },
    "11": {
        "mjd": 58692.20045140001,
        "passband": 1,
        "mag": 18.7494,
        "mag_err": 0.104816,
        "locus_id": "ZTF19abdznxo"
    }
}