{
    "0": {
        "mjd": 58760.27561340001,
        "passband": 2,
        "mag": 19.9179,
        "mag_err": 0.20188599999999998,
        "locus_id": "ZTF19accobqx"
    },
    "1": {
        "mjd": 58766.1873495,
        "passband": 2,
        "mag": 18.9138,
        "mag_err": 0.10390899999999999,
        "locus_id": "ZTF19accobqx"
    },
    "2": {
        "mjd": 58766.24041669999,
        "passband": 1,
        "mag": 18.7467,
        "mag_err": 0.142617,
        "locus_id": "ZTF19accobqx"
    },
    "3": {
        "mjd": 58769.11895830001,
        "passband": 2,
        "mag": 18.9842,
        "mag_err": 0.19495099999999999,
        "locus_id": "ZTF19accobqx"
    },
    "4": {
        "mjd": 58769.19482640001,
        "passband": 1,
        "mag": 18.6388,
        "mag_err": 0.139297,
        "locus_id": "ZTF19accobqx"
    },
    "5": {
        "mjd": 58773.12479169999,
        "passband": 1,
        "mag": 18.518,
        "mag_err": 0.0863442,
        "locus_id": "ZTF19accobqx"
    },
    "6": {
        "mjd": 58773.19482640001,
        "passband": 2,
        "mag": 18.647000000000002,
        "mag_err": 0.10940699999999999,
        "locus_id": "ZTF19accobqx"
    },
    "7": {
        "mjd": 58776.18482640001,
        "passband": 1,
        "mag": 18.6254,
        "mag_err": 0.090629,
        "locus_id": "ZTF19accobqx"
    },
    "8": {
        "mjd": 58776.192986099995,
        "passband": 2,
        "mag": 18.7091,
        "mag_err": 0.102296,
        "locus_id": "ZTF19accobqx"
    },
    "9": {
        "mjd": 58779.1841319,
        "passband": 1,
        "mag": 18.805999999999997,
        "mag_err": 0.117271,
        "locus_id": "ZTF19accobqx"
    },
    "10": {
        "mjd": 58779.2181713,
        "passband": 2,
        "mag": 18.6735,
        "mag_err": 0.07712419999999999,
        "locus_id": "ZTF19accobqx"
    },
    "11": {
        "mjd": 58782.185798599996,
        "passband": 2,
        "mag": 18.7805,
        "mag_err": 0.0775298,
        "locus_id": "ZTF19accobqx"
    },
    "12": {
        "mjd": 58782.2268056,
        "passband": 1,
        "mag": 18.8608,
        "mag_err": 0.0913811,
        "locus_id": "ZTF19accobqx"
    },
    "13": {
        "mjd": 58785.234838,
        "passband": 2,
        "mag": 18.985,
        "mag_err": 0.115928,
        "locus_id": "ZTF19accobqx"
    },
    "14": {
        "mjd": 58788.2267014,
        "passband": 2,
        "mag": 19.1025,
        "mag_err": 0.129798,
        "locus_id": "ZTF19accobqx"
    },
    "15": {
        "mjd": 58791.12479169999,
        "passband": 2,
        "mag": 19.2785,
        "mag_err": 0.131019,
        "locus_id": "ZTF19accobqx"
    },
    "16": {
        "mjd": 58791.1911806,
        "passband": 1,
        "mag": 19.5977,
        "mag_err": 0.214876,
        "locus_id": "ZTF19accobqx"
    },
    "17": {
        "mjd": 58794.1250347,
        "passband": 2,
        "mag": 19.3313,
        "mag_err": 0.181824,
        "locus_id": "ZTF19accobqx"
    }
}