{
    "0": {
        "mjd": 58676.17361109999,
        "passband": 1,
        "mag": 17.7859,
        "mag_err": 0.0562908,
        "locus_id": "ZTF19abfwdyt"
    },
    "1": {
        "mjd": 58676.19335650001,
        "passband": 2,
        "mag": 17.1753,
        "mag_err": 0.0579749,
        "locus_id": "ZTF19abfwdyt"
    },
    "2": {
        "mjd": 58679.1867245,
        "passband": 1,
        "mag": 16.7805,
        "mag_err": 0.035741300000000004,
        "locus_id": "ZTF19abfwdyt"
    },
    "3": {
        "mjd": 58679.2024306,
        "passband": 2,
        "mag": 16.4718,
        "mag_err": 0.036523,
        "locus_id": "ZTF19abfwdyt"
    }
}