{
    "0": {
        "mjd": 58331.185601900004,
        "passband": 2,
        "mag": 18.2383,
        "mag_err": 0.0824447,
        "locus_id": "ZTF18abjvhec"
    },
    "1": {
        "mjd": 58331.240578699995,
        "passband": 1,
        "mag": 18.0253,
        "mag_err": 0.0719349,
        "locus_id": "ZTF18abjvhec"
    },
    "2": {
        "mjd": 58334.15747690001,
        "passband": 2,
        "mag": 17.9096,
        "mag_err": 0.08515930000000001,
        "locus_id": "ZTF18abjvhec"
    },
    "3": {
        "mjd": 58334.1788426,
        "passband": 1,
        "mag": 17.6934,
        "mag_err": 0.046622699999999996,
        "locus_id": "ZTF18abjvhec"
    },
    "4": {
        "mjd": 58337.18153940001,
        "passband": 1,
        "mag": 17.5469,
        "mag_err": 0.0412279,
        "locus_id": "ZTF18abjvhec"
    },
    "5": {
        "mjd": 58337.1925579,
        "passband": 2,
        "mag": 17.6937,
        "mag_err": 0.06577630000000001,
        "locus_id": "ZTF18abjvhec"
    },
    "6": {
        "mjd": 58340.1861921,
        "passband": 2,
        "mag": 17.6674,
        "mag_err": 0.056186400000000004,
        "locus_id": "ZTF18abjvhec"
    },
    "7": {
        "mjd": 58343.1540278,
        "passband": 2,
        "mag": 17.6824,
        "mag_err": 0.054810500000000005,
        "locus_id": "ZTF18abjvhec"
    },
    "8": {
        "mjd": 58343.17361109999,
        "passband": 1,
        "mag": 17.561,
        "mag_err": 0.0408161,
        "locus_id": "ZTF18abjvhec"
    },
    "9": {
        "mjd": 58346.15833330001,
        "passband": 1,
        "mag": 17.6762,
        "mag_err": 0.054261800000000006,
        "locus_id": "ZTF18abjvhec"
    },
    "10": {
        "mjd": 58346.172928199994,
        "passband": 2,
        "mag": 17.7439,
        "mag_err": 0.07134460000000001,
        "locus_id": "ZTF18abjvhec"
    },
    "11": {
        "mjd": 58350.1521991,
        "passband": 2,
        "mag": 17.97,
        "mag_err": 0.0529649,
        "locus_id": "ZTF18abjvhec"
    },
    "12": {
        "mjd": 58350.238298599994,
        "passband": 1,
        "mag": 17.8339,
        "mag_err": 0.06274249999999999,
        "locus_id": "ZTF18abjvhec"
    },
    "13": {
        "mjd": 58353.163078699996,
        "passband": 2,
        "mag": 18.1334,
        "mag_err": 0.0647119,
        "locus_id": "ZTF18abjvhec"
    },
    "14": {
        "mjd": 58362.1422569,
        "passband": 2,
        "mag": 18.4275,
        "mag_err": 0.0587956,
        "locus_id": "ZTF18abjvhec"
    },
    "15": {
        "mjd": 58362.193009300005,
        "passband": 1,
        "mag": 19.078,
        "mag_err": 0.118123,
        "locus_id": "ZTF18abjvhec"
    },
    "16": {
        "mjd": 58365.14495369999,
        "passband": 2,
        "mag": 18.4585,
        "mag_err": 0.08475980000000001,
        "locus_id": "ZTF18abjvhec"
    },
    "17": {
        "mjd": 58365.2174653,
        "passband": 1,
        "mag": 19.2284,
        "mag_err": 0.14746900000000002,
        "locus_id": "ZTF18abjvhec"
    },
    "18": {
        "mjd": 58370.137037,
        "passband": 2,
        "mag": 18.5932,
        "mag_err": 0.10301400000000001,
        "locus_id": "ZTF18abjvhec"
    },
    "19": {
        "mjd": 58370.174213,
        "passband": 1,
        "mag": 19.7261,
        "mag_err": 0.153831,
        "locus_id": "ZTF18abjvhec"
    }
}