{
    "0": {
        "mjd": 58465.2646181,
        "passband": 2,
        "mag": 20.0269,
        "mag_err": 0.20836799999999997,
        "locus_id": "ZTF18acvrfvv"
    },
    "1": {
        "mjd": 58468.275983800006,
        "passband": 2,
        "mag": 19.0043,
        "mag_err": 0.087795,
        "locus_id": "ZTF18acvrfvv"
    },
    "2": {
        "mjd": 58471.11089119999,
        "passband": 1,
        "mag": 18.5386,
        "mag_err": 0.11863800000000001,
        "locus_id": "ZTF18acvrfvv"
    },
    "3": {
        "mjd": 58471.208078699994,
        "passband": 2,
        "mag": 18.3772,
        "mag_err": 0.09436510000000001,
        "locus_id": "ZTF18acvrfvv"
    },
    "4": {
        "mjd": 58471.2115046,
        "passband": 2,
        "mag": 18.386,
        "mag_err": 0.141602,
        "locus_id": "ZTF18acvrfvv"
    },
    "5": {
        "mjd": 58472.21467590001,
        "passband": 1,
        "mag": 18.3687,
        "mag_err": 0.119305,
        "locus_id": "ZTF18acvrfvv"
    },
    "6": {
        "mjd": 58474.1180787,
        "passband": 1,
        "mag": 18.3258,
        "mag_err": 0.110398,
        "locus_id": "ZTF18acvrfvv"
    },
    "7": {
        "mjd": 58474.304398099994,
        "passband": 2,
        "mag": 18.0943,
        "mag_err": 0.0685523,
        "locus_id": "ZTF18acvrfvv"
    },
    "8": {
        "mjd": 58480.276875,
        "passband": 1,
        "mag": 18.186,
        "mag_err": 0.0837535,
        "locus_id": "ZTF18acvrfvv"
    },
    "9": {
        "mjd": 58480.3054514,
        "passband": 2,
        "mag": 17.9954,
        "mag_err": 0.0467379,
        "locus_id": "ZTF18acvrfvv"
    },
    "10": {
        "mjd": 58483.135358800006,
        "passband": 1,
        "mag": 18.3648,
        "mag_err": 0.08728889999999999,
        "locus_id": "ZTF18acvrfvv"
    },
    "11": {
        "mjd": 58487.1827546,
        "passband": 1,
        "mag": 18.7358,
        "mag_err": 0.0777352,
        "locus_id": "ZTF18acvrfvv"
    },
    "12": {
        "mjd": 58490.1747801,
        "passband": 2,
        "mag": 18.6627,
        "mag_err": 0.0832855,
        "locus_id": "ZTF18acvrfvv"
    },
    "13": {
        "mjd": 58493.138020800005,
        "passband": 2,
        "mag": 18.7298,
        "mag_err": 0.0988878,
        "locus_id": "ZTF18acvrfvv"
    },
    "14": {
        "mjd": 58493.198125,
        "passband": 1,
        "mag": 19.4062,
        "mag_err": 0.12881199999999998,
        "locus_id": "ZTF18acvrfvv"
    },
    "15": {
        "mjd": 58503.1396296,
        "passband": 2,
        "mag": 19.0582,
        "mag_err": 0.130857,
        "locus_id": "ZTF18acvrfvv"
    },
    "16": {
        "mjd": 58507.2216319,
        "passband": 2,
        "mag": 19.6173,
        "mag_err": 0.165068,
        "locus_id": "ZTF18acvrfvv"
    }
}