{
    "0": {
        "mjd": 58785.1548495,
        "passband": 1,
        "mag": 20.5722,
        "mag_err": 0.304568,
        "locus_id": "ZTF19acklbjr"
    },
    "1": {
        "mjd": 58786.1617245,
        "passband": 1,
        "mag": 20.4491,
        "mag_err": 0.25628,
        "locus_id": "ZTF19acklbjr"
    },
    "2": {
        "mjd": 58787.126169,
        "passband": 2,
        "mag": 20.1378,
        "mag_err": 0.235763,
        "locus_id": "ZTF19acklbjr"
    },
    "3": {
        "mjd": 58787.1540972,
        "passband": 1,
        "mag": 20.1573,
        "mag_err": 0.24560500000000002,
        "locus_id": "ZTF19acklbjr"
    },
    "4": {
        "mjd": 58788.1270255,
        "passband": 2,
        "mag": 20.0997,
        "mag_err": 0.188501,
        "locus_id": "ZTF19acklbjr"
    },
    "5": {
        "mjd": 58788.154988400005,
        "passband": 1,
        "mag": 20.028,
        "mag_err": 0.22289899999999999,
        "locus_id": "ZTF19acklbjr"
    },
    "6": {
        "mjd": 58789.12739580001,
        "passband": 2,
        "mag": 20.0245,
        "mag_err": 0.27271599999999996,
        "locus_id": "ZTF19acklbjr"
    },
    "7": {
        "mjd": 58789.1553588,
        "passband": 1,
        "mag": 19.9176,
        "mag_err": 0.2023,
        "locus_id": "ZTF19acklbjr"
    },
    "8": {
        "mjd": 58790.143912,
        "passband": 2,
        "mag": 19.8314,
        "mag_err": 0.166577,
        "locus_id": "ZTF19acklbjr"
    },
    "9": {
        "mjd": 58790.169363400004,
        "passband": 2,
        "mag": 19.8225,
        "mag_err": 0.16529000000000002,
        "locus_id": "ZTF19acklbjr"
    },
    "10": {
        "mjd": 58790.2591319,
        "passband": 1,
        "mag": 19.7704,
        "mag_err": 0.205958,
        "locus_id": "ZTF19acklbjr"
    },
    "11": {
        "mjd": 58791.2564931,
        "passband": 1,
        "mag": 19.6459,
        "mag_err": 0.157066,
        "locus_id": "ZTF19acklbjr"
    },
    "12": {
        "mjd": 58792.186851900005,
        "passband": 2,
        "mag": 19.5952,
        "mag_err": 0.158421,
        "locus_id": "ZTF19acklbjr"
    },
    "13": {
        "mjd": 58793.106423599995,
        "passband": 2,
        "mag": 19.5547,
        "mag_err": 0.18265699999999999,
        "locus_id": "ZTF19acklbjr"
    },
    "14": {
        "mjd": 58793.2057523,
        "passband": 1,
        "mag": 19.46,
        "mag_err": 0.148066,
        "locus_id": "ZTF19acklbjr"
    },
    "15": {
        "mjd": 58793.20620369999,
        "passband": 1,
        "mag": 19.5328,
        "mag_err": 0.183841,
        "locus_id": "ZTF19acklbjr"
    },
    "16": {
        "mjd": 58796.1942824,
        "passband": 1,
        "mag": 19.4877,
        "mag_err": 0.258696,
        "locus_id": "ZTF19acklbjr"
    },
    "17": {
        "mjd": 58796.1947338,
        "passband": 1,
        "mag": 19.2883,
        "mag_err": 0.186579,
        "locus_id": "ZTF19acklbjr"
    },
    "18": {
        "mjd": 58799.2698495,
        "passband": 2,
        "mag": 19.3338,
        "mag_err": 0.195955,
        "locus_id": "ZTF19acklbjr"
    },
    "19": {
        "mjd": 58800.202835599994,
        "passband": 1,
        "mag": 19.2574,
        "mag_err": 0.22697699999999998,
        "locus_id": "ZTF19acklbjr"
    },
    "20": {
        "mjd": 58800.2588889,
        "passband": 2,
        "mag": 19.2341,
        "mag_err": 0.150673,
        "locus_id": "ZTF19acklbjr"
    },
    "21": {
        "mjd": 58801.2680671,
        "passband": 2,
        "mag": 19.2047,
        "mag_err": 0.20810399999999998,
        "locus_id": "ZTF19acklbjr"
    },
    "22": {
        "mjd": 58802.2172454,
        "passband": 1,
        "mag": 19.7149,
        "mag_err": 0.20813600000000002,
        "locus_id": "ZTF19acklbjr"
    },
    "23": {
        "mjd": 58803.1800347,
        "passband": 1,
        "mag": 19.3569,
        "mag_err": 0.21484299999999998,
        "locus_id": "ZTF19acklbjr"
    },
    "24": {
        "mjd": 58803.2466898,
        "passband": 2,
        "mag": 19.2595,
        "mag_err": 0.165879,
        "locus_id": "ZTF19acklbjr"
    },
    "25": {
        "mjd": 58803.3084375,
        "passband": 2,
        "mag": 19.4484,
        "mag_err": 0.144756,
        "locus_id": "ZTF19acklbjr"
    },
    "26": {
        "mjd": 58806.183576400006,
        "passband": 1,
        "mag": 19.7569,
        "mag_err": 0.161044,
        "locus_id": "ZTF19acklbjr"
    },
    "27": {
        "mjd": 58806.2251852,
        "passband": 2,
        "mag": 19.6046,
        "mag_err": 0.141703,
        "locus_id": "ZTF19acklbjr"
    },
    "28": {
        "mjd": 58811.1293403,
        "passband": 2,
        "mag": 19.761,
        "mag_err": 0.171561,
        "locus_id": "ZTF19acklbjr"
    },
    "29": {
        "mjd": 58811.178726900005,
        "passband": 1,
        "mag": 20.1882,
        "mag_err": 0.207321,
        "locus_id": "ZTF19acklbjr"
    },
    "30": {
        "mjd": 58812.2442245,
        "passband": 2,
        "mag": 19.9363,
        "mag_err": 0.214412,
        "locus_id": "ZTF19acklbjr"
    }
}