{
    "0": {
        "mjd": 58804.5431944,
        "passband": 2,
        "mag": 19.567,
        "mag_err": 0.24480300000000002,
        "locus_id": "ZTF19acvrgde"
    },
    "1": {
        "mjd": 58812.42207180001,
        "passband": 1,
        "mag": 18.5186,
        "mag_err": 0.0888412,
        "locus_id": "ZTF19acvrgde"
    },
    "2": {
        "mjd": 58812.5480324,
        "passband": 2,
        "mag": 18.6796,
        "mag_err": 0.10338699999999999,
        "locus_id": "ZTF19acvrgde"
    },
    "3": {
        "mjd": 58828.43239580001,
        "passband": 2,
        "mag": 18.835,
        "mag_err": 0.12551800000000002,
        "locus_id": "ZTF19acvrgde"
    },
    "4": {
        "mjd": 58828.5422801,
        "passband": 1,
        "mag": 19.2756,
        "mag_err": 0.233069,
        "locus_id": "ZTF19acvrgde"
    },
    "5": {
        "mjd": 58831.4409375,
        "passband": 2,
        "mag": 19.0528,
        "mag_err": 0.194829,
        "locus_id": "ZTF19acvrgde"
    },
    "6": {
        "mjd": 58835.504143499995,
        "passband": 1,
        "mag": 19.8162,
        "mag_err": 0.303667,
        "locus_id": "ZTF19acvrgde"
    },
    "7": {
        "mjd": 58838.504294000006,
        "passband": 2,
        "mag": 19.1742,
        "mag_err": 0.232654,
        "locus_id": "ZTF19acvrgde"
    },
    "8": {
        "mjd": 58850.460601900006,
        "passband": 2,
        "mag": 19.6223,
        "mag_err": 0.181293,
        "locus_id": "ZTF19acvrgde"
    }
}