{
    "0": {
        "mjd": 58580.5038426,
        "passband": 2,
        "mag": 18.7286,
        "mag_err": 0.088752,
        "locus_id": "ZTF19aapbgmp"
    },
    "1": {
        "mjd": 58584.4915046,
        "passband": 1,
        "mag": 18.1525,
        "mag_err": 0.0628061,
        "locus_id": "ZTF19aapbgmp"
    },
    "2": {
        "mjd": 58584.5158449,
        "passband": 2,
        "mag": 18.2819,
        "mag_err": 0.0735476,
        "locus_id": "ZTF19aapbgmp"
    },
    "3": {
        "mjd": 58587.4921181,
        "passband": 1,
        "mag": 17.9698,
        "mag_err": 0.05157130000000001,
        "locus_id": "ZTF19aapbgmp"
    },
    "4": {
        "mjd": 58587.516088,
        "passband": 2,
        "mag": 18.0075,
        "mag_err": 0.114568,
        "locus_id": "ZTF19aapbgmp"
    },
    "5": {
        "mjd": 58591.4480556,
        "passband": 2,
        "mag": 17.9378,
        "mag_err": 0.0703758,
        "locus_id": "ZTF19aapbgmp"
    },
    "6": {
        "mjd": 58593.3530671,
        "passband": 2,
        "mag": 17.9368,
        "mag_err": 0.07911599999999999,
        "locus_id": "ZTF19aapbgmp"
    },
    "7": {
        "mjd": 58596.420995399996,
        "passband": 2,
        "mag": 18.0178,
        "mag_err": 0.0606249,
        "locus_id": "ZTF19aapbgmp"
    },
    "8": {
        "mjd": 58596.50020830001,
        "passband": 1,
        "mag": 18.1221,
        "mag_err": 0.0709998,
        "locus_id": "ZTF19aapbgmp"
    },
    "9": {
        "mjd": 58605.45508099999,
        "passband": 2,
        "mag": 18.4547,
        "mag_err": 0.0793491,
        "locus_id": "ZTF19aapbgmp"
    },
    "10": {
        "mjd": 58605.4939931,
        "passband": 1,
        "mag": 18.9174,
        "mag_err": 0.123294,
        "locus_id": "ZTF19aapbgmp"
    },
    "11": {
        "mjd": 58608.4471065,
        "passband": 1,
        "mag": 19.16,
        "mag_err": 0.0815197,
        "locus_id": "ZTF19aapbgmp"
    },
    "12": {
        "mjd": 58608.47248840001,
        "passband": 2,
        "mag": 18.5405,
        "mag_err": 0.0942542,
        "locus_id": "ZTF19aapbgmp"
    },
    "13": {
        "mjd": 58612.4096644,
        "passband": 1,
        "mag": 19.4628,
        "mag_err": 0.0875933,
        "locus_id": "ZTF19aapbgmp"
    },
    "14": {
        "mjd": 58616.4290046,
        "passband": 2,
        "mag": 18.8966,
        "mag_err": 0.088309,
        "locus_id": "ZTF19aapbgmp"
    },
    "15": {
        "mjd": 58616.47903940001,
        "passband": 1,
        "mag": 19.8714,
        "mag_err": 0.126663,
        "locus_id": "ZTF19aapbgmp"
    },
    "16": {
        "mjd": 58619.427488400004,
        "passband": 2,
        "mag": 18.9049,
        "mag_err": 0.250948,
        "locus_id": "ZTF19aapbgmp"
    },
    "17": {
        "mjd": 58627.40644680001,
        "passband": 2,
        "mag": 19.3943,
        "mag_err": 0.17059000000000002,
        "locus_id": "ZTF19aapbgmp"
    },
    "18": {
        "mjd": 58632.4339699,
        "passband": 1,
        "mag": 20.477,
        "mag_err": 0.262305,
        "locus_id": "ZTF19aapbgmp"
    },
    "19": {
        "mjd": 58632.466875,
        "passband": 2,
        "mag": 19.6009,
        "mag_err": 0.154539,
        "locus_id": "ZTF19aapbgmp"
    },
    "20": {
        "mjd": 58635.388958300005,
        "passband": 2,
        "mag": 19.8614,
        "mag_err": 0.200074,
        "locus_id": "ZTF19aapbgmp"
    },
    "21": {
        "mjd": 58635.4682986,
        "passband": 1,
        "mag": 20.7461,
        "mag_err": 0.324784,
        "locus_id": "ZTF19aapbgmp"
    },
    "22": {
        "mjd": 58638.466539400004,
        "passband": 2,
        "mag": 19.9123,
        "mag_err": 0.142476,
        "locus_id": "ZTF19aapbgmp"
    },
    "23": {
        "mjd": 58644.4661574,
        "passband": 2,
        "mag": 20.1124,
        "mag_err": 0.214783,
        "locus_id": "ZTF19aapbgmp"
    }
}