{
    "0": {
        "mjd": 58567.23197919999,
        "passband": 2,
        "mag": 20.3718,
        "mag_err": 0.20006500000000002,
        "locus_id": "ZTF19aanfzox"
    },
    "1": {
        "mjd": 58572.2530093,
        "passband": 1,
        "mag": 19.2508,
        "mag_err": 0.206735,
        "locus_id": "ZTF19aanfzox"
    },
    "2": {
        "mjd": 58575.2538079,
        "passband": 1,
        "mag": 19.1224,
        "mag_err": 0.125699,
        "locus_id": "ZTF19aanfzox"
    },
    "3": {
        "mjd": 58580.19491900001,
        "passband": 1,
        "mag": 19.1394,
        "mag_err": 0.132981,
        "locus_id": "ZTF19aanfzox"
    },
    "4": {
        "mjd": 58582.216956,
        "passband": 2,
        "mag": 19.1357,
        "mag_err": 0.10700899999999999,
        "locus_id": "ZTF19aanfzox"
    },
    "5": {
        "mjd": 58583.2596296,
        "passband": 2,
        "mag": 19.1598,
        "mag_err": 0.0955505,
        "locus_id": "ZTF19aanfzox"
    },
    "6": {
        "mjd": 58586.169351900004,
        "passband": 1,
        "mag": 19.3435,
        "mag_err": 0.19958800000000002,
        "locus_id": "ZTF19aanfzox"
    },
    "7": {
        "mjd": 58586.2130324,
        "passband": 2,
        "mag": 19.3035,
        "mag_err": 0.12926500000000002,
        "locus_id": "ZTF19aanfzox"
    },
    "8": {
        "mjd": 58591.1844097,
        "passband": 1,
        "mag": 19.6698,
        "mag_err": 0.310607,
        "locus_id": "ZTF19aanfzox"
    },
    "9": {
        "mjd": 58594.155509300006,
        "passband": 2,
        "mag": 19.9119,
        "mag_err": 0.17662,
        "locus_id": "ZTF19aanfzox"
    },
    "10": {
        "mjd": 58598.18564809999,
        "passband": 2,
        "mag": 19.958,
        "mag_err": 0.155654,
        "locus_id": "ZTF19aanfzox"
    },
    "11": {
        "mjd": 58598.2278125,
        "passband": 1,
        "mag": 20.9007,
        "mag_err": 0.278485,
        "locus_id": "ZTF19aanfzox"
    },
    "12": {
        "mjd": 58601.25710650001,
        "passband": 2,
        "mag": 20.1233,
        "mag_err": 0.1616,
        "locus_id": "ZTF19aanfzox"
    },
    "13": {
        "mjd": 58605.163588,
        "passband": 2,
        "mag": 20.2264,
        "mag_err": 0.20662800000000003,
        "locus_id": "ZTF19aanfzox"
    }
}