{
    "0": {
        "mjd": 58383.23747690001,
        "passband": 1,
        "mag": 19.6511,
        "mag_err": 0.20980900000000002,
        "locus_id": "ZTF18abxygvv"
    },
    "1": {
        "mjd": 58383.3077546,
        "passband": 2,
        "mag": 19.7577,
        "mag_err": 0.18772,
        "locus_id": "ZTF18abxygvv"
    },
    "2": {
        "mjd": 58384.203865699994,
        "passband": 2,
        "mag": 19.473,
        "mag_err": 0.130807,
        "locus_id": "ZTF18abxygvv"
    },
    "3": {
        "mjd": 58386.1616551,
        "passband": 1,
        "mag": 19.0361,
        "mag_err": 0.169188,
        "locus_id": "ZTF18abxygvv"
    },
    "4": {
        "mjd": 58386.24248840001,
        "passband": 2,
        "mag": 18.9723,
        "mag_err": 0.13884100000000002,
        "locus_id": "ZTF18abxygvv"
    },
    "5": {
        "mjd": 58387.163414400005,
        "passband": 2,
        "mag": 18.9337,
        "mag_err": 0.0944611,
        "locus_id": "ZTF18abxygvv"
    },
    "6": {
        "mjd": 58387.23416669999,
        "passband": 1,
        "mag": 18.852,
        "mag_err": 0.13546,
        "locus_id": "ZTF18abxygvv"
    },
    "7": {
        "mjd": 58389.1853472,
        "passband": 1,
        "mag": 18.6677,
        "mag_err": 0.0919084,
        "locus_id": "ZTF18abxygvv"
    },
    "8": {
        "mjd": 58389.24157409999,
        "passband": 2,
        "mag": 18.9148,
        "mag_err": 0.104835,
        "locus_id": "ZTF18abxygvv"
    },
    "9": {
        "mjd": 58390.14432869999,
        "passband": 1,
        "mag": 18.6305,
        "mag_err": 0.0771802,
        "locus_id": "ZTF18abxygvv"
    },
    "10": {
        "mjd": 58390.1963889,
        "passband": 2,
        "mag": 18.7612,
        "mag_err": 0.06683650000000001,
        "locus_id": "ZTF18abxygvv"
    },
    "11": {
        "mjd": 58432.0981481,
        "passband": 2,
        "mag": 19.9232,
        "mag_err": 0.21108000000000002,
        "locus_id": "ZTF18abxygvv"
    },
    "12": {
        "mjd": 58432.100891199996,
        "passband": 2,
        "mag": 19.9046,
        "mag_err": 0.212075,
        "locus_id": "ZTF18abxygvv"
    }
}