{
    "0": {
        "mjd": 58632.27445599999,
        "passband": 2,
        "mag": 19.401,
        "mag_err": 0.112705,
        "locus_id": "ZTF18aavuziy"
    },
    "1": {
        "mjd": 58632.3458796,
        "passband": 1,
        "mag": 19.4501,
        "mag_err": 0.12876600000000002,
        "locus_id": "ZTF18aavuziy"
    },
    "2": {
        "mjd": 58635.217870399996,
        "passband": 1,
        "mag": 18.7339,
        "mag_err": 0.08034010000000001,
        "locus_id": "ZTF18aavuziy"
    },
    "3": {
        "mjd": 58635.285173599994,
        "passband": 2,
        "mag": 18.8009,
        "mag_err": 0.068106,
        "locus_id": "ZTF18aavuziy"
    }
}