{
    "0": {
        "mjd": 58363.289398099994,
        "passband": 2,
        "mag": 19.8626,
        "mag_err": 0.183884,
        "locus_id": "ZTF18abskove"
    },
    "1": {
        "mjd": 58366.3161343,
        "passband": 2,
        "mag": 19.3086,
        "mag_err": 0.108301,
        "locus_id": "ZTF18abskove"
    },
    "2": {
        "mjd": 58369.1889815,
        "passband": 2,
        "mag": 19.1555,
        "mag_err": 0.132633,
        "locus_id": "ZTF18abskove"
    },
    "3": {
        "mjd": 58372.2938426,
        "passband": 2,
        "mag": 18.9567,
        "mag_err": 0.0906673,
        "locus_id": "ZTF18abskove"
    },
    "4": {
        "mjd": 58375.155578699996,
        "passband": 2,
        "mag": 18.9277,
        "mag_err": 0.09278810000000001,
        "locus_id": "ZTF18abskove"
    },
    "5": {
        "mjd": 58375.2816319,
        "passband": 1,
        "mag": 18.9126,
        "mag_err": 0.11356199999999998,
        "locus_id": "ZTF18abskove"
    },
    "6": {
        "mjd": 58378.1889931,
        "passband": 1,
        "mag": 19.1225,
        "mag_err": 0.14857,
        "locus_id": "ZTF18abskove"
    },
    "7": {
        "mjd": 58378.2309144,
        "passband": 2,
        "mag": 18.8904,
        "mag_err": 0.082572,
        "locus_id": "ZTF18abskove"
    }
}