{
    "0": {
        "mjd": 58502.529213,
        "passband": 2,
        "mag": 19.4208,
        "mag_err": 0.185081,
        "locus_id": "ZTF19aadolpe"
    },
    "1": {
        "mjd": 58505.438287,
        "passband": 1,
        "mag": 18.4968,
        "mag_err": 0.163827,
        "locus_id": "ZTF19aadolpe"
    },
    "2": {
        "mjd": 58505.506932899996,
        "passband": 2,
        "mag": 18.7206,
        "mag_err": 0.18240399999999998,
        "locus_id": "ZTF19aadolpe"
    },
    "3": {
        "mjd": 58508.4685764,
        "passband": 2,
        "mag": 18.2419,
        "mag_err": 0.078565,
        "locus_id": "ZTF19aadolpe"
    },
    "4": {
        "mjd": 58508.5274884,
        "passband": 1,
        "mag": 18.1066,
        "mag_err": 0.0826252,
        "locus_id": "ZTF19aadolpe"
    },
    "5": {
        "mjd": 58511.457766199994,
        "passband": 1,
        "mag": 17.7867,
        "mag_err": 0.06456680000000001,
        "locus_id": "ZTF19aadolpe"
    },
    "6": {
        "mjd": 58522.418356500006,
        "passband": 1,
        "mag": 17.7236,
        "mag_err": 0.0506976,
        "locus_id": "ZTF19aadolpe"
    },
    "7": {
        "mjd": 58526.4240972,
        "passband": 1,
        "mag": 17.9453,
        "mag_err": 0.0735293,
        "locus_id": "ZTF19aadolpe"
    },
    "8": {
        "mjd": 58534.275960599996,
        "passband": 1,
        "mag": 18.4942,
        "mag_err": 0.182333,
        "locus_id": "ZTF19aadolpe"
    },
    "9": {
        "mjd": 58534.36666669999,
        "passband": 2,
        "mag": 18.3107,
        "mag_err": 0.139626,
        "locus_id": "ZTF19aadolpe"
    },
    "10": {
        "mjd": 58538.2800694,
        "passband": 1,
        "mag": 18.6652,
        "mag_err": 0.145082,
        "locus_id": "ZTF19aadolpe"
    },
    "11": {
        "mjd": 58540.2406829,
        "passband": 2,
        "mag": 18.4099,
        "mag_err": 0.08166469999999999,
        "locus_id": "ZTF19aadolpe"
    },
    "12": {
        "mjd": 58540.2541551,
        "passband": 2,
        "mag": 18.4818,
        "mag_err": 0.08158760000000001,
        "locus_id": "ZTF19aadolpe"
    },
    "13": {
        "mjd": 58541.268854199996,
        "passband": 1,
        "mag": 18.9418,
        "mag_err": 0.132796,
        "locus_id": "ZTF19aadolpe"
    },
    "14": {
        "mjd": 58557.248414400005,
        "passband": 2,
        "mag": 19.0764,
        "mag_err": 0.12130899999999999,
        "locus_id": "ZTF19aadolpe"
    },
    "15": {
        "mjd": 58558.18145830001,
        "passband": 2,
        "mag": 19.0923,
        "mag_err": 0.162986,
        "locus_id": "ZTF19aadolpe"
    },
    "16": {
        "mjd": 58558.2065394,
        "passband": 2,
        "mag": 19.2408,
        "mag_err": 0.160916,
        "locus_id": "ZTF19aadolpe"
    },
    "17": {
        "mjd": 58559.206701400006,
        "passband": 2,
        "mag": 19.1961,
        "mag_err": 0.11907999999999999,
        "locus_id": "ZTF19aadolpe"
    },
    "18": {
        "mjd": 58559.2502662,
        "passband": 2,
        "mag": 19.1143,
        "mag_err": 0.12577,
        "locus_id": "ZTF19aadolpe"
    },
    "19": {
        "mjd": 58567.23613430001,
        "passband": 2,
        "mag": 19.437,
        "mag_err": 0.103425,
        "locus_id": "ZTF19aadolpe"
    },
    "20": {
        "mjd": 58567.2504514,
        "passband": 2,
        "mag": 19.4994,
        "mag_err": 0.120395,
        "locus_id": "ZTF19aadolpe"
    },
    "21": {
        "mjd": 58567.256875,
        "passband": 1,
        "mag": 20.4152,
        "mag_err": 0.22859200000000002,
        "locus_id": "ZTF19aadolpe"
    },
    "22": {
        "mjd": 58572.2590625,
        "passband": 1,
        "mag": 20.3676,
        "mag_err": 0.28262,
        "locus_id": "ZTF19aadolpe"
    },
    "23": {
        "mjd": 58572.2775579,
        "passband": 2,
        "mag": 19.6679,
        "mag_err": 0.183495,
        "locus_id": "ZTF19aadolpe"
    },
    "24": {
        "mjd": 58574.215393499995,
        "passband": 2,
        "mag": 19.6012,
        "mag_err": 0.24756999999999998,
        "locus_id": "ZTF19aadolpe"
    },
    "25": {
        "mjd": 58575.2763079,
        "passband": 1,
        "mag": 20.4875,
        "mag_err": 0.191616,
        "locus_id": "ZTF19aadolpe"
    },
    "26": {
        "mjd": 58580.2070023,
        "passband": 1,
        "mag": 20.6928,
        "mag_err": 0.273899,
        "locus_id": "ZTF19aadolpe"
    },
    "27": {
        "mjd": 58580.22410880001,
        "passband": 2,
        "mag": 19.8195,
        "mag_err": 0.134669,
        "locus_id": "ZTF19aadolpe"
    },
    "28": {
        "mjd": 58582.2030324,
        "passband": 2,
        "mag": 19.9213,
        "mag_err": 0.155313,
        "locus_id": "ZTF19aadolpe"
    },
    "29": {
        "mjd": 58582.2034838,
        "passband": 2,
        "mag": 19.8977,
        "mag_err": 0.144603,
        "locus_id": "ZTF19aadolpe"
    },
    "30": {
        "mjd": 58583.2610301,
        "passband": 2,
        "mag": 20.0269,
        "mag_err": 0.184231,
        "locus_id": "ZTF19aadolpe"
    },
    "31": {
        "mjd": 58585.1999653,
        "passband": 1,
        "mag": 20.2119,
        "mag_err": 0.287647,
        "locus_id": "ZTF19aadolpe"
    },
    "32": {
        "mjd": 58593.2676273,
        "passband": 2,
        "mag": 20.0551,
        "mag_err": 0.29539899999999997,
        "locus_id": "ZTF19aadolpe"
    },
    "33": {
        "mjd": 58597.242338,
        "passband": 2,
        "mag": 20.4103,
        "mag_err": 0.193201,
        "locus_id": "ZTF19aadolpe"
    }
}