{
    "0": {
        "mjd": 58730.3330556,
        "passband": 1,
        "mag": 19.4741,
        "mag_err": 0.132549,
        "locus_id": "ZTF19abvjdfc"
    },
    "1": {
        "mjd": 58730.382083300006,
        "passband": 2,
        "mag": 19.6202,
        "mag_err": 0.114218,
        "locus_id": "ZTF19abvjdfc"
    },
    "2": {
        "mjd": 58733.31560190001,
        "passband": 1,
        "mag": 19.1391,
        "mag_err": 0.0876264,
        "locus_id": "ZTF19abvjdfc"
    },
    "3": {
        "mjd": 58736.3778125,
        "passband": 2,
        "mag": 19.0268,
        "mag_err": 0.102174,
        "locus_id": "ZTF19abvjdfc"
    },
    "4": {
        "mjd": 58744.36092590001,
        "passband": 2,
        "mag": 18.8945,
        "mag_err": 0.10044199999999999,
        "locus_id": "ZTF19abvjdfc"
    },
    "5": {
        "mjd": 58747.26932869999,
        "passband": 2,
        "mag": 19.0238,
        "mag_err": 0.10466900000000001,
        "locus_id": "ZTF19abvjdfc"
    },
    "6": {
        "mjd": 58747.294838,
        "passband": 1,
        "mag": 19.1111,
        "mag_err": 0.094045,
        "locus_id": "ZTF19abvjdfc"
    },
    "7": {
        "mjd": 58750.2752199,
        "passband": 2,
        "mag": 19.0652,
        "mag_err": 0.10116900000000001,
        "locus_id": "ZTF19abvjdfc"
    },
    "8": {
        "mjd": 58757.295706,
        "passband": 2,
        "mag": 19.412,
        "mag_err": 0.0953716,
        "locus_id": "ZTF19abvjdfc"
    },
    "9": {
        "mjd": 58760.27332180001,
        "passband": 2,
        "mag": 19.4955,
        "mag_err": 0.14431,
        "locus_id": "ZTF19abvjdfc"
    },
    "10": {
        "mjd": 58760.3387153,
        "passband": 1,
        "mag": 20.0789,
        "mag_err": 0.202051,
        "locus_id": "ZTF19abvjdfc"
    },
    "11": {
        "mjd": 58764.4024653,
        "passband": 2,
        "mag": 19.7041,
        "mag_err": 0.171794,
        "locus_id": "ZTF19abvjdfc"
    }
}