{
    "0": {
        "mjd": 58583.3212037,
        "passband": 2,
        "mag": 20.6474,
        "mag_err": 0.34476999999999997,
        "locus_id": "ZTF19aarfyvc"
    },
    "1": {
        "mjd": 58596.3994097,
        "passband": 2,
        "mag": 19.3797,
        "mag_err": 0.142798,
        "locus_id": "ZTF19aarfyvc"
    },
    "2": {
        "mjd": 58596.45320599999,
        "passband": 1,
        "mag": 19.8822,
        "mag_err": 0.193865,
        "locus_id": "ZTF19aarfyvc"
    },
    "3": {
        "mjd": 58606.3626852,
        "passband": 2,
        "mag": 18.7566,
        "mag_err": 0.07208389999999999,
        "locus_id": "ZTF19aarfyvc"
    },
    "4": {
        "mjd": 58606.4221412,
        "passband": 1,
        "mag": 18.9791,
        "mag_err": 0.0704217,
        "locus_id": "ZTF19aarfyvc"
    },
    "5": {
        "mjd": 58612.3030324,
        "passband": 1,
        "mag": 18.9383,
        "mag_err": 0.099813,
        "locus_id": "ZTF19aarfyvc"
    },
    "6": {
        "mjd": 58612.34916669999,
        "passband": 2,
        "mag": 18.6819,
        "mag_err": 0.06832619999999999,
        "locus_id": "ZTF19aarfyvc"
    },
    "7": {
        "mjd": 58616.2857523,
        "passband": 1,
        "mag": 18.8722,
        "mag_err": 0.11200399999999999,
        "locus_id": "ZTF19aarfyvc"
    },
    "8": {
        "mjd": 58616.3677315,
        "passband": 2,
        "mag": 18.6687,
        "mag_err": 0.0634932,
        "locus_id": "ZTF19aarfyvc"
    },
    "9": {
        "mjd": 58619.2863079,
        "passband": 1,
        "mag": 19.0571,
        "mag_err": 0.266071,
        "locus_id": "ZTF19aarfyvc"
    },
    "10": {
        "mjd": 58619.331412,
        "passband": 2,
        "mag": 18.6317,
        "mag_err": 0.127218,
        "locus_id": "ZTF19aarfyvc"
    },
    "11": {
        "mjd": 58628.3158449,
        "passband": 2,
        "mag": 18.9169,
        "mag_err": 0.0737471,
        "locus_id": "ZTF19aarfyvc"
    },
    "12": {
        "mjd": 58632.2796296,
        "passband": 2,
        "mag": 19.0221,
        "mag_err": 0.07007469999999999,
        "locus_id": "ZTF19aarfyvc"
    },
    "13": {
        "mjd": 58632.3510301,
        "passband": 1,
        "mag": 19.8031,
        "mag_err": 0.17865999999999999,
        "locus_id": "ZTF19aarfyvc"
    },
    "14": {
        "mjd": 58635.22532409999,
        "passband": 1,
        "mag": 19.8941,
        "mag_err": 0.133217,
        "locus_id": "ZTF19aarfyvc"
    },
    "15": {
        "mjd": 58635.256145800005,
        "passband": 2,
        "mag": 19.1994,
        "mag_err": 0.0926681,
        "locus_id": "ZTF19aarfyvc"
    },
    "16": {
        "mjd": 58638.2752199,
        "passband": 2,
        "mag": 19.3656,
        "mag_err": 0.0911528,
        "locus_id": "ZTF19aarfyvc"
    },
    "17": {
        "mjd": 58638.331018499994,
        "passband": 1,
        "mag": 20.1346,
        "mag_err": 0.18371099999999999,
        "locus_id": "ZTF19aarfyvc"
    },
    "18": {
        "mjd": 58641.2255903,
        "passband": 1,
        "mag": 20.3942,
        "mag_err": 0.244964,
        "locus_id": "ZTF19aarfyvc"
    },
    "19": {
        "mjd": 58641.3039931,
        "passband": 2,
        "mag": 19.5677,
        "mag_err": 0.100504,
        "locus_id": "ZTF19aarfyvc"
    },
    "20": {
        "mjd": 58644.22607640001,
        "passband": 1,
        "mag": 20.6696,
        "mag_err": 0.368696,
        "locus_id": "ZTF19aarfyvc"
    },
    "21": {
        "mjd": 58644.2687847,
        "passband": 2,
        "mag": 19.7699,
        "mag_err": 0.131679,
        "locus_id": "ZTF19aarfyvc"
    },
    "22": {
        "mjd": 58647.2462269,
        "passband": 2,
        "mag": 19.658,
        "mag_err": 0.176208,
        "locus_id": "ZTF19aarfyvc"
    },
    "23": {
        "mjd": 58653.197963,
        "passband": 2,
        "mag": 20.0121,
        "mag_err": 0.18836,
        "locus_id": "ZTF19aarfyvc"
    },
    "24": {
        "mjd": 58657.3535069,
        "passband": 2,
        "mag": 20.0722,
        "mag_err": 0.188129,
        "locus_id": "ZTF19aarfyvc"
    },
    "25": {
        "mjd": 58660.242743099996,
        "passband": 2,
        "mag": 20.3111,
        "mag_err": 0.165661,
        "locus_id": "ZTF19aarfyvc"
    }
}