{
    "0": {
        "mjd": 58827.4440046,
        "passband": 2,
        "mag": 18.7732,
        "mag_err": 0.11670599999999999,
        "locus_id": "ZTF19acxowwt"
    },
    "1": {
        "mjd": 58830.4534838,
        "passband": 2,
        "mag": 18.6931,
        "mag_err": 0.0803961,
        "locus_id": "ZTF19acxowwt"
    },
    "2": {
        "mjd": 58831.43182869999,
        "passband": 2,
        "mag": 18.6151,
        "mag_err": 0.120877,
        "locus_id": "ZTF19acxowwt"
    },
    "3": {
        "mjd": 58833.4250579,
        "passband": 2,
        "mag": 18.555,
        "mag_err": 0.10030700000000001,
        "locus_id": "ZTF19acxowwt"
    },
    "4": {
        "mjd": 58833.4875,
        "passband": 2,
        "mag": 18.4132,
        "mag_err": 0.13510899999999998,
        "locus_id": "ZTF19acxowwt"
    },
    "5": {
        "mjd": 58833.5332523,
        "passband": 1,
        "mag": 18.5892,
        "mag_err": 0.146302,
        "locus_id": "ZTF19acxowwt"
    },
    "6": {
        "mjd": 58834.5207523,
        "passband": 2,
        "mag": 18.4414,
        "mag_err": 0.134606,
        "locus_id": "ZTF19acxowwt"
    },
    "7": {
        "mjd": 58835.45423609999,
        "passband": 2,
        "mag": 18.5571,
        "mag_err": 0.0909545,
        "locus_id": "ZTF19acxowwt"
    },
    "8": {
        "mjd": 58836.487546300006,
        "passband": 2,
        "mag": 18.5708,
        "mag_err": 0.0695137,
        "locus_id": "ZTF19acxowwt"
    },
    "9": {
        "mjd": 58836.487546300006,
        "passband": 2,
        "mag": 18.5708,
        "mag_err": 0.06951399999999999,
        "locus_id": "ZTF19acxowwt"
    },
    "10": {
        "mjd": 58846.436238400005,
        "passband": 2,
        "mag": 19.1219,
        "mag_err": 0.105154,
        "locus_id": "ZTF19acxowwt"
    },
    "11": {
        "mjd": 58846.44982640001,
        "passband": 2,
        "mag": 18.987000000000002,
        "mag_err": 0.07857360000000001,
        "locus_id": "ZTF19acxowwt"
    },
    "12": {
        "mjd": 58846.4908681,
        "passband": 1,
        "mag": 19.9412,
        "mag_err": 0.18245699999999998,
        "locus_id": "ZTF19acxowwt"
    },
    "13": {
        "mjd": 58849.4351505,
        "passband": 2,
        "mag": 19.1932,
        "mag_err": 0.0876133,
        "locus_id": "ZTF19acxowwt"
    },
    "14": {
        "mjd": 58849.49002309999,
        "passband": 1,
        "mag": 20.2728,
        "mag_err": 0.2312,
        "locus_id": "ZTF19acxowwt"
    },
    "15": {
        "mjd": 58852.49302080001,
        "passband": 1,
        "mag": 20.6282,
        "mag_err": 0.21739899999999998,
        "locus_id": "ZTF19acxowwt"
    },
    "16": {
        "mjd": 58855.347963,
        "passband": 2,
        "mag": 19.4609,
        "mag_err": 0.21558400000000003,
        "locus_id": "ZTF19acxowwt"
    }
}