{
    "0": {
        "mjd": 58657.2433796,
        "passband": 1,
        "mag": 19.6712,
        "mag_err": 0.129382,
        "locus_id": "ZTF19abafmwj"
    },
    "1": {
        "mjd": 58657.360046300004,
        "passband": 2,
        "mag": 19.4559,
        "mag_err": 0.118309,
        "locus_id": "ZTF19abafmwj"
    },
    "2": {
        "mjd": 58660.3426852,
        "passband": 1,
        "mag": 19.6127,
        "mag_err": 0.125139,
        "locus_id": "ZTF19abafmwj"
    },
    "3": {
        "mjd": 58663.320983800004,
        "passband": 2,
        "mag": 19.0782,
        "mag_err": 0.0900062,
        "locus_id": "ZTF19abafmwj"
    },
    "4": {
        "mjd": 58666.242928199994,
        "passband": 1,
        "mag": 19.5864,
        "mag_err": 0.101833,
        "locus_id": "ZTF19abafmwj"
    },
    "5": {
        "mjd": 58666.2701157,
        "passband": 2,
        "mag": 18.9868,
        "mag_err": 0.06480830000000001,
        "locus_id": "ZTF19abafmwj"
    },
    "6": {
        "mjd": 58669.319756900004,
        "passband": 2,
        "mag": 19.0389,
        "mag_err": 0.0970127,
        "locus_id": "ZTF19abafmwj"
    },
    "7": {
        "mjd": 58672.224375,
        "passband": 2,
        "mag": 19.3694,
        "mag_err": 0.130667,
        "locus_id": "ZTF19abafmwj"
    },
    "8": {
        "mjd": 58672.31854169999,
        "passband": 1,
        "mag": 20.3036,
        "mag_err": 0.224552,
        "locus_id": "ZTF19abafmwj"
    },
    "9": {
        "mjd": 58675.257662,
        "passband": 2,
        "mag": 19.5889,
        "mag_err": 0.141801,
        "locus_id": "ZTF19abafmwj"
    },
    "10": {
        "mjd": 58675.3281713,
        "passband": 1,
        "mag": 20.3763,
        "mag_err": 0.327144,
        "locus_id": "ZTF19abafmwj"
    },
    "11": {
        "mjd": 58678.2222222,
        "passband": 2,
        "mag": 19.7185,
        "mag_err": 0.179537,
        "locus_id": "ZTF19abafmwj"
    },
    "12": {
        "mjd": 58681.2809028,
        "passband": 2,
        "mag": 20.0312,
        "mag_err": 0.300004,
        "locus_id": "ZTF19abafmwj"
    },
    "13": {
        "mjd": 58684.1784722,
        "passband": 2,
        "mag": 20.3747,
        "mag_err": 0.21654600000000002,
        "locus_id": "ZTF19abafmwj"
    },
    "14": {
        "mjd": 58691.2036921,
        "passband": 2,
        "mag": 20.3542,
        "mag_err": 0.212839,
        "locus_id": "ZTF19abafmwj"
    }
}