{
    "0": {
        "mjd": 58267.25,
        "passband": 1,
        "mag": 18.1541,
        "mag_err": 0.07157360000000001,
        "locus_id": "ZTF18aavnvmp"
    },
    "1": {
        "mjd": 58267.25,
        "passband": 2,
        "mag": 18.2454,
        "mag_err": 0.07129939999999999,
        "locus_id": "ZTF18aavnvmp"
    },
    "2": {
        "mjd": 58272.25,
        "passband": 1,
        "mag": 18.2094,
        "mag_err": 0.0233273,
        "locus_id": "ZTF18aavnvmp"
    },
    "3": {
        "mjd": 58272.25,
        "passband": 2,
        "mag": 18.2694,
        "mag_err": 0.0334218,
        "locus_id": "ZTF18aavnvmp"
    },
    "4": {
        "mjd": 58276.202800900006,
        "passband": 2,
        "mag": 18.5097,
        "mag_err": 0.035365499999999994,
        "locus_id": "ZTF18aavnvmp"
    },
    "5": {
        "mjd": 58276.23980319999,
        "passband": 1,
        "mag": 18.3715,
        "mag_err": 0.023594999999999998,
        "locus_id": "ZTF18aavnvmp"
    },
    "6": {
        "mjd": 58279.2199653,
        "passband": 1,
        "mag": 18.6357,
        "mag_err": 0.0344305,
        "locus_id": "ZTF18aavnvmp"
    },
    "7": {
        "mjd": 58279.24074069999,
        "passband": 2,
        "mag": 18.6791,
        "mag_err": 0.0469625,
        "locus_id": "ZTF18aavnvmp"
    },
    "8": {
        "mjd": 58282.2186806,
        "passband": 2,
        "mag": 18.989,
        "mag_err": 0.053527899999999996,
        "locus_id": "ZTF18aavnvmp"
    },
    "9": {
        "mjd": 58288.1946528,
        "passband": 1,
        "mag": 19.6362,
        "mag_err": 0.125377,
        "locus_id": "ZTF18aavnvmp"
    },
    "10": {
        "mjd": 58291.25791669999,
        "passband": 2,
        "mag": 19.0894,
        "mag_err": 0.1196,
        "locus_id": "ZTF18aavnvmp"
    },
    "11": {
        "mjd": 58294.252511599996,
        "passband": 2,
        "mag": 19.2703,
        "mag_err": 0.16603800000000002,
        "locus_id": "ZTF18aavnvmp"
    },
    "12": {
        "mjd": 58300.1794213,
        "passband": 2,
        "mag": 19.747,
        "mag_err": 0.14595,
        "locus_id": "ZTF18aavnvmp"
    },
    "13": {
        "mjd": 58300.1948495,
        "passband": 1,
        "mag": 20.7499,
        "mag_err": 0.20689899999999997,
        "locus_id": "ZTF18aavnvmp"
    },
    "14": {
        "mjd": 58307.1757292,
        "passband": 2,
        "mag": 19.9463,
        "mag_err": 0.187173,
        "locus_id": "ZTF18aavnvmp"
    }
}