{
    "0": {
        "mjd": 58352.2887153,
        "passband": 2,
        "mag": 19.3988,
        "mag_err": 0.180028,
        "locus_id": "ZTF18aboqykf"
    },
    "1": {
        "mjd": 58355.284178199996,
        "passband": 2,
        "mag": 19.0901,
        "mag_err": 0.11922,
        "locus_id": "ZTF18aboqykf"
    },
    "2": {
        "mjd": 58355.4279398,
        "passband": 2,
        "mag": 19.0835,
        "mag_err": 0.132943,
        "locus_id": "ZTF18aboqykf"
    },
    "3": {
        "mjd": 58358.260428199996,
        "passband": 2,
        "mag": 18.9757,
        "mag_err": 0.097308,
        "locus_id": "ZTF18aboqykf"
    },
    "4": {
        "mjd": 58361.2702431,
        "passband": 2,
        "mag": 18.9098,
        "mag_err": 0.0900451,
        "locus_id": "ZTF18aboqykf"
    },
    "5": {
        "mjd": 58364.3162153,
        "passband": 2,
        "mag": 18.8658,
        "mag_err": 0.0943568,
        "locus_id": "ZTF18aboqykf"
    },
    "6": {
        "mjd": 58367.3263194,
        "passband": 2,
        "mag": 18.9064,
        "mag_err": 0.091991,
        "locus_id": "ZTF18aboqykf"
    },
    "7": {
        "mjd": 58370.2817824,
        "passband": 2,
        "mag": 19.0483,
        "mag_err": 0.0934086,
        "locus_id": "ZTF18aboqykf"
    },
    "8": {
        "mjd": 58373.2825,
        "passband": 2,
        "mag": 19.118,
        "mag_err": 0.0910942,
        "locus_id": "ZTF18aboqykf"
    },
    "9": {
        "mjd": 58376.2035648,
        "passband": 2,
        "mag": 19.2283,
        "mag_err": 0.110366,
        "locus_id": "ZTF18aboqykf"
    },
    "10": {
        "mjd": 58379.22276619999,
        "passband": 2,
        "mag": 19.491,
        "mag_err": 0.11261900000000001,
        "locus_id": "ZTF18aboqykf"
    },
    "11": {
        "mjd": 58385.20004630001,
        "passband": 2,
        "mag": 19.5074,
        "mag_err": 0.168663,
        "locus_id": "ZTF18aboqykf"
    },
    "12": {
        "mjd": 58388.2015046,
        "passband": 2,
        "mag": 19.7199,
        "mag_err": 0.18887400000000001,
        "locus_id": "ZTF18aboqykf"
    },
    "13": {
        "mjd": 58660.4328472,
        "passband": 1,
        "mag": 20.6826,
        "mag_err": 0.259676,
        "locus_id": "ZTF18aboqykf"
    },
    "14": {
        "mjd": 58661.4485069,
        "passband": 1,
        "mag": 20.9214,
        "mag_err": 0.394376,
        "locus_id": "ZTF18aboqykf"
    },
    "15": {
        "mjd": 58665.22070599999,
        "passband": 1,
        "mag": 20.7136,
        "mag_err": 0.294336,
        "locus_id": "ZTF18aboqykf"
    },
    "16": {
        "mjd": 58668.282037,
        "passband": 1,
        "mag": 20.9143,
        "mag_err": 0.299412,
        "locus_id": "ZTF18aboqykf"
    },
    "17": {
        "mjd": 58690.2874074,
        "passband": 1,
        "mag": 20.86,
        "mag_err": 0.20971199999999998,
        "locus_id": "ZTF18aboqykf"
    },
    "18": {
        "mjd": 58691.29863430001,
        "passband": 1,
        "mag": 20.7029,
        "mag_err": 0.198457,
        "locus_id": "ZTF18aboqykf"
    },
    "19": {
        "mjd": 58693.3004051,
        "passband": 1,
        "mag": 20.5802,
        "mag_err": 0.246036,
        "locus_id": "ZTF18aboqykf"
    },
    "20": {
        "mjd": 58695.3213194,
        "passband": 1,
        "mag": 20.5527,
        "mag_err": 0.21601399999999998,
        "locus_id": "ZTF18aboqykf"
    },
    "21": {
        "mjd": 58696.32247690001,
        "passband": 1,
        "mag": 20.609,
        "mag_err": 0.20785399999999998,
        "locus_id": "ZTF18aboqykf"
    },
    "22": {
        "mjd": 58944.49042819999,
        "passband": 1,
        "mag": 20.5004,
        "mag_err": 0.315766,
        "locus_id": "ZTF18aboqykf"
    },
    "23": {
        "mjd": 58955.4721875,
        "passband": 1,
        "mag": 20.5758,
        "mag_err": 0.32272199999999995,
        "locus_id": "ZTF18aboqykf"
    },
    "24": {
        "mjd": 58962.491516199996,
        "passband": 1,
        "mag": 20.7181,
        "mag_err": 0.26042600000000005,
        "locus_id": "ZTF18aboqykf"
    },
    "25": {
        "mjd": 58963.4521296,
        "passband": 1,
        "mag": 20.7578,
        "mag_err": 0.367221,
        "locus_id": "ZTF18aboqykf"
    },
    "26": {
        "mjd": 58964.3954745,
        "passband": 1,
        "mag": 20.8934,
        "mag_err": 0.322021,
        "locus_id": "ZTF18aboqykf"
    },
    "27": {
        "mjd": 58965.428298599996,
        "passband": 1,
        "mag": 20.7546,
        "mag_err": 0.243519,
        "locus_id": "ZTF18aboqykf"
    },
    "28": {
        "mjd": 58966.446898099995,
        "passband": 1,
        "mag": 20.6736,
        "mag_err": 0.189413,
        "locus_id": "ZTF18aboqykf"
    },
    "29": {
        "mjd": 58970.4689699,
        "passband": 1,
        "mag": 20.9042,
        "mag_err": 0.249177,
        "locus_id": "ZTF18aboqykf"
    },
    "30": {
        "mjd": 58971.450231500006,
        "passband": 1,
        "mag": 20.7115,
        "mag_err": 0.20308099999999998,
        "locus_id": "ZTF18aboqykf"
    },
    "31": {
        "mjd": 58972.4715625,
        "passband": 1,
        "mag": 20.712,
        "mag_err": 0.208869,
        "locus_id": "ZTF18aboqykf"
    }
}