{
    "0": {
        "mjd": 58471.50822919999,
        "passband": 1,
        "mag": 19.7536,
        "mag_err": 0.16218,
        "locus_id": "ZTF18acybdar"
    },
    "1": {
        "mjd": 58471.539930599996,
        "passband": 2,
        "mag": 19.9017,
        "mag_err": 0.17086300000000001,
        "locus_id": "ZTF18acybdar"
    },
    "2": {
        "mjd": 58471.54864580001,
        "passband": 2,
        "mag": 19.8609,
        "mag_err": 0.20538299999999998,
        "locus_id": "ZTF18acybdar"
    },
    "3": {
        "mjd": 58474.47833330001,
        "passband": 2,
        "mag": 18.9189,
        "mag_err": 0.10381800000000001,
        "locus_id": "ZTF18acybdar"
    },
    "4": {
        "mjd": 58474.49425930001,
        "passband": 2,
        "mag": 19.073,
        "mag_err": 0.123892,
        "locus_id": "ZTF18acybdar"
    },
    "5": {
        "mjd": 58480.5175579,
        "passband": 1,
        "mag": 18.0339,
        "mag_err": 0.05893330000000001,
        "locus_id": "ZTF18acybdar"
    },
    "6": {
        "mjd": 58480.544953699995,
        "passband": 2,
        "mag": 18.2204,
        "mag_err": 0.056353099999999996,
        "locus_id": "ZTF18acybdar"
    },
    "7": {
        "mjd": 58486.485416699994,
        "passband": 2,
        "mag": 17.9911,
        "mag_err": 0.0627962,
        "locus_id": "ZTF18acybdar"
    },
    "8": {
        "mjd": 58486.5070255,
        "passband": 2,
        "mag": 17.9871,
        "mag_err": 0.0655728,
        "locus_id": "ZTF18acybdar"
    },
    "9": {
        "mjd": 58486.524108800004,
        "passband": 1,
        "mag": 17.858,
        "mag_err": 0.0512577,
        "locus_id": "ZTF18acybdar"
    },
    "10": {
        "mjd": 58486.544236099995,
        "passband": 1,
        "mag": 17.8315,
        "mag_err": 0.045199,
        "locus_id": "ZTF18acybdar"
    },
    "11": {
        "mjd": 58491.4728125,
        "passband": 1,
        "mag": 17.9373,
        "mag_err": 0.0591852,
        "locus_id": "ZTF18acybdar"
    },
    "12": {
        "mjd": 58491.4732755,
        "passband": 1,
        "mag": 17.9673,
        "mag_err": 0.055252499999999996,
        "locus_id": "ZTF18acybdar"
    },
    "13": {
        "mjd": 58491.53072919999,
        "passband": 2,
        "mag": 18.0067,
        "mag_err": 0.0661607,
        "locus_id": "ZTF18acybdar"
    },
    "14": {
        "mjd": 58491.5311921,
        "passband": 2,
        "mag": 17.9953,
        "mag_err": 0.052214300000000005,
        "locus_id": "ZTF18acybdar"
    },
    "15": {
        "mjd": 58494.4409375,
        "passband": 2,
        "mag": 18.1025,
        "mag_err": 0.056908400000000005,
        "locus_id": "ZTF18acybdar"
    },
    "16": {
        "mjd": 58494.450787,
        "passband": 2,
        "mag": 18.135,
        "mag_err": 0.0695382,
        "locus_id": "ZTF18acybdar"
    },
    "17": {
        "mjd": 58494.475509300006,
        "passband": 1,
        "mag": 18.1199,
        "mag_err": 0.061683,
        "locus_id": "ZTF18acybdar"
    },
    "18": {
        "mjd": 58494.4935301,
        "passband": 1,
        "mag": 18.1304,
        "mag_err": 0.0538991,
        "locus_id": "ZTF18acybdar"
    },
    "19": {
        "mjd": 58502.4565972,
        "passband": 1,
        "mag": 18.673,
        "mag_err": 0.098696,
        "locus_id": "ZTF18acybdar"
    },
    "20": {
        "mjd": 58502.469213,
        "passband": 1,
        "mag": 18.7643,
        "mag_err": 0.13713599999999998,
        "locus_id": "ZTF18acybdar"
    },
    "21": {
        "mjd": 58502.52875,
        "passband": 2,
        "mag": 18.5737,
        "mag_err": 0.0918983,
        "locus_id": "ZTF18acybdar"
    },
    "22": {
        "mjd": 58502.550705999995,
        "passband": 2,
        "mag": 18.6397,
        "mag_err": 0.08189930000000001,
        "locus_id": "ZTF18acybdar"
    },
    "23": {
        "mjd": 58505.4513773,
        "passband": 1,
        "mag": 19.3609,
        "mag_err": 0.238409,
        "locus_id": "ZTF18acybdar"
    },
    "24": {
        "mjd": 58505.5276505,
        "passband": 2,
        "mag": 18.5288,
        "mag_err": 0.162198,
        "locus_id": "ZTF18acybdar"
    },
    "25": {
        "mjd": 58505.5281134,
        "passband": 2,
        "mag": 18.5889,
        "mag_err": 0.170408,
        "locus_id": "ZTF18acybdar"
    },
    "26": {
        "mjd": 58508.4733449,
        "passband": 2,
        "mag": 18.7015,
        "mag_err": 0.0973388,
        "locus_id": "ZTF18acybdar"
    },
    "27": {
        "mjd": 58508.5383449,
        "passband": 1,
        "mag": 19.2725,
        "mag_err": 0.161846,
        "locus_id": "ZTF18acybdar"
    },
    "28": {
        "mjd": 58508.5388079,
        "passband": 1,
        "mag": 19.2103,
        "mag_err": 0.181382,
        "locus_id": "ZTF18acybdar"
    },
    "29": {
        "mjd": 58511.3887153,
        "passband": 2,
        "mag": 18.7178,
        "mag_err": 0.0846206,
        "locus_id": "ZTF18acybdar"
    },
    "30": {
        "mjd": 58511.4480556,
        "passband": 1,
        "mag": 19.5568,
        "mag_err": 0.136423,
        "locus_id": "ZTF18acybdar"
    },
    "31": {
        "mjd": 58511.459039400004,
        "passband": 1,
        "mag": 19.504,
        "mag_err": 0.118056,
        "locus_id": "ZTF18acybdar"
    },
    "32": {
        "mjd": 58514.4228125,
        "passband": 2,
        "mag": 18.8116,
        "mag_err": 0.133546,
        "locus_id": "ZTF18acybdar"
    },
    "33": {
        "mjd": 58514.4232755,
        "passband": 2,
        "mag": 18.7766,
        "mag_err": 0.092987,
        "locus_id": "ZTF18acybdar"
    },
    "34": {
        "mjd": 58522.4173958,
        "passband": 1,
        "mag": 20.2757,
        "mag_err": 0.28932800000000003,
        "locus_id": "ZTF18acybdar"
    },
    "35": {
        "mjd": 58522.534375,
        "passband": 2,
        "mag": 19.1745,
        "mag_err": 0.108627,
        "locus_id": "ZTF18acybdar"
    },
    "36": {
        "mjd": 58526.4412269,
        "passband": 1,
        "mag": 20.4175,
        "mag_err": 0.214162,
        "locus_id": "ZTF18acybdar"
    },
    "37": {
        "mjd": 58526.49074069999,
        "passband": 2,
        "mag": 19.3091,
        "mag_err": 0.187326,
        "locus_id": "ZTF18acybdar"
    },
    "38": {
        "mjd": 58526.4921296,
        "passband": 2,
        "mag": 19.4104,
        "mag_err": 0.172097,
        "locus_id": "ZTF18acybdar"
    },
    "39": {
        "mjd": 58543.3400231,
        "passband": 2,
        "mag": 20.0165,
        "mag_err": 0.20924299999999998,
        "locus_id": "ZTF18acybdar"
    },
    "40": {
        "mjd": 58618.21563659999,
        "passband": 2,
        "mag": 19.4116,
        "mag_err": 0.16592300000000001,
        "locus_id": "ZTF18acybdar"
    }
}