{
    "0": {
        "mjd": 58330.17164349999,
        "passband": 1,
        "mag": 18.5384,
        "mag_err": 0.0980457,
        "locus_id": "ZTF18abkhcwl"
    },
    "1": {
        "mjd": 58330.204537,
        "passband": 1,
        "mag": 18.4224,
        "mag_err": 0.09090089999999999,
        "locus_id": "ZTF18abkhcwl"
    },
    "2": {
        "mjd": 58330.302175900004,
        "passband": 2,
        "mag": 18.7304,
        "mag_err": 0.12909600000000002,
        "locus_id": "ZTF18abkhcwl"
    },
    "3": {
        "mjd": 58330.3026273,
        "passband": 2,
        "mag": 18.6473,
        "mag_err": 0.0970567,
        "locus_id": "ZTF18abkhcwl"
    },
    "4": {
        "mjd": 58333.16582180001,
        "passband": 2,
        "mag": 17.7056,
        "mag_err": 0.0673082,
        "locus_id": "ZTF18abkhcwl"
    },
    "5": {
        "mjd": 58333.16677080001,
        "passband": 2,
        "mag": 17.6984,
        "mag_err": 0.052349900000000005,
        "locus_id": "ZTF18abkhcwl"
    },
    "6": {
        "mjd": 58333.1861574,
        "passband": 1,
        "mag": 17.4999,
        "mag_err": 0.054662199999999994,
        "locus_id": "ZTF18abkhcwl"
    },
    "7": {
        "mjd": 58336.1866088,
        "passband": 1,
        "mag": 16.9191,
        "mag_err": 0.034972500000000004,
        "locus_id": "ZTF18abkhcwl"
    },
    "8": {
        "mjd": 58336.1875579,
        "passband": 1,
        "mag": 16.908,
        "mag_err": 0.0506435,
        "locus_id": "ZTF18abkhcwl"
    },
    "9": {
        "mjd": 58336.2132755,
        "passband": 2,
        "mag": 17.1071,
        "mag_err": 0.0451019,
        "locus_id": "ZTF18abkhcwl"
    },
    "10": {
        "mjd": 58336.21372690001,
        "passband": 2,
        "mag": 17.0855,
        "mag_err": 0.0542187,
        "locus_id": "ZTF18abkhcwl"
    },
    "11": {
        "mjd": 58339.1555324,
        "passband": 2,
        "mag": 16.794,
        "mag_err": 0.046605900000000006,
        "locus_id": "ZTF18abkhcwl"
    },
    "12": {
        "mjd": 58340.1852778,
        "passband": 2,
        "mag": 16.765,
        "mag_err": 0.0535168,
        "locus_id": "ZTF18abkhcwl"
    },
    "13": {
        "mjd": 58343.1531134,
        "passband": 2,
        "mag": 16.6615,
        "mag_err": 0.0456319,
        "locus_id": "ZTF18abkhcwl"
    },
    "14": {
        "mjd": 58343.1726852,
        "passband": 1,
        "mag": 16.4134,
        "mag_err": 0.0309759,
        "locus_id": "ZTF18abkhcwl"
    },
    "15": {
        "mjd": 58344.1629861,
        "passband": 1,
        "mag": 16.4289,
        "mag_err": 0.040301199999999995,
        "locus_id": "ZTF18abkhcwl"
    },
    "16": {
        "mjd": 58344.18576390001,
        "passband": 2,
        "mag": 16.6273,
        "mag_err": 0.0522259,
        "locus_id": "ZTF18abkhcwl"
    },
    "17": {
        "mjd": 58346.1500694,
        "passband": 1,
        "mag": 16.4365,
        "mag_err": 0.0468202,
        "locus_id": "ZTF18abkhcwl"
    },
    "18": {
        "mjd": 58346.1720023,
        "passband": 2,
        "mag": 16.6635,
        "mag_err": 0.049923699999999994,
        "locus_id": "ZTF18abkhcwl"
    },
    "19": {
        "mjd": 58347.1997569,
        "passband": 1,
        "mag": 16.4569,
        "mag_err": 0.0455449,
        "locus_id": "ZTF18abkhcwl"
    },
    "20": {
        "mjd": 58350.152662,
        "passband": 2,
        "mag": 16.7485,
        "mag_err": 0.0634619,
        "locus_id": "ZTF18abkhcwl"
    },
    "21": {
        "mjd": 58350.23645830001,
        "passband": 1,
        "mag": 16.6279,
        "mag_err": 0.0412022,
        "locus_id": "ZTF18abkhcwl"
    },
    "22": {
        "mjd": 58350.2369097,
        "passband": 1,
        "mag": 16.6134,
        "mag_err": 0.0396927,
        "locus_id": "ZTF18abkhcwl"
    },
    "23": {
        "mjd": 58353.1479745,
        "passband": 2,
        "mag": 16.9362,
        "mag_err": 0.0560202,
        "locus_id": "ZTF18abkhcwl"
    },
    "24": {
        "mjd": 58353.2325926,
        "passband": 2,
        "mag": 16.9707,
        "mag_err": 0.05674880000000001,
        "locus_id": "ZTF18abkhcwl"
    },
    "25": {
        "mjd": 58353.2330556,
        "passband": 2,
        "mag": 16.9372,
        "mag_err": 0.04153869999999999,
        "locus_id": "ZTF18abkhcwl"
    },
    "26": {
        "mjd": 58356.2401273,
        "passband": 2,
        "mag": 17.184,
        "mag_err": 0.05685,
        "locus_id": "ZTF18abkhcwl"
    },
    "27": {
        "mjd": 58357.232708300005,
        "passband": 2,
        "mag": 17.2657,
        "mag_err": 0.0707275,
        "locus_id": "ZTF18abkhcwl"
    },
    "28": {
        "mjd": 58359.1362153,
        "passband": 1,
        "mag": 17.2961,
        "mag_err": 0.052861,
        "locus_id": "ZTF18abkhcwl"
    },
    "29": {
        "mjd": 58359.224548599996,
        "passband": 2,
        "mag": 17.3291,
        "mag_err": 0.0525942,
        "locus_id": "ZTF18abkhcwl"
    },
    "30": {
        "mjd": 58362.1399421,
        "passband": 2,
        "mag": 17.4018,
        "mag_err": 0.0425233,
        "locus_id": "ZTF18abkhcwl"
    },
    "31": {
        "mjd": 58362.1408912,
        "passband": 2,
        "mag": 17.4301,
        "mag_err": 0.054111,
        "locus_id": "ZTF18abkhcwl"
    },
    "32": {
        "mjd": 58362.192083300004,
        "passband": 1,
        "mag": 17.5942,
        "mag_err": 0.044546499999999996,
        "locus_id": "ZTF18abkhcwl"
    },
    "33": {
        "mjd": 58362.1925347,
        "passband": 1,
        "mag": 17.5769,
        "mag_err": 0.0473716,
        "locus_id": "ZTF18abkhcwl"
    },
    "34": {
        "mjd": 58365.1444792,
        "passband": 2,
        "mag": 17.4315,
        "mag_err": 0.047342699999999995,
        "locus_id": "ZTF18abkhcwl"
    },
    "35": {
        "mjd": 58365.2170023,
        "passband": 1,
        "mag": 17.9153,
        "mag_err": 0.058052,
        "locus_id": "ZTF18abkhcwl"
    },
    "36": {
        "mjd": 58365.235324099995,
        "passband": 1,
        "mag": 17.8806,
        "mag_err": 0.0587565,
        "locus_id": "ZTF18abkhcwl"
    },
    "37": {
        "mjd": 58371.1359954,
        "passband": 2,
        "mag": 17.5556,
        "mag_err": 0.0610365,
        "locus_id": "ZTF18abkhcwl"
    },
    "38": {
        "mjd": 58371.201759300006,
        "passband": 1,
        "mag": 18.4469,
        "mag_err": 0.0742548,
        "locus_id": "ZTF18abkhcwl"
    },
    "39": {
        "mjd": 58378.1325347,
        "passband": 2,
        "mag": 17.8613,
        "mag_err": 0.061446600000000004,
        "locus_id": "ZTF18abkhcwl"
    },
    "40": {
        "mjd": 58378.152893499995,
        "passband": 1,
        "mag": 18.8743,
        "mag_err": 0.0824239,
        "locus_id": "ZTF18abkhcwl"
    },
    "41": {
        "mjd": 58381.17210650001,
        "passband": 1,
        "mag": 18.9982,
        "mag_err": 0.158387,
        "locus_id": "ZTF18abkhcwl"
    },
    "42": {
        "mjd": 58386.1161921,
        "passband": 1,
        "mag": 19.1142,
        "mag_err": 0.13685,
        "locus_id": "ZTF18abkhcwl"
    }
}