{
    "0": {
        "mjd": 58714.24423609999,
        "passband": 1,
        "mag": 19.3115,
        "mag_err": 0.127801,
        "locus_id": "ZTF19abqimia"
    },
    "1": {
        "mjd": 58717.3137847,
        "passband": 2,
        "mag": 19.0404,
        "mag_err": 0.11568599999999998,
        "locus_id": "ZTF19abqimia"
    },
    "2": {
        "mjd": 58723.256828699996,
        "passband": 1,
        "mag": 18.4944,
        "mag_err": 0.07929860000000001,
        "locus_id": "ZTF19abqimia"
    },
    "3": {
        "mjd": 58726.243125,
        "passband": 1,
        "mag": 18.4668,
        "mag_err": 0.08731760000000001,
        "locus_id": "ZTF19abqimia"
    },
    "4": {
        "mjd": 58732.18842590001,
        "passband": 1,
        "mag": 18.7108,
        "mag_err": 0.111133,
        "locus_id": "ZTF19abqimia"
    },
    "5": {
        "mjd": 58732.232164400004,
        "passband": 2,
        "mag": 18.7807,
        "mag_err": 0.07915989999999999,
        "locus_id": "ZTF19abqimia"
    },
    "6": {
        "mjd": 58747.2501852,
        "passband": 2,
        "mag": 19.3639,
        "mag_err": 0.15472,
        "locus_id": "ZTF19abqimia"
    },
    "7": {
        "mjd": 58747.276365699996,
        "passband": 1,
        "mag": 20.089000000000002,
        "mag_err": 0.268284,
        "locus_id": "ZTF19abqimia"
    },
    "8": {
        "mjd": 58750.2535301,
        "passband": 2,
        "mag": 19.4668,
        "mag_err": 0.152954,
        "locus_id": "ZTF19abqimia"
    },
    "9": {
        "mjd": 58758.2765741,
        "passband": 2,
        "mag": 19.6591,
        "mag_err": 0.209085,
        "locus_id": "ZTF19abqimia"
    }
}