{
    "0": {
        "mjd": 58854.10976849999,
        "passband": 2,
        "mag": 17.3154,
        "mag_err": 0.05489259999999999,
        "locus_id": "ZTF20aadzwnu"
    },
    "1": {
        "mjd": 58860.1321875,
        "passband": 2,
        "mag": 16.4135,
        "mag_err": 0.025665300000000002,
        "locus_id": "ZTF20aadzwnu"
    },
    "2": {
        "mjd": 58863.0933449,
        "passband": 2,
        "mag": 16.2682,
        "mag_err": 0.029588299999999998,
        "locus_id": "ZTF20aadzwnu"
    },
    "3": {
        "mjd": 58863.1104977,
        "passband": 1,
        "mag": 16.1767,
        "mag_err": 0.0324556,
        "locus_id": "ZTF20aadzwnu"
    },
    "4": {
        "mjd": 58873.09398150001,
        "passband": 2,
        "mag": 16.4046,
        "mag_err": 0.0350329,
        "locus_id": "ZTF20aadzwnu"
    },
    "5": {
        "mjd": 58873.1111806,
        "passband": 1,
        "mag": 16.3312,
        "mag_err": 0.0368801,
        "locus_id": "ZTF20aadzwnu"
    }
}