{
    "0": {
        "mjd": 58890.26870369999,
        "passband": 1,
        "mag": 19.230999999999998,
        "mag_err": 0.189694,
        "locus_id": "ZTF20aamnvij"
    },
    "1": {
        "mjd": 58890.412696800006,
        "passband": 2,
        "mag": 19.4258,
        "mag_err": 0.239783,
        "locus_id": "ZTF20aamnvij"
    },
    "2": {
        "mjd": 58891.214455999994,
        "passband": 1,
        "mag": 19.1404,
        "mag_err": 0.16839400000000002,
        "locus_id": "ZTF20aamnvij"
    },
    "3": {
        "mjd": 58891.22776619999,
        "passband": 1,
        "mag": 19.0854,
        "mag_err": 0.141351,
        "locus_id": "ZTF20aamnvij"
    },
    "4": {
        "mjd": 58891.282511599995,
        "passband": 2,
        "mag": 19.2741,
        "mag_err": 0.124846,
        "locus_id": "ZTF20aamnvij"
    },
    "5": {
        "mjd": 58892.24392359999,
        "passband": 2,
        "mag": 19.1014,
        "mag_err": 0.127624,
        "locus_id": "ZTF20aamnvij"
    },
    "6": {
        "mjd": 58892.261088,
        "passband": 2,
        "mag": 19.0398,
        "mag_err": 0.107544,
        "locus_id": "ZTF20aamnvij"
    },
    "7": {
        "mjd": 58893.214479199996,
        "passband": 1,
        "mag": 18.7186,
        "mag_err": 0.0809409,
        "locus_id": "ZTF20aamnvij"
    },
    "8": {
        "mjd": 58893.275960599996,
        "passband": 2,
        "mag": 18.9671,
        "mag_err": 0.09245189999999999,
        "locus_id": "ZTF20aamnvij"
    },
    "9": {
        "mjd": 58894.256226900005,
        "passband": 2,
        "mag": 18.7725,
        "mag_err": 0.09514199999999999,
        "locus_id": "ZTF20aamnvij"
    },
    "10": {
        "mjd": 58894.257141199996,
        "passband": 2,
        "mag": 18.8018,
        "mag_err": 0.0775975,
        "locus_id": "ZTF20aamnvij"
    },
    "11": {
        "mjd": 58894.2988426,
        "passband": 1,
        "mag": 18.6103,
        "mag_err": 0.09943819999999999,
        "locus_id": "ZTF20aamnvij"
    },
    "12": {
        "mjd": 58894.3119213,
        "passband": 1,
        "mag": 18.5658,
        "mag_err": 0.0784734,
        "locus_id": "ZTF20aamnvij"
    },
    "13": {
        "mjd": 58895.232268499996,
        "passband": 1,
        "mag": 18.5231,
        "mag_err": 0.0723433,
        "locus_id": "ZTF20aamnvij"
    },
    "14": {
        "mjd": 58896.2341319,
        "passband": 1,
        "mag": 18.4277,
        "mag_err": 0.0756674,
        "locus_id": "ZTF20aamnvij"
    },
    "15": {
        "mjd": 58896.2575579,
        "passband": 2,
        "mag": 18.6206,
        "mag_err": 0.07703389999999999,
        "locus_id": "ZTF20aamnvij"
    },
    "16": {
        "mjd": 58898.2427199,
        "passband": 1,
        "mag": 18.2706,
        "mag_err": 0.064014,
        "locus_id": "ZTF20aamnvij"
    },
    "17": {
        "mjd": 58898.2574537,
        "passband": 1,
        "mag": 18.2449,
        "mag_err": 0.065307,
        "locus_id": "ZTF20aamnvij"
    },
    "18": {
        "mjd": 58898.31158559999,
        "passband": 2,
        "mag": 18.4859,
        "mag_err": 0.058614,
        "locus_id": "ZTF20aamnvij"
    },
    "19": {
        "mjd": 58899.2654051,
        "passband": 2,
        "mag": 18.4141,
        "mag_err": 0.07334,
        "locus_id": "ZTF20aamnvij"
    },
    "20": {
        "mjd": 58900.2422454,
        "passband": 2,
        "mag": 18.3099,
        "mag_err": 0.0631944,
        "locus_id": "ZTF20aamnvij"
    },
    "21": {
        "mjd": 58903.2253704,
        "passband": 2,
        "mag": 18.2757,
        "mag_err": 0.0564566,
        "locus_id": "ZTF20aamnvij"
    },
    "22": {
        "mjd": 58903.25770830001,
        "passband": 1,
        "mag": 18.1495,
        "mag_err": 0.07043780000000001,
        "locus_id": "ZTF20aamnvij"
    },
    "23": {
        "mjd": 58903.3015509,
        "passband": 1,
        "mag": 18.1275,
        "mag_err": 0.0665655,
        "locus_id": "ZTF20aamnvij"
    },
    "24": {
        "mjd": 58906.2151852,
        "passband": 2,
        "mag": 18.2628,
        "mag_err": 0.07523400000000001,
        "locus_id": "ZTF20aamnvij"
    },
    "25": {
        "mjd": 58906.290763900004,
        "passband": 1,
        "mag": 18.184,
        "mag_err": 0.065831,
        "locus_id": "ZTF20aamnvij"
    },
    "26": {
        "mjd": 58909.2358681,
        "passband": 1,
        "mag": 18.2702,
        "mag_err": 0.10523900000000001,
        "locus_id": "ZTF20aamnvij"
    },
    "27": {
        "mjd": 58909.30375,
        "passband": 2,
        "mag": 18.3299,
        "mag_err": 0.0762168,
        "locus_id": "ZTF20aamnvij"
    },
    "28": {
        "mjd": 58912.21564809999,
        "passband": 2,
        "mag": 18.3924,
        "mag_err": 0.08184830000000001,
        "locus_id": "ZTF20aamnvij"
    },
    "29": {
        "mjd": 58912.23355319999,
        "passband": 1,
        "mag": 18.4133,
        "mag_err": 0.0914631,
        "locus_id": "ZTF20aamnvij"
    },
    "30": {
        "mjd": 58936.2558681,
        "passband": 1,
        "mag": 20.122,
        "mag_err": 0.17994300000000002,
        "locus_id": "ZTF20aamnvij"
    },
    "31": {
        "mjd": 58939.1630324,
        "passband": 2,
        "mag": 19.2489,
        "mag_err": 0.12260499999999999,
        "locus_id": "ZTF20aamnvij"
    },
    "32": {
        "mjd": 58939.2276389,
        "passband": 2,
        "mag": 19.3525,
        "mag_err": 0.144176,
        "locus_id": "ZTF20aamnvij"
    },
    "33": {
        "mjd": 58954.181169,
        "passband": 1,
        "mag": 21.0127,
        "mag_err": 0.339542,
        "locus_id": "ZTF20aamnvij"
    },
    "34": {
        "mjd": 58954.2239931,
        "passband": 2,
        "mag": 20.2661,
        "mag_err": 0.205607,
        "locus_id": "ZTF20aamnvij"
    },
    "35": {
        "mjd": 58962.1740046,
        "passband": 2,
        "mag": 20.1392,
        "mag_err": 0.186338,
        "locus_id": "ZTF20aamnvij"
    }
}