{
    "0": {
        "mjd": 58852.4681597,
        "passband": 1,
        "mag": 21.2485,
        "mag_err": 0.294933,
        "locus_id": "ZTF20aadvbni"
    },
    "1": {
        "mjd": 58853.45148150001,
        "passband": 1,
        "mag": 20.730999999999998,
        "mag_err": 0.20945300000000003,
        "locus_id": "ZTF20aadvbni"
    },
    "2": {
        "mjd": 58854.49136569999,
        "passband": 1,
        "mag": 20.2714,
        "mag_err": 0.396752,
        "locus_id": "ZTF20aadvbni"
    },
    "3": {
        "mjd": 58854.492743099996,
        "passband": 1,
        "mag": 20.3539,
        "mag_err": 0.323819,
        "locus_id": "ZTF20aadvbni"
    },
    "4": {
        "mjd": 58855.3269097,
        "passband": 2,
        "mag": 20.0722,
        "mag_err": 0.278983,
        "locus_id": "ZTF20aadvbni"
    },
    "5": {
        "mjd": 58856.193946800006,
        "passband": 2,
        "mag": 20.1555,
        "mag_err": 0.293619,
        "locus_id": "ZTF20aadvbni"
    },
    "6": {
        "mjd": 58856.194432899996,
        "passband": 2,
        "mag": 20.3296,
        "mag_err": 0.390277,
        "locus_id": "ZTF20aadvbni"
    },
    "7": {
        "mjd": 58859.25302080001,
        "passband": 2,
        "mag": 19.5605,
        "mag_err": 0.17415,
        "locus_id": "ZTF20aadvbni"
    },
    "8": {
        "mjd": 58860.242025499996,
        "passband": 2,
        "mag": 19.625,
        "mag_err": 0.273488,
        "locus_id": "ZTF20aadvbni"
    },
    "9": {
        "mjd": 58860.279328699995,
        "passband": 2,
        "mag": 19.7176,
        "mag_err": 0.23375100000000001,
        "locus_id": "ZTF20aadvbni"
    },
    "10": {
        "mjd": 58861.1118171,
        "passband": 1,
        "mag": 19.7973,
        "mag_err": 0.205604,
        "locus_id": "ZTF20aadvbni"
    },
    "11": {
        "mjd": 58861.133368099996,
        "passband": 2,
        "mag": 19.6121,
        "mag_err": 0.356439,
        "locus_id": "ZTF20aadvbni"
    },
    "12": {
        "mjd": 58862.21432869999,
        "passband": 2,
        "mag": 19.6076,
        "mag_err": 0.15043199999999998,
        "locus_id": "ZTF20aadvbni"
    },
    "13": {
        "mjd": 58862.3061227,
        "passband": 2,
        "mag": 19.5891,
        "mag_err": 0.15178,
        "locus_id": "ZTF20aadvbni"
    },
    "14": {
        "mjd": 58862.30704859999,
        "passband": 2,
        "mag": 19.6199,
        "mag_err": 0.175554,
        "locus_id": "ZTF20aadvbni"
    },
    "15": {
        "mjd": 58864.1655324,
        "passband": 1,
        "mag": 19.8014,
        "mag_err": 0.14910199999999998,
        "locus_id": "ZTF20aadvbni"
    },
    "16": {
        "mjd": 58864.1707523,
        "passband": 1,
        "mag": 19.7277,
        "mag_err": 0.141704,
        "locus_id": "ZTF20aadvbni"
    },
    "17": {
        "mjd": 58864.1745023,
        "passband": 1,
        "mag": 19.8787,
        "mag_err": 0.145366,
        "locus_id": "ZTF20aadvbni"
    },
    "18": {
        "mjd": 58864.179710599994,
        "passband": 1,
        "mag": 19.8059,
        "mag_err": 0.140964,
        "locus_id": "ZTF20aadvbni"
    },
    "19": {
        "mjd": 58864.2225231,
        "passband": 2,
        "mag": 19.656,
        "mag_err": 0.136982,
        "locus_id": "ZTF20aadvbni"
    },
    "20": {
        "mjd": 58864.2447454,
        "passband": 2,
        "mag": 19.576,
        "mag_err": 0.105702,
        "locus_id": "ZTF20aadvbni"
    },
    "21": {
        "mjd": 58867.2143056,
        "passband": 1,
        "mag": 19.8055,
        "mag_err": 0.15517,
        "locus_id": "ZTF20aadvbni"
    },
    "22": {
        "mjd": 58867.2185301,
        "passband": 1,
        "mag": 19.7986,
        "mag_err": 0.140105,
        "locus_id": "ZTF20aadvbni"
    },
    "23": {
        "mjd": 58867.2605556,
        "passband": 2,
        "mag": 19.7429,
        "mag_err": 0.196181,
        "locus_id": "ZTF20aadvbni"
    },
    "24": {
        "mjd": 58867.2657755,
        "passband": 2,
        "mag": 19.6526,
        "mag_err": 0.123052,
        "locus_id": "ZTF20aadvbni"
    },
    "25": {
        "mjd": 58873.19386569999,
        "passband": 2,
        "mag": 19.904,
        "mag_err": 0.146585,
        "locus_id": "ZTF20aadvbni"
    },
    "26": {
        "mjd": 58873.1943403,
        "passband": 2,
        "mag": 19.7765,
        "mag_err": 0.179858,
        "locus_id": "ZTF20aadvbni"
    },
    "27": {
        "mjd": 58874.2497338,
        "passband": 2,
        "mag": 19.7826,
        "mag_err": 0.19535999999999998,
        "locus_id": "ZTF20aadvbni"
    },
    "28": {
        "mjd": 58875.2165278,
        "passband": 2,
        "mag": 19.8734,
        "mag_err": 0.141017,
        "locus_id": "ZTF20aadvbni"
    },
    "29": {
        "mjd": 58876.1993519,
        "passband": 1,
        "mag": 20.3561,
        "mag_err": 0.16129100000000002,
        "locus_id": "ZTF20aadvbni"
    },
    "30": {
        "mjd": 58880.204803199995,
        "passband": 2,
        "mag": 20.209,
        "mag_err": 0.21076,
        "locus_id": "ZTF20aadvbni"
    }
}