{
    "0": {
        "mjd": 58973.4703704,
        "passband": 1,
        "mag": 19.8104,
        "mag_err": 0.168142,
        "locus_id": "ZTF20aayjxdv"
    },
    "1": {
        "mjd": 58976.353460599996,
        "passband": 2,
        "mag": 19.1148,
        "mag_err": 0.150731,
        "locus_id": "ZTF20aayjxdv"
    },
    "2": {
        "mjd": 58976.4923264,
        "passband": 1,
        "mag": 18.7988,
        "mag_err": 0.180424,
        "locus_id": "ZTF20aayjxdv"
    },
    "3": {
        "mjd": 58979.3402894,
        "passband": 2,
        "mag": 18.5131,
        "mag_err": 0.0911076,
        "locus_id": "ZTF20aayjxdv"
    },
    "4": {
        "mjd": 58979.4474306,
        "passband": 1,
        "mag": 18.3792,
        "mag_err": 0.0922945,
        "locus_id": "ZTF20aayjxdv"
    },
    "5": {
        "mjd": 58985.407835599995,
        "passband": 2,
        "mag": 18.2201,
        "mag_err": 0.0654351,
        "locus_id": "ZTF20aayjxdv"
    },
    "6": {
        "mjd": 58985.4371875,
        "passband": 1,
        "mag": 18.0721,
        "mag_err": 0.08438380000000001,
        "locus_id": "ZTF20aayjxdv"
    }
}