{
    "0": {
        "mjd": 58967.24939809999,
        "passband": 1,
        "mag": 20.581,
        "mag_err": 0.25807800000000003,
        "locus_id": "ZTF20aaxfzhw"
    },
    "1": {
        "mjd": 58968.2041319,
        "passband": 2,
        "mag": 20.163,
        "mag_err": 0.153105,
        "locus_id": "ZTF20aaxfzhw"
    },
    "2": {
        "mjd": 58968.2723727,
        "passband": 1,
        "mag": 20.2292,
        "mag_err": 0.20635599999999998,
        "locus_id": "ZTF20aaxfzhw"
    },
    "3": {
        "mjd": 58971.2105556,
        "passband": 2,
        "mag": 19.3863,
        "mag_err": 0.15465399999999999,
        "locus_id": "ZTF20aaxfzhw"
    },
    "4": {
        "mjd": 58971.2751273,
        "passband": 1,
        "mag": 19.1694,
        "mag_err": 0.133946,
        "locus_id": "ZTF20aaxfzhw"
    },
    "5": {
        "mjd": 58975.2025579,
        "passband": 2,
        "mag": 18.6839,
        "mag_err": 0.10942,
        "locus_id": "ZTF20aaxfzhw"
    },
    "6": {
        "mjd": 58975.25019680001,
        "passband": 1,
        "mag": 18.5553,
        "mag_err": 0.100457,
        "locus_id": "ZTF20aaxfzhw"
    },
    "7": {
        "mjd": 58978.192048599994,
        "passband": 1,
        "mag": 18.5347,
        "mag_err": 0.0760611,
        "locus_id": "ZTF20aaxfzhw"
    },
    "8": {
        "mjd": 58978.2478819,
        "passband": 2,
        "mag": 18.6447,
        "mag_err": 0.08553889999999999,
        "locus_id": "ZTF20aaxfzhw"
    },
    "9": {
        "mjd": 58981.1992708,
        "passband": 1,
        "mag": 18.6487,
        "mag_err": 0.0963392,
        "locus_id": "ZTF20aaxfzhw"
    },
    "10": {
        "mjd": 58981.249120399996,
        "passband": 2,
        "mag": 18.6686,
        "mag_err": 0.0838836,
        "locus_id": "ZTF20aaxfzhw"
    },
    "11": {
        "mjd": 58986.19201390001,
        "passband": 1,
        "mag": 18.9513,
        "mag_err": 0.09656630000000001,
        "locus_id": "ZTF20aaxfzhw"
    },
    "12": {
        "mjd": 58986.2555556,
        "passband": 2,
        "mag": 18.8862,
        "mag_err": 0.0936625,
        "locus_id": "ZTF20aaxfzhw"
    }
}