{
    "0": {
        "mjd": 58855.347963,
        "passband": 2,
        "mag": 19.5265,
        "mag_err": 0.294754,
        "locus_id": "ZTF20aagloch"
    },
    "1": {
        "mjd": 58866.409143499994,
        "passband": 1,
        "mag": 20.0332,
        "mag_err": 0.199133,
        "locus_id": "ZTF20aagloch"
    },
    "2": {
        "mjd": 58867.3640394,
        "passband": 2,
        "mag": 19.5428,
        "mag_err": 0.151428,
        "locus_id": "ZTF20aagloch"
    },
    "3": {
        "mjd": 58867.3961574,
        "passband": 1,
        "mag": 19.3267,
        "mag_err": 0.10858599999999999,
        "locus_id": "ZTF20aagloch"
    },
    "4": {
        "mjd": 58867.402963,
        "passband": 1,
        "mag": 19.7956,
        "mag_err": 0.186093,
        "locus_id": "ZTF20aagloch"
    },
    "5": {
        "mjd": 58871.225289400005,
        "passband": 1,
        "mag": 18.8668,
        "mag_err": 0.119771,
        "locus_id": "ZTF20aagloch"
    },
    "6": {
        "mjd": 58871.291990699996,
        "passband": 2,
        "mag": 18.8003,
        "mag_err": 0.0994534,
        "locus_id": "ZTF20aagloch"
    },
    "7": {
        "mjd": 58871.3044329,
        "passband": 2,
        "mag": 18.7239,
        "mag_err": 0.0845837,
        "locus_id": "ZTF20aagloch"
    },
    "8": {
        "mjd": 58871.320868099996,
        "passband": 2,
        "mag": 18.6411,
        "mag_err": 0.09145589999999999,
        "locus_id": "ZTF20aagloch"
    },
    "9": {
        "mjd": 58871.3217824,
        "passband": 2,
        "mag": 18.7272,
        "mag_err": 0.100377,
        "locus_id": "ZTF20aagloch"
    },
    "10": {
        "mjd": 58871.40605319999,
        "passband": 1,
        "mag": 18.7262,
        "mag_err": 0.0811221,
        "locus_id": "ZTF20aagloch"
    },
    "11": {
        "mjd": 58871.40695599999,
        "passband": 1,
        "mag": 18.6841,
        "mag_err": 0.09145360000000001,
        "locus_id": "ZTF20aagloch"
    },
    "12": {
        "mjd": 58872.2381829,
        "passband": 1,
        "mag": 18.5843,
        "mag_err": 0.0873056,
        "locus_id": "ZTF20aagloch"
    },
    "13": {
        "mjd": 58872.2429745,
        "passband": 1,
        "mag": 18.7369,
        "mag_err": 0.0871746,
        "locus_id": "ZTF20aagloch"
    },
    "14": {
        "mjd": 58873.2836921,
        "passband": 2,
        "mag": 18.5996,
        "mag_err": 0.0799587,
        "locus_id": "ZTF20aagloch"
    },
    "15": {
        "mjd": 58873.3006944,
        "passband": 2,
        "mag": 18.5669,
        "mag_err": 0.077404,
        "locus_id": "ZTF20aagloch"
    },
    "16": {
        "mjd": 58873.344629600004,
        "passband": 1,
        "mag": 18.6859,
        "mag_err": 0.0880449,
        "locus_id": "ZTF20aagloch"
    },
    "17": {
        "mjd": 58873.3725926,
        "passband": 1,
        "mag": 18.5244,
        "mag_err": 0.073784,
        "locus_id": "ZTF20aagloch"
    },
    "18": {
        "mjd": 58874.2966551,
        "passband": 2,
        "mag": 18.5892,
        "mag_err": 0.088416,
        "locus_id": "ZTF20aagloch"
    },
    "19": {
        "mjd": 58874.3232755,
        "passband": 2,
        "mag": 18.5474,
        "mag_err": 0.080013,
        "locus_id": "ZTF20aagloch"
    },
    "20": {
        "mjd": 58874.3243171,
        "passband": 2,
        "mag": 18.3732,
        "mag_err": 0.07884400000000001,
        "locus_id": "ZTF20aagloch"
    },
    "21": {
        "mjd": 58874.3429861,
        "passband": 1,
        "mag": 18.6539,
        "mag_err": 0.096135,
        "locus_id": "ZTF20aagloch"
    },
    "22": {
        "mjd": 58874.367511599994,
        "passband": 1,
        "mag": 18.5406,
        "mag_err": 0.073247,
        "locus_id": "ZTF20aagloch"
    },
    "23": {
        "mjd": 58874.368888900004,
        "passband": 1,
        "mag": 18.5198,
        "mag_err": 0.06905599999999999,
        "locus_id": "ZTF20aagloch"
    },
    "24": {
        "mjd": 58875.2431597,
        "passband": 2,
        "mag": 18.4567,
        "mag_err": 0.070491,
        "locus_id": "ZTF20aagloch"
    },
    "25": {
        "mjd": 58875.2538773,
        "passband": 2,
        "mag": 18.5053,
        "mag_err": 0.08906599999999999,
        "locus_id": "ZTF20aagloch"
    },
    "26": {
        "mjd": 58875.32763890001,
        "passband": 1,
        "mag": 18.6707,
        "mag_err": 0.093696,
        "locus_id": "ZTF20aagloch"
    },
    "27": {
        "mjd": 58875.4261343,
        "passband": 1,
        "mag": 18.5679,
        "mag_err": 0.10431800000000001,
        "locus_id": "ZTF20aagloch"
    },
    "28": {
        "mjd": 58876.241875,
        "passband": 1,
        "mag": 18.5388,
        "mag_err": 0.0732981,
        "locus_id": "ZTF20aagloch"
    },
    "29": {
        "mjd": 58876.241875,
        "passband": 1,
        "mag": 18.5355,
        "mag_err": 0.072921,
        "locus_id": "ZTF20aagloch"
    },
    "30": {
        "mjd": 58876.24280090001,
        "passband": 1,
        "mag": 18.5495,
        "mag_err": 0.0847439,
        "locus_id": "ZTF20aagloch"
    },
    "31": {
        "mjd": 58876.24280090001,
        "passband": 1,
        "mag": 18.5714,
        "mag_err": 0.088786,
        "locus_id": "ZTF20aagloch"
    },
    "32": {
        "mjd": 58876.30519680001,
        "passband": 2,
        "mag": 18.4708,
        "mag_err": 0.07960729999999999,
        "locus_id": "ZTF20aagloch"
    },
    "33": {
        "mjd": 58876.327581,
        "passband": 2,
        "mag": 18.41,
        "mag_err": 0.0696393,
        "locus_id": "ZTF20aagloch"
    },
    "34": {
        "mjd": 58877.241331,
        "passband": 1,
        "mag": 18.63,
        "mag_err": 0.11806900000000001,
        "locus_id": "ZTF20aagloch"
    },
    "35": {
        "mjd": 58877.2438773,
        "passband": 1,
        "mag": 18.6086,
        "mag_err": 0.103335,
        "locus_id": "ZTF20aagloch"
    },
    "36": {
        "mjd": 58877.30817130001,
        "passband": 2,
        "mag": 18.413,
        "mag_err": 0.074584,
        "locus_id": "ZTF20aagloch"
    },
    "37": {
        "mjd": 58877.315787,
        "passband": 2,
        "mag": 18.3762,
        "mag_err": 0.064068,
        "locus_id": "ZTF20aagloch"
    },
    "38": {
        "mjd": 58877.317708300005,
        "passband": 2,
        "mag": 18.2658,
        "mag_err": 0.099384,
        "locus_id": "ZTF20aagloch"
    },
    "39": {
        "mjd": 58877.3645255,
        "passband": 1,
        "mag": 18.5597,
        "mag_err": 0.081464,
        "locus_id": "ZTF20aagloch"
    },
    "40": {
        "mjd": 58878.241539400005,
        "passband": 1,
        "mag": 18.7316,
        "mag_err": 0.158663,
        "locus_id": "ZTF20aagloch"
    },
    "41": {
        "mjd": 58878.26780090001,
        "passband": 1,
        "mag": 18.6172,
        "mag_err": 0.14945999999999998,
        "locus_id": "ZTF20aagloch"
    },
    "42": {
        "mjd": 58878.306886599996,
        "passband": 2,
        "mag": 18.3545,
        "mag_err": 0.0875849,
        "locus_id": "ZTF20aagloch"
    },
    "43": {
        "mjd": 58878.3306944,
        "passband": 2,
        "mag": 18.3684,
        "mag_err": 0.08760880000000001,
        "locus_id": "ZTF20aagloch"
    },
    "44": {
        "mjd": 58879.1918403,
        "passband": 1,
        "mag": 18.7735,
        "mag_err": 0.11798299999999999,
        "locus_id": "ZTF20aagloch"
    },
    "45": {
        "mjd": 58879.2160648,
        "passband": 1,
        "mag": 18.77,
        "mag_err": 0.113554,
        "locus_id": "ZTF20aagloch"
    },
    "46": {
        "mjd": 58879.25936340001,
        "passband": 1,
        "mag": 18.6804,
        "mag_err": 0.127762,
        "locus_id": "ZTF20aagloch"
    },
    "47": {
        "mjd": 58879.301412,
        "passband": 2,
        "mag": 18.5228,
        "mag_err": 0.136573,
        "locus_id": "ZTF20aagloch"
    },
    "48": {
        "mjd": 58879.3164583,
        "passband": 2,
        "mag": 18.4165,