{
    "0": {
        "mjd": 58968.168298599994,
        "passband": 2,
        "mag": 19.0868,
        "mag_err": 0.0969259,
        "locus_id": "ZTF20aawqywr"
    },
    "1": {
        "mjd": 58968.16877309999,
        "passband": 2,
        "mag": 19.0392,
        "mag_err": 0.091769,
        "locus_id": "ZTF20aawqywr"
    },
    "2": {
        "mjd": 58968.21432869999,
        "passband": 1,
        "mag": 19.0978,
        "mag_err": 0.114533,
        "locus_id": "ZTF20aawqywr"
    },
    "3": {
        "mjd": 58968.24392359999,
        "passband": 1,
        "mag": 19.131,
        "mag_err": 0.10358099999999999,
        "locus_id": "ZTF20aawqywr"
    },
    "4": {
        "mjd": 58971.1571412,
        "passband": 2,
        "mag": 18.3623,
        "mag_err": 0.06617250000000001,
        "locus_id": "ZTF20aawqywr"
    },
    "5": {
        "mjd": 58971.17866900001,
        "passband": 2,
        "mag": 18.4601,
        "mag_err": 0.0892934,
        "locus_id": "ZTF20aawqywr"
    },
    "6": {
        "mjd": 58971.247083300004,
        "passband": 1,
        "mag": 18.4143,
        "mag_err": 0.0918457,
        "locus_id": "ZTF20aawqywr"
    },
    "7": {
        "mjd": 58972.2271296,
        "passband": 1,
        "mag": 18.2372,
        "mag_err": 0.08323330000000001,
        "locus_id": "ZTF20aawqywr"
    },
    "8": {
        "mjd": 58974.184861099995,
        "passband": 1,
        "mag": 18.1032,
        "mag_err": 0.0728461,
        "locus_id": "ZTF20aawqywr"
    },
    "9": {
        "mjd": 58974.225289400005,
        "passband": 2,
        "mag": 18.0348,
        "mag_err": 0.0698515,
        "locus_id": "ZTF20aawqywr"
    },
    "10": {
        "mjd": 58975.2315625,
        "passband": 1,
        "mag": 18.0087,
        "mag_err": 0.09296549999999999,
        "locus_id": "ZTF20aawqywr"
    },
    "11": {
        "mjd": 58977.15469909999,
        "passband": 1,
        "mag": 17.862000000000002,
        "mag_err": 0.057484,
        "locus_id": "ZTF20aawqywr"
    },
    "12": {
        "mjd": 58978.18554400001,
        "passband": 1,
        "mag": 17.8745,
        "mag_err": 0.056014,
        "locus_id": "ZTF20aawqywr"
    },
    "13": {
        "mjd": 58978.228877300004,
        "passband": 2,
        "mag": 17.783,
        "mag_err": 0.0571886,
        "locus_id": "ZTF20aawqywr"
    },
    "14": {
        "mjd": 58980.16614580001,
        "passband": 2,
        "mag": 17.7515,
        "mag_err": 0.0551456,
        "locus_id": "ZTF20aawqywr"
    },
    "15": {
        "mjd": 58980.1872454,
        "passband": 1,
        "mag": 17.8425,
        "mag_err": 0.046897900000000006,
        "locus_id": "ZTF20aawqywr"
    },
    "16": {
        "mjd": 58980.236388900004,
        "passband": 2,
        "mag": 17.7804,
        "mag_err": 0.0415485,
        "locus_id": "ZTF20aawqywr"
    },
    "17": {
        "mjd": 58981.16614580001,
        "passband": 1,
        "mag": 17.8422,
        "mag_err": 0.0633177,
        "locus_id": "ZTF20aawqywr"
    },
    "18": {
        "mjd": 58981.228576400004,
        "passband": 2,
        "mag": 17.7155,
        "mag_err": 0.0526472,
        "locus_id": "ZTF20aawqywr"
    },
    "19": {
        "mjd": 58986.172743099996,
        "passband": 1,
        "mag": 17.9596,
        "mag_err": 0.0566803,
        "locus_id": "ZTF20aawqywr"
    },
    "20": {
        "mjd": 58986.185463,
        "passband": 1,
        "mag": 18.0102,
        "mag_err": 0.0746093,
        "locus_id": "ZTF20aawqywr"
    },
    "21": {
        "mjd": 58986.23550930001,
        "passband": 2,
        "mag": 17.7482,
        "mag_err": 0.053742,
        "locus_id": "ZTF20aawqywr"
    },
    "22": {
        "mjd": 58986.2373843,
        "passband": 2,
        "mag": 17.8105,
        "mag_err": 0.0533453,
        "locus_id": "ZTF20aawqywr"
    }
}