{
    "0": {
        "mjd": 58866.2347801,
        "passband": 2,
        "mag": 17.8719,
        "mag_err": 0.06379560000000001,
        "locus_id": "ZTF20aagjpmt"
    },
    "1": {
        "mjd": 58867.203148099994,
        "passband": 1,
        "mag": 17.8004,
        "mag_err": 0.053078,
        "locus_id": "ZTF20aagjpmt"
    },
    "2": {
        "mjd": 58871.2050579,
        "passband": 1,
        "mag": 17.7636,
        "mag_err": 0.0515789,
        "locus_id": "ZTF20aagjpmt"
    },
    "3": {
        "mjd": 58871.2331597,
        "passband": 2,
        "mag": 17.7515,
        "mag_err": 0.044114099999999996,
        "locus_id": "ZTF20aagjpmt"
    },
    "4": {
        "mjd": 58873.2011921,
        "passband": 2,
        "mag": 17.739,
        "mag_err": 0.04654880000000001,
        "locus_id": "ZTF20aagjpmt"
    },
    "5": {
        "mjd": 58874.1896296,
        "passband": 1,
        "mag": 17.804000000000002,
        "mag_err": 0.06545930000000001,
        "locus_id": "ZTF20aagjpmt"
    },
    "6": {
        "mjd": 58876.161238400004,
        "passband": 1,
        "mag": 17.9062,
        "mag_err": 0.0686598,
        "locus_id": "ZTF20aagjpmt"
    },
    "7": {
        "mjd": 58876.161238400004,
        "passband": 1,
        "mag": 17.9036,
        "mag_err": 0.068096,
        "locus_id": "ZTF20aagjpmt"
    },
    "8": {
        "mjd": 58877.1610532,
        "passband": 2,
        "mag": 17.7257,
        "mag_err": 0.0591509,
        "locus_id": "ZTF20aagjpmt"
    },
    "9": {
        "mjd": 58877.206643499994,
        "passband": 1,
        "mag": 17.8673,
        "mag_err": 0.0561182,
        "locus_id": "ZTF20aagjpmt"
    },
    "10": {
        "mjd": 58879.13167819999,
        "passband": 1,
        "mag": 17.9188,
        "mag_err": 0.100564,
        "locus_id": "ZTF20aagjpmt"
    },
    "11": {
        "mjd": 58880.127233800005,
        "passband": 1,
        "mag": 17.9507,
        "mag_err": 0.05701619999999999,
        "locus_id": "ZTF20aagjpmt"
    },
    "12": {
        "mjd": 58880.18342590001,
        "passband": 2,
        "mag": 17.7072,
        "mag_err": 0.060432400000000004,
        "locus_id": "ZTF20aagjpmt"
    },
    "13": {
        "mjd": 58883.1743171,
        "passband": 2,
        "mag": 17.7088,
        "mag_err": 0.0939108,
        "locus_id": "ZTF20aagjpmt"
    },
    "14": {
        "mjd": 58883.1866898,
        "passband": 2,
        "mag": 18.0353,
        "mag_err": 0.09983339999999999,
        "locus_id": "ZTF20aagjpmt"
    },
    "15": {
        "mjd": 58886.1313773,
        "passband": 2,
        "mag": 17.7335,
        "mag_err": 0.047655699999999995,
        "locus_id": "ZTF20aagjpmt"
    },
    "16": {
        "mjd": 58886.164537,
        "passband": 1,
        "mag": 17.9759,
        "mag_err": 0.100223,
        "locus_id": "ZTF20aagjpmt"
    },
    "17": {
        "mjd": 58890.1478588,
        "passband": 2,
        "mag": 17.7758,
        "mag_err": 0.0547675,
        "locus_id": "ZTF20aagjpmt"
    },
    "18": {
        "mjd": 58890.246955999995,
        "passband": 1,
        "mag": 18.4428,
        "mag_err": 0.17285699999999998,
        "locus_id": "ZTF20aagjpmt"
    },
    "19": {
        "mjd": 58894.1440972,
        "passband": 2,
        "mag": 17.8195,
        "mag_err": 0.050158999999999995,
        "locus_id": "ZTF20aagjpmt"
    },
    "20": {
        "mjd": 58898.1310301,
        "passband": 2,
        "mag": 17.8091,
        "mag_err": 0.052088,
        "locus_id": "ZTF20aagjpmt"
    },
    "21": {
        "mjd": 58898.1781829,
        "passband": 1,
        "mag": 18.3879,
        "mag_err": 0.0742855,
        "locus_id": "ZTF20aagjpmt"
    },
    "22": {
        "mjd": 58904.1330903,
        "passband": 1,
        "mag": 18.3975,
        "mag_err": 0.0628216,
        "locus_id": "ZTF20aagjpmt"
    },
    "23": {
        "mjd": 58904.1726389,
        "passband": 2,
        "mag": 17.7733,
        "mag_err": 0.051572400000000004,
        "locus_id": "ZTF20aagjpmt"
    },
    "24": {
        "mjd": 58911.1753356,
        "passband": 2,
        "mag": 17.8995,
        "mag_err": 0.0830853,
        "locus_id": "ZTF20aagjpmt"
    },
    "25": {
        "mjd": 58914.1381944,
        "passband": 2,
        "mag": 17.733,
        "mag_err": 0.11007,
        "locus_id": "ZTF20aagjpmt"
    }
}