{
    "0": {
        "mjd": 58886.4597222,
        "passband": 1,
        "mag": 19.9677,
        "mag_err": 0.23747800000000002,
        "locus_id": "ZTF20aamksoq"
    },
    "1": {
        "mjd": 58886.53826390001,
        "passband": 2,
        "mag": 19.7257,
        "mag_err": 0.23138899999999998,
        "locus_id": "ZTF20aamksoq"
    },
    "2": {
        "mjd": 58894.37398150001,
        "passband": 1,
        "mag": 18.8503,
        "mag_err": 0.0930645,
        "locus_id": "ZTF20aamksoq"
    },
    "3": {
        "mjd": 58894.464166699996,
        "passband": 2,
        "mag": 18.9047,
        "mag_err": 0.0979528,
        "locus_id": "ZTF20aamksoq"
    },
    "4": {
        "mjd": 58898.3966204,
        "passband": 1,
        "mag": 18.9597,
        "mag_err": 0.088125,
        "locus_id": "ZTF20aamksoq"
    },
    "5": {
        "mjd": 58901.3815278,
        "passband": 2,
        "mag": 18.9295,
        "mag_err": 0.09686180000000001,
        "locus_id": "ZTF20aamksoq"
    },
    "6": {
        "mjd": 58904.473287,
        "passband": 2,
        "mag": 19.0857,
        "mag_err": 0.138971,
        "locus_id": "ZTF20aamksoq"
    },
    "7": {
        "mjd": 58908.33642359999,
        "passband": 1,
        "mag": 19.7916,
        "mag_err": 0.186129,
        "locus_id": "ZTF20aamksoq"
    },
    "8": {
        "mjd": 58908.452835599994,
        "passband": 2,
        "mag": 19.3753,
        "mag_err": 0.135192,
        "locus_id": "ZTF20aamksoq"
    }
}