{
    "0": {
        "mjd": 58853.45526619999,
        "passband": 1,
        "mag": 21.0792,
        "mag_err": 0.32739,
        "locus_id": "ZTF20aaevbvv"
    },
    "1": {
        "mjd": 58854.4872454,
        "passband": 1,
        "mag": 20.1263,
        "mag_err": 0.455503,
        "locus_id": "ZTF20aaevbvv"
    },
    "2": {
        "mjd": 58859.43800930001,
        "passband": 2,
        "mag": 18.8946,
        "mag_err": 0.177424,
        "locus_id": "ZTF20aaevbvv"
    },
    "3": {
        "mjd": 58859.51052080001,
        "passband": 1,
        "mag": 18.8014,
        "mag_err": 0.224282,
        "locus_id": "ZTF20aaevbvv"
    },
    "4": {
        "mjd": 58860.1128356,
        "passband": 1,
        "mag": 18.5425,
        "mag_err": 0.186128,
        "locus_id": "ZTF20aaevbvv"
    },
    "5": {
        "mjd": 58860.24988430001,
        "passband": 2,
        "mag": 18.665,
        "mag_err": 0.119304,
        "locus_id": "ZTF20aaevbvv"
    },
    "6": {
        "mjd": 58860.2663079,
        "passband": 2,
        "mag": 18.5503,
        "mag_err": 0.10335499999999999,
        "locus_id": "ZTF20aaevbvv"
    },
    "7": {
        "mjd": 58860.2773495,
        "passband": 2,
        "mag": 18.6904,
        "mag_err": 0.104978,
        "locus_id": "ZTF20aaevbvv"
    },
    "8": {
        "mjd": 58860.2987847,
        "passband": 2,
        "mag": 18.4901,
        "mag_err": 0.100724,
        "locus_id": "ZTF20aaevbvv"
    },
    "9": {
        "mjd": 58861.11407409999,
        "passband": 1,
        "mag": 18.3175,
        "mag_err": 0.08780410000000001,
        "locus_id": "ZTF20aaevbvv"
    },
    "10": {
        "mjd": 58861.119074099995,
        "passband": 1,
        "mag": 18.3098,
        "mag_err": 0.0754173,
        "locus_id": "ZTF20aaevbvv"
    },
    "11": {
        "mjd": 58861.143287,
        "passband": 2,
        "mag": 18.5149,
        "mag_err": 0.14338399999999998,
        "locus_id": "ZTF20aaevbvv"
    },
    "12": {
        "mjd": 58861.1441898,
        "passband": 2,
        "mag": 18.4274,
        "mag_err": 0.0971211,
        "locus_id": "ZTF20aaevbvv"
    },
    "13": {
        "mjd": 58862.219791699994,
        "passband": 2,
        "mag": 18.3435,
        "mag_err": 0.0728168,
        "locus_id": "ZTF20aaevbvv"
    },
    "14": {
        "mjd": 58862.3020023,
        "passband": 2,
        "mag": 18.283,
        "mag_err": 0.0768571,
        "locus_id": "ZTF20aaevbvv"
    },
    "15": {
        "mjd": 58862.4292245,
        "passband": 1,
        "mag": 18.1032,
        "mag_err": 0.13381300000000002,
        "locus_id": "ZTF20aaevbvv"
    },
    "16": {
        "mjd": 58863.1847222,
        "passband": 1,
        "mag": 17.9465,
        "mag_err": 0.262383,
        "locus_id": "ZTF20aaevbvv"
    },
    "17": {
        "mjd": 58863.22594909999,
        "passband": 2,
        "mag": 18.526,
        "mag_err": 0.200206,
        "locus_id": "ZTF20aaevbvv"
    },
    "18": {
        "mjd": 58863.226412,
        "passband": 2,
        "mag": 18.2428,
        "mag_err": 0.2004,
        "locus_id": "ZTF20aaevbvv"
    },
    "19": {
        "mjd": 58864.16148150001,
        "passband": 1,
        "mag": 18.0756,
        "mag_err": 0.0694666,
        "locus_id": "ZTF20aaevbvv"
    },
    "20": {
        "mjd": 58864.193946800006,
        "passband": 1,
        "mag": 18.0515,
        "mag_err": 0.054038199999999995,
        "locus_id": "ZTF20aaevbvv"
    },
    "21": {
        "mjd": 58864.19488430001,
        "passband": 1,
        "mag": 18.0434,
        "mag_err": 0.049391000000000004,
        "locus_id": "ZTF20aaevbvv"
    },
    "22": {
        "mjd": 58864.2160532,
        "passband": 2,
        "mag": 18.2138,
        "mag_err": 0.054344,
        "locus_id": "ZTF20aaevbvv"
    },
    "23": {
        "mjd": 58864.21916669999,
        "passband": 2,
        "mag": 18.163,
        "mag_err": 0.053730999999999994,
        "locus_id": "ZTF20aaevbvv"
    },
    "24": {
        "mjd": 58867.2125,
        "passband": 1,
        "mag": 17.8775,
        "mag_err": 0.0540482,
        "locus_id": "ZTF20aaevbvv"
    },
    "25": {
        "mjd": 58867.212951400004,
        "passband": 1,
        "mag": 17.8927,
        "mag_err": 0.0503171,
        "locus_id": "ZTF20aaevbvv"
    },
    "26": {
        "mjd": 58867.2695602,
        "passband": 2,
        "mag": 18.0565,
        "mag_err": 0.054761199999999996,
        "locus_id": "ZTF20aaevbvv"
    },
    "27": {
        "mjd": 58871.2621181,
        "passband": 2,
        "mag": 17.97,
        "mag_err": 0.0500892,
        "locus_id": "ZTF20aaevbvv"
    },
    "28": {
        "mjd": 58872.2886921,
        "passband": 2,
        "mag": 18.0118,
        "mag_err": 0.055676699999999996,
        "locus_id": "ZTF20aaevbvv"
    },
    "29": {
        "mjd": 58873.173240699994,
        "passband": 2,
        "mag": 17.9594,
        "mag_err": 0.046826099999999996,
        "locus_id": "ZTF20aaevbvv"
    },
    "30": {
        "mjd": 58873.195289400006,
        "passband": 2,
        "mag": 17.9853,
        "mag_err": 0.049683099999999994,
        "locus_id": "ZTF20aaevbvv"
    },
    "31": {
        "mjd": 58874.2455903,
        "passband": 2,
        "mag": 18.0455,
        "mag_err": 0.055973199999999994,
        "locus_id": "ZTF20aaevbvv"
    },
    "32": {
        "mjd": 58875.2179398,
        "passband": 2,
        "mag": 18.0203,
        "mag_err": 0.054640999999999995,
        "locus_id": "ZTF20aaevbvv"
    },
    "33": {
        "mjd": 58875.2189005,
        "passband": 2,
        "mag": 18.0289,
        "mag_err": 0.051533,
        "locus_id": "ZTF20aaevbvv"
    },
    "34": {
        "mjd": 58876.18010419999,
        "passband": 1,
        "mag": 18.0454,
        "mag_err": 0.0669844,
        "locus_id": "ZTF20aaevbvv"
    },
    "35": {
        "mjd": 58876.18010419999,
        "passband": 1,
        "mag": 18.044,
        "mag_err": 0.06691799999999999,
        "locus_id": "ZTF20aaevbvv"
    },
    "36": {
        "mjd": 58876.1947801,
        "passband": 1,
        "mag": 18.1553,
        "mag_err": 0.031663,
        "locus_id": "ZTF20aaevbvv"
    },
    "37": {
        "mjd": 58876.1947801,
        "passband": 1,
        "mag": 18.0821,
        "mag_err": 0.056452999999999996,
        "locus_id": "ZTF20aaevbvv"
    },
    "38": {
        "mjd": 58878.1603704,
        "passband": 2,
        "mag": 18.1261,
        "mag_err": 0.111661,
        "locus_id": "ZTF20aaevbvv"
    },
    "39": {
        "mjd": 58878.1830556,
        "passband": 2,
        "mag": 18.2093,
        "mag_err": 0.085684,
        "locus_id": "ZTF20aaevbvv"
    },
    "40": {
        "mjd": 58879.170706,
        "passband": 1,
        "mag": 18.1995,
        "mag_err": 0.092209,
        "locus_id": "ZTF20aaevbvv"
    },
    "41": {
        "mjd": 58879.1720486,
        "passband": 1,
        "mag": 18.2001,
        "mag_err": 0.064236,
        "locus_id": "ZTF20aaevbvv"
    },
    "42": {
        "mjd": 58880.2066204,
        "passband": 2,
        "mag": 18.2866,
        "mag_err": 0.060422500000000004,
        "locus_id": "ZTF20aaevbvv"
    },
    "43": {
        "mjd": 58881.1619444,
        "passband": 1,
        "mag": 18.3619,
        "mag_err": 0.065789,
        "locus_id": "ZTF20aaevbvv"
    },
    "44": {
        "mjd": 58881.186550900005,
        "passband": 1,
        "mag": 18.3535,
        "mag_err": 0.0699622,
        "locus_id": "ZTF20aaevbvv"
    },
    "45": {
        "mjd": 58881.26026619999,
        "passband": 2,
        "mag": 18.4135,
        "mag_err": 0.0695823,
        "locus_id": "ZTF20aaevbvv"
    },
    "46": {
        "mjd": 58882.1442708,
        "passband": 2,
        "mag": 18.4151,
        "mag_err": 0.0763463,
        "locus_id": "ZTF20aaevbvv"
    },
    "47": {
        "mjd": 58882.15447919999,
        "passband": 2,
        "mag": 18.4767,
        "mag_err": 0.0793299,
        "locus_id": "ZTF20aaevbvv"
    },
    "48": {
        "mjd": 58884.17013890001,