{
    "0": {
        "mjd": 58969.38561340001,
        "passband": 1,
        "mag": 19.7574,
        "mag_err": 0.36941399999999996,
        "locus_id": "ZTF20aaxuwuh"
    },
    "1": {
        "mjd": 58970.398449099994,
        "passband": 2,
        "mag": 20.205,
        "mag_err": 0.1985,
        "locus_id": "ZTF20aaxuwuh"
    },
    "2": {
        "mjd": 58970.4478704,
        "passband": 1,
        "mag": 20.137,
        "mag_err": 0.191805,
        "locus_id": "ZTF20aaxuwuh"
    },
    "3": {
        "mjd": 58971.4159954,
        "passband": 2,
        "mag": 19.914,
        "mag_err": 0.168601,
        "locus_id": "ZTF20aaxuwuh"
    },
    "4": {
        "mjd": 58971.421585599994,
        "passband": 1,
        "mag": 19.7142,
        "mag_err": 0.163643,
        "locus_id": "ZTF20aaxuwuh"
    },
    "5": {
        "mjd": 58972.4039699,
        "passband": 2,
        "mag": 19.5384,
        "mag_err": 0.200454,
        "locus_id": "ZTF20aaxuwuh"
    },
    "6": {
        "mjd": 58972.44875,
        "passband": 1,
        "mag": 19.5534,
        "mag_err": 0.164747,
        "locus_id": "ZTF20aaxuwuh"
    },
    "7": {
        "mjd": 58974.278321800004,
        "passband": 2,
        "mag": 19.221,
        "mag_err": 0.157274,
        "locus_id": "ZTF20aaxuwuh"
    },
    "8": {
        "mjd": 58974.319838,
        "passband": 2,
        "mag": 19.1643,
        "mag_err": 0.17185999999999998,
        "locus_id": "ZTF20aaxuwuh"
    },
    "9": {
        "mjd": 58974.46135419999,
        "passband": 1,
        "mag": 19.1322,
        "mag_err": 0.12028699999999999,
        "locus_id": "ZTF20aaxuwuh"
    },
    "10": {
        "mjd": 58975.29736109999,
        "passband": 1,
        "mag": 19.0803,
        "mag_err": 0.148241,
        "locus_id": "ZTF20aaxuwuh"
    },
    "11": {
        "mjd": 58975.3855324,
        "passband": 2,
        "mag": 18.9638,
        "mag_err": 0.115532,
        "locus_id": "ZTF20aaxuwuh"
    },
    "12": {
        "mjd": 58976.3033449,
        "passband": 2,
        "mag": 18.8278,
        "mag_err": 0.131115,
        "locus_id": "ZTF20aaxuwuh"
    },
    "13": {
        "mjd": 58976.3185995,
        "passband": 2,
        "mag": 18.8765,
        "mag_err": 0.155586,
        "locus_id": "ZTF20aaxuwuh"
    },
    "14": {
        "mjd": 58977.356770800005,
        "passband": 1,
        "mag": 18.5652,
        "mag_err": 0.15100999999999998,
        "locus_id": "ZTF20aaxuwuh"
    },
    "15": {
        "mjd": 58978.28267359999,
        "passband": 2,
        "mag": 18.8467,
        "mag_err": 0.09908439999999999,
        "locus_id": "ZTF20aaxuwuh"
    },
    "16": {
        "mjd": 58978.383449099994,
        "passband": 1,
        "mag": 18.6807,
        "mag_err": 0.11971500000000002,
        "locus_id": "ZTF20aaxuwuh"
    },
    "17": {
        "mjd": 58979.261875,
        "passband": 1,
        "mag": 18.6963,
        "mag_err": 0.100812,
        "locus_id": "ZTF20aaxuwuh"
    },
    "18": {
        "mjd": 58979.3196296,
        "passband": 2,
        "mag": 18.8655,
        "mag_err": 0.12371900000000001,
        "locus_id": "ZTF20aaxuwuh"
    },
    "19": {
        "mjd": 58980.275949099996,
        "passband": 2,
        "mag": 18.6873,
        "mag_err": 0.0661891,
        "locus_id": "ZTF20aaxuwuh"
    },
    "20": {
        "mjd": 58980.4047685,
        "passband": 1,
        "mag": 18.609,
        "mag_err": 0.0913682,
        "locus_id": "ZTF20aaxuwuh"
    },
    "21": {
        "mjd": 58981.2884954,
        "passband": 2,
        "mag": 18.6672,
        "mag_err": 0.100077,
        "locus_id": "ZTF20aaxuwuh"
    },
    "22": {
        "mjd": 58981.29778940001,
        "passband": 1,
        "mag": 18.6511,
        "mag_err": 0.0841189,
        "locus_id": "ZTF20aaxuwuh"
    },
    "23": {
        "mjd": 58985.28710650001,
        "passband": 2,
        "mag": 18.6014,
        "mag_err": 0.0647512,
        "locus_id": "ZTF20aaxuwuh"
    },
    "24": {
        "mjd": 58985.3086227,
        "passband": 1,
        "mag": 18.6672,
        "mag_err": 0.0691636,
        "locus_id": "ZTF20aaxuwuh"
    }
}