{
    "0": {
        "mjd": 58859.2678125,
        "passband": 2,
        "mag": 18.5942,
        "mag_err": 0.11676900000000001,
        "locus_id": "ZTF20aaetvkh"
    },
    "1": {
        "mjd": 58860.1247222,
        "passband": 1,
        "mag": 18.4933,
        "mag_err": 0.116931,
        "locus_id": "ZTF20aaetvkh"
    },
    "2": {
        "mjd": 58860.2088426,
        "passband": 2,
        "mag": 18.4856,
        "mag_err": 0.142677,
        "locus_id": "ZTF20aaetvkh"
    },
    "3": {
        "mjd": 58860.2115972,
        "passband": 2,
        "mag": 18.5265,
        "mag_err": 0.135642,
        "locus_id": "ZTF20aaetvkh"
    },
    "4": {
        "mjd": 58861.1909028,
        "passband": 2,
        "mag": 18.4514,
        "mag_err": 0.0850454,
        "locus_id": "ZTF20aaetvkh"
    },
    "5": {
        "mjd": 58863.15060190001,
        "passband": 1,
        "mag": 18.2528,
        "mag_err": 0.0634501,
        "locus_id": "ZTF20aaetvkh"
    },
    "6": {
        "mjd": 58867.1994907,
        "passband": 1,
        "mag": 18.2409,
        "mag_err": 0.0674661,
        "locus_id": "ZTF20aaetvkh"
    },
    "7": {
        "mjd": 58867.20179400001,
        "passband": 1,
        "mag": 18.2703,
        "mag_err": 0.059837,
        "locus_id": "ZTF20aaetvkh"
    },
    "8": {
        "mjd": 58867.232338,
        "passband": 2,
        "mag": 18.3429,
        "mag_err": 0.0633456,
        "locus_id": "ZTF20aaetvkh"
    },
    "9": {
        "mjd": 58871.20550930001,
        "passband": 1,
        "mag": 18.4154,
        "mag_err": 0.078657,
        "locus_id": "ZTF20aaetvkh"
    },
    "10": {
        "mjd": 58871.2336111,
        "passband": 2,
        "mag": 18.4665,
        "mag_err": 0.0655992,
        "locus_id": "ZTF20aaetvkh"
    },
    "11": {
        "mjd": 58873.17729169999,
        "passband": 2,
        "mag": 18.4999,
        "mag_err": 0.0564052,
        "locus_id": "ZTF20aaetvkh"
    },
    "12": {
        "mjd": 58874.189178199995,
        "passband": 1,
        "mag": 18.6705,
        "mag_err": 0.0894668,
        "locus_id": "ZTF20aaetvkh"
    },
    "13": {
        "mjd": 58876.14585650001,
        "passband": 1,
        "mag": 18.7935,
        "mag_err": 0.0762219,
        "locus_id": "ZTF20aaetvkh"
    },
    "14": {
        "mjd": 58876.14585650001,
        "passband": 1,
        "mag": 18.7944,
        "mag_err": 0.07751799999999999,
        "locus_id": "ZTF20aaetvkh"
    },
    "15": {
        "mjd": 58877.161955999996,
        "passband": 2,
        "mag": 18.7818,
        "mag_err": 0.0745075,
        "locus_id": "ZTF20aaetvkh"
    },
    "16": {
        "mjd": 58878.16622690001,
        "passband": 2,
        "mag": 18.8008,
        "mag_err": 0.162939,
        "locus_id": "ZTF20aaetvkh"
    },
    "17": {
        "mjd": 58880.1448495,
        "passband": 1,
        "mag": 19.0989,
        "mag_err": 0.10786400000000002,
        "locus_id": "ZTF20aaetvkh"
    },
    "18": {
        "mjd": 58880.18298609999,
        "passband": 2,
        "mag": 18.9118,
        "mag_err": 0.100906,
        "locus_id": "ZTF20aaetvkh"
    },
    "19": {
        "mjd": 58885.1551736,
        "passband": 2,
        "mag": 19.1357,
        "mag_err": 0.24539299999999997,
        "locus_id": "ZTF20aaetvkh"
    },
    "20": {
        "mjd": 58890.14741900001,
        "passband": 2,
        "mag": 19.221,
        "mag_err": 0.149143,
        "locus_id": "ZTF20aaetvkh"
    },
    "21": {
        "mjd": 58896.15745369999,
        "passband": 2,
        "mag": 19.3971,
        "mag_err": 0.106027,
        "locus_id": "ZTF20aaetvkh"
    },
    "22": {
        "mjd": 58899.1435069,
        "passband": 2,
        "mag": 19.6353,
        "mag_err": 0.137032,
        "locus_id": "ZTF20aaetvkh"
    },
    "23": {
        "mjd": 58899.17229169999,
        "passband": 1,
        "mag": 20.7453,
        "mag_err": 0.274569,
        "locus_id": "ZTF20aaetvkh"
    },
    "24": {
        "mjd": 58904.17307869999,
        "passband": 2,
        "mag": 20.0013,
        "mag_err": 0.20754499999999998,
        "locus_id": "ZTF20aaetvkh"
    }
}