{
    "0": {
        "mjd": 58859.344537,
        "passband": 2,
        "mag": 19.0721,
        "mag_err": 0.21089899999999998,
        "locus_id": "ZTF20aaeujsk"
    },
    "1": {
        "mjd": 58864.3164352,
        "passband": 2,
        "mag": 18.4761,
        "mag_err": 0.0720784,
        "locus_id": "ZTF20aaeujsk"
    },
    "2": {
        "mjd": 58872.25039349999,
        "passband": 1,
        "mag": 18.3104,
        "mag_err": 0.08312510000000001,
        "locus_id": "ZTF20aaeujsk"
    },
    "3": {
        "mjd": 58876.230787,
        "passband": 1,
        "mag": 18.4709,
        "mag_err": 0.0751804,
        "locus_id": "ZTF20aaeujsk"
    },
    "4": {
        "mjd": 58876.230787,
        "passband": 1,
        "mag": 18.4739,
        "mag_err": 0.075157,
        "locus_id": "ZTF20aaeujsk"
    },
    "5": {
        "mjd": 58879.209641199996,
        "passband": 1,
        "mag": 18.742,
        "mag_err": 0.169414,
        "locus_id": "ZTF20aaeujsk"
    },
    "6": {
        "mjd": 58885.273726900006,
        "passband": 1,
        "mag": 18.9483,
        "mag_err": 0.340116,
        "locus_id": "ZTF20aaeujsk"
    },
    "7": {
        "mjd": 58888.2515278,
        "passband": 1,
        "mag": 19.224,
        "mag_err": 0.284696,
        "locus_id": "ZTF20aaeujsk"
    },
    "8": {
        "mjd": 58891.2721296,
        "passband": 2,
        "mag": 18.9689,
        "mag_err": 0.145447,
        "locus_id": "ZTF20aaeujsk"
    },
    "9": {
        "mjd": 58894.2385069,
        "passband": 2,
        "mag": 19.0616,
        "mag_err": 0.116877,
        "locus_id": "ZTF20aaeujsk"
    },
    "10": {
        "mjd": 58899.2092824,
        "passband": 1,
        "mag": 20.2343,
        "mag_err": 0.210698,
        "locus_id": "ZTF20aaeujsk"
    },
    "11": {
        "mjd": 58899.2507523,
        "passband": 2,
        "mag": 19.2477,
        "mag_err": 0.106446,
        "locus_id": "ZTF20aaeujsk"
    },
    "12": {
        "mjd": 58905.22704859999,
        "passband": 2,
        "mag": 19.611,
        "mag_err": 0.165623,
        "locus_id": "ZTF20aaeujsk"
    }
}