{
    "0": {
        "mjd": 58850.4869097,
        "passband": 2,
        "mag": 19.1373,
        "mag_err": 0.0881337,
        "locus_id": "ZTF20aabqdbo"
    },
    "1": {
        "mjd": 58850.540659700004,
        "passband": 1,
        "mag": 19.0906,
        "mag_err": 0.0856615,
        "locus_id": "ZTF20aabqdbo"
    },
    "2": {
        "mjd": 58851.472673599994,
        "passband": 2,
        "mag": 18.771,
        "mag_err": 0.0823181,
        "locus_id": "ZTF20aabqdbo"
    },
    "3": {
        "mjd": 58853.505162,
        "passband": 1,
        "mag": 18.4557,
        "mag_err": 0.055948000000000005,
        "locus_id": "ZTF20aabqdbo"
    },
    "4": {
        "mjd": 58853.546226900005,
        "passband": 2,
        "mag": 18.361,
        "mag_err": 0.0546721,
        "locus_id": "ZTF20aabqdbo"
    },
    "5": {
        "mjd": 58856.540787,
        "passband": 1,
        "mag": 18.2161,
        "mag_err": 0.05659550000000001,
        "locus_id": "ZTF20aabqdbo"
    },
    "6": {
        "mjd": 58859.3640394,
        "passband": 2,
        "mag": 17.6977,
        "mag_err": 0.069221,
        "locus_id": "ZTF20aabqdbo"
    },
    "7": {
        "mjd": 58861.4613426,
        "passband": 1,
        "mag": 18.4564,
        "mag_err": 0.104925,
        "locus_id": "ZTF20aabqdbo"
    },
    "8": {
        "mjd": 58861.52436340001,
        "passband": 2,
        "mag": 17.7365,
        "mag_err": 0.062395900000000004,
        "locus_id": "ZTF20aabqdbo"
    },
    "9": {
        "mjd": 58864.4364352,
        "passband": 1,
        "mag": 18.8915,
        "mag_err": 0.0961934,
        "locus_id": "ZTF20aabqdbo"
    },
    "10": {
        "mjd": 58864.4836111,
        "passband": 2,
        "mag": 17.9246,
        "mag_err": 0.0476616,
        "locus_id": "ZTF20aabqdbo"
    },
    "11": {
        "mjd": 58871.458611099995,
        "passband": 1,
        "mag": 19.851,
        "mag_err": 0.168761,
        "locus_id": "ZTF20aabqdbo"
    },
    "12": {
        "mjd": 58871.4827431,
        "passband": 2,
        "mag": 18.517,
        "mag_err": 0.06990700000000001,
        "locus_id": "ZTF20aabqdbo"
    },
    "13": {
        "mjd": 58875.51923609999,
        "passband": 2,
        "mag": 18.9484,
        "mag_err": 0.081136,
        "locus_id": "ZTF20aabqdbo"
    },
    "14": {
        "mjd": 58878.360960599995,
        "passband": 2,
        "mag": 19.13,
        "mag_err": 0.121749,
        "locus_id": "ZTF20aabqdbo"
    },
    "15": {
        "mjd": 58878.51800930001,
        "passband": 1,
        "mag": 20.2876,
        "mag_err": 0.247,
        "locus_id": "ZTF20aabqdbo"
    },
    "16": {
        "mjd": 58881.5372801,
        "passband": 2,
        "mag": 19.3936,
        "mag_err": 0.12115999999999999,
        "locus_id": "ZTF20aabqdbo"
    },
    "17": {
        "mjd": 58884.5135069,
        "passband": 2,
        "mag": 19.5123,
        "mag_err": 0.183497,
        "locus_id": "ZTF20aabqdbo"
    },
    "18": {
        "mjd": 58887.514537,
        "passband": 2,
        "mag": 19.6131,
        "mag_err": 0.178073,
        "locus_id": "ZTF20aabqdbo"
    },
    "19": {
        "mjd": 58891.4963079,
        "passband": 2,
        "mag": 19.7423,
        "mag_err": 0.251823,
        "locus_id": "ZTF20aabqdbo"
    },
    "20": {
        "mjd": 58894.33563659999,
        "passband": 1,
        "mag": 20.8452,
        "mag_err": 0.279614,
        "locus_id": "ZTF20aabqdbo"
    },
    "21": {
        "mjd": 58894.4697222,
        "passband": 2,
        "mag": 20.3081,
        "mag_err": 0.21388200000000002,
        "locus_id": "ZTF20aabqdbo"
    }
}