{
    "0": {
        "mjd": 58900.32636569999,
        "passband": 1,
        "mag": 19.2156,
        "mag_err": 0.12061400000000001,
        "locus_id": "ZTF20aapycrh"
    },
    "1": {
        "mjd": 58903.31783559999,
        "passband": 1,
        "mag": 18.6129,
        "mag_err": 0.08511200000000001,
        "locus_id": "ZTF20aapycrh"
    },
    "2": {
        "mjd": 58903.3251852,
        "passband": 1,
        "mag": 18.5739,
        "mag_err": 0.07410499999999999,
        "locus_id": "ZTF20aapycrh"
    },
    "3": {
        "mjd": 58903.39145830001,
        "passband": 2,
        "mag": 18.7837,
        "mag_err": 0.0803621,
        "locus_id": "ZTF20aapycrh"
    },
    "4": {
        "mjd": 58904.2424421,
        "passband": 2,
        "mag": 18.698,
        "mag_err": 0.08013239999999999,
        "locus_id": "ZTF20aapycrh"
    },
    "5": {
        "mjd": 58904.2775579,
        "passband": 1,
        "mag": 18.5846,
        "mag_err": 0.080679,
        "locus_id": "ZTF20aapycrh"
    },
    "6": {
        "mjd": 58905.2444444,
        "passband": 2,
        "mag": 18.6527,
        "mag_err": 0.0858803,
        "locus_id": "ZTF20aapycrh"
    },
    "7": {
        "mjd": 58905.288125,
        "passband": 1,
        "mag": 18.5421,
        "mag_err": 0.0916935,
        "locus_id": "ZTF20aapycrh"
    },
    "8": {
        "mjd": 58906.23653940001,
        "passband": 2,
        "mag": 18.5834,
        "mag_err": 0.087761,
        "locus_id": "ZTF20aapycrh"
    },
    "9": {
        "mjd": 58906.29511569999,
        "passband": 1,
        "mag": 18.4953,
        "mag_err": 0.089265,
        "locus_id": "ZTF20aapycrh"
    },
    "10": {
        "mjd": 58909.2885301,
        "passband": 1,
        "mag": 18.676,
        "mag_err": 0.155256,
        "locus_id": "ZTF20aapycrh"
    },
    "11": {
        "mjd": 58909.3213426,
        "passband": 2,
        "mag": 18.5513,
        "mag_err": 0.0707783,
        "locus_id": "ZTF20aapycrh"
    },
    "12": {
        "mjd": 58911.226412,
        "passband": 2,
        "mag": 18.4967,
        "mag_err": 0.100024,
        "locus_id": "ZTF20aapycrh"
    },
    "13": {
        "mjd": 58911.386076400006,
        "passband": 1,
        "mag": 18.6117,
        "mag_err": 0.100879,
        "locus_id": "ZTF20aapycrh"
    },
    "14": {
        "mjd": 58912.2571528,
        "passband": 1,
        "mag": 18.5959,
        "mag_err": 0.10575999999999999,
        "locus_id": "ZTF20aapycrh"
    },
    "15": {
        "mjd": 58912.4257292,
        "passband": 2,
        "mag": 18.5446,
        "mag_err": 0.0711605,
        "locus_id": "ZTF20aapycrh"
    },
    "16": {
        "mjd": 58913.2073495,
        "passband": 2,
        "mag": 18.5158,
        "mag_err": 0.07309589999999999,
        "locus_id": "ZTF20aapycrh"
    },
    "17": {
        "mjd": 58913.2455324,
        "passband": 2,
        "mag": 18.55,
        "mag_err": 0.0969533,
        "locus_id": "ZTF20aapycrh"
    },
    "18": {
        "mjd": 58913.3071296,
        "passband": 1,
        "mag": 18.5758,
        "mag_err": 0.077556,
        "locus_id": "ZTF20aapycrh"
    },
    "19": {
        "mjd": 58914.24464119999,
        "passband": 1,
        "mag": 18.6856,
        "mag_err": 0.165294,
        "locus_id": "ZTF20aapycrh"
    },
    "20": {
        "mjd": 58914.3835995,
        "passband": 2,
        "mag": 18.5524,
        "mag_err": 0.0983547,
        "locus_id": "ZTF20aapycrh"
    },
    "21": {
        "mjd": 58915.23888890001,
        "passband": 1,
        "mag": 18.7808,
        "mag_err": 0.14487,
        "locus_id": "ZTF20aapycrh"
    },
    "22": {
        "mjd": 58915.385104199995,
        "passband": 2,
        "mag": 18.5845,
        "mag_err": 0.08706030000000001,
        "locus_id": "ZTF20aapycrh"
    },
    "23": {
        "mjd": 58936.2660069,
        "passband": 1,
        "mag": 19.1235,
        "mag_err": 0.114802,
        "locus_id": "ZTF20aapycrh"
    },
    "24": {
        "mjd": 58939.18708330001,
        "passband": 2,
        "mag": 18.5897,
        "mag_err": 0.0844028,
        "locus_id": "ZTF20aapycrh"
    },
    "25": {
        "mjd": 58939.2108449,
        "passband": 2,
        "mag": 18.5992,
        "mag_err": 0.08624689999999999,
        "locus_id": "ZTF20aapycrh"
    },
    "26": {
        "mjd": 58939.32405090001,
        "passband": 1,
        "mag": 19.0435,
        "mag_err": 0.116145,
        "locus_id": "ZTF20aapycrh"
    },
    "27": {
        "mjd": 58944.3461227,
        "passband": 2,
        "mag": 18.6241,
        "mag_err": 0.145845,
        "locus_id": "ZTF20aapycrh"
    },
    "28": {
        "mjd": 58954.2105903,
        "passband": 2,
        "mag": 18.7039,
        "mag_err": 0.08498939999999999,
        "locus_id": "ZTF20aapycrh"
    },
    "29": {
        "mjd": 58954.283263900004,
        "passband": 1,
        "mag": 19.2248,
        "mag_err": 0.136947,
        "locus_id": "ZTF20aapycrh"
    },
    "30": {
        "mjd": 58962.2254398,
        "passband": 1,
        "mag": 19.2603,
        "mag_err": 0.106876,
        "locus_id": "ZTF20aapycrh"
    },
    "31": {
        "mjd": 58962.263831,
        "passband": 2,
        "mag": 18.721,
        "mag_err": 0.0729915,
        "locus_id": "ZTF20aapycrh"
    },
    "32": {
        "mjd": 58965.2394907,
        "passband": 1,
        "mag": 19.2704,
        "mag_err": 0.115185,
        "locus_id": "ZTF20aapycrh"
    },
    "33": {
        "mjd": 58965.280208300006,
        "passband": 2,
        "mag": 18.7187,
        "mag_err": 0.07550760000000001,
        "locus_id": "ZTF20aapycrh"
    },
    "34": {
        "mjd": 58968.1923032,
        "passband": 2,
        "mag": 18.7595,
        "mag_err": 0.0743322,
        "locus_id": "ZTF20aapycrh"
    },
    "35": {
        "mjd": 58968.23623840001,
        "passband": 1,
        "mag": 19.2444,
        "mag_err": 0.10806800000000001,
        "locus_id": "ZTF20aapycrh"
    },
    "36": {
        "mjd": 58968.2661227,
        "passband": 1,
        "mag": 19.2279,
        "mag_err": 0.138575,
        "locus_id": "ZTF20aapycrh"
    },
    "37": {
        "mjd": 58970.208009300004,
        "passband": 2,
        "mag": 18.6879,
        "mag_err": 0.08289260000000001,
        "locus_id": "ZTF20aapycrh"
    },
    "38": {
        "mjd": 58971.1744097,
        "passband": 2,
        "mag": 18.7629,
        "mag_err": 0.0894582,
        "locus_id": "ZTF20aapycrh"
    },
    "39": {
        "mjd": 58971.182893499994,
        "passband": 2,
        "mag": 18.6718,
        "mag_err": 0.0927889,
        "locus_id": "ZTF20aapycrh"
    },
    "40": {
        "mjd": 58971.261736099994,
        "passband": 1,
        "mag": 19.2716,
        "mag_err": 0.134493,
        "locus_id": "ZTF20aapycrh"
    },
    "41": {
        "mjd": 58974.17498840001,
        "passband": 1,
        "mag": 19.1839,
        "mag_err": 0.13835799999999998,
        "locus_id": "ZTF20aapycrh"
    },
    "42": {
        "mjd": 58974.2342245,
        "passband": 2,
        "mag": 18.8661,
        "mag_err": 0.0991896,
        "locus_id": "ZTF20aapycrh"
    },
    "43": {
        "mjd": 58977.1652431,
        "passband": 1,
        "mag": 19.1178,
        "mag_err": 0.183586,
        "locus_id": "ZTF20aapycrh"
    },
    "44": {
        "mjd": 58980.19572919999,
        "passband": 1,
        "mag": 19.3979,
        "mag_err": 0.10893699999999999,
        "locus_id": "ZTF20aapycrh"
    },
    "45": {
        "mjd": 58980.24629630001,
        "passband": 2,
        "mag": 18.9042,
        "mag_err": 0.07063380000000001,
        "locus_id": "ZTF20aapycrh"
    },
    "46": {
        "mjd": 58985.17467590001,
        "passband": 1,
        "mag": 19.4996,
        "mag_err": 0.170579,
        "locus_id": "ZTF20aapycrh"
    }
}