{
    "0": {
        "mjd": 58898.162708300006,
        "passband": 2,
        "mag": 19.5391,
        "mag_err": 0.1206,
        "locus_id": "ZTF20aaoojli"
    },
    "1": {
        "mjd": 58898.269455999995,
        "passband": 1,
        "mag": 19.4837,
        "mag_err": 0.0969213,
        "locus_id": "ZTF20aaoojli"
    },
    "2": {
        "mjd": 58899.3104977,
        "passband": 2,
        "mag": 19.0689,
        "mag_err": 0.089085,
        "locus_id": "ZTF20aaoojli"
    },
    "3": {
        "mjd": 58900.298981500004,
        "passband": 1,
        "mag": 18.9015,
        "mag_err": 0.0906861,
        "locus_id": "ZTF20aaoojli"
    },
    "4": {
        "mjd": 58903.1816204,
        "passband": 2,
        "mag": 18.3162,
        "mag_err": 0.0622033,
        "locus_id": "ZTF20aaoojli"
    },
    "5": {
        "mjd": 58903.19326390001,
        "passband": 2,
        "mag": 18.2681,
        "mag_err": 0.06195119999999999,
        "locus_id": "ZTF20aaoojli"
    },
    "6": {
        "mjd": 58903.24339119999,
        "passband": 1,
        "mag": 18.2846,
        "mag_err": 0.0771291,
        "locus_id": "ZTF20aaoojli"
    },
    "7": {
        "mjd": 58904.1582523,
        "passband": 1,
        "mag": 18.1278,
        "mag_err": 0.05122430000000001,
        "locus_id": "ZTF20aaoojli"
    },
    "8": {
        "mjd": 58906.1945023,
        "passband": 2,
        "mag": 17.9739,
        "mag_err": 0.05495,
        "locus_id": "ZTF20aaoojli"
    },
    "9": {
        "mjd": 58906.2612731,
        "passband": 1,
        "mag": 17.9434,
        "mag_err": 0.050202,
        "locus_id": "ZTF20aaoojli"
    },
    "10": {
        "mjd": 58909.12057869999,
        "passband": 2,
        "mag": 17.8063,
        "mag_err": 0.09651489999999999,
        "locus_id": "ZTF20aaoojli"
    },
    "11": {
        "mjd": 58909.1615278,
        "passband": 2,
        "mag": 17.9369,
        "mag_err": 0.11537599999999999,
        "locus_id": "ZTF20aaoojli"
    },
    "12": {
        "mjd": 58912.16550930001,
        "passband": 1,
        "mag": 17.7603,
        "mag_err": 0.049210000000000004,
        "locus_id": "ZTF20aaoojli"
    },
    "13": {
        "mjd": 58912.1724653,
        "passband": 2,
        "mag": 17.825,
        "mag_err": 0.0468221,
        "locus_id": "ZTF20aaoojli"
    },
    "14": {
        "mjd": 58915.1950694,
        "passband": 1,
        "mag": 17.9065,
        "mag_err": 0.0690241,
        "locus_id": "ZTF20aaoojli"
    },
    "15": {
        "mjd": 58915.3620718,
        "passband": 2,
        "mag": 17.8117,
        "mag_err": 0.07607330000000001,
        "locus_id": "ZTF20aaoojli"
    },
    "16": {
        "mjd": 58917.22780090001,
        "passband": 1,
        "mag": 18.0222,
        "mag_err": 0.138719,
        "locus_id": "ZTF20aaoojli"
    },
    "17": {
        "mjd": 58938.172754600004,
        "passband": 2,
        "mag": 18.8295,
        "mag_err": 0.0763631,
        "locus_id": "ZTF20aaoojli"
    },
    "18": {
        "mjd": 58944.1523727,
        "passband": 2,
        "mag": 19.2834,
        "mag_err": 0.161358,
        "locus_id": "ZTF20aaoojli"
    },
    "19": {
        "mjd": 58955.2000347,
        "passband": 2,
        "mag": 19.768,
        "mag_err": 0.158051,
        "locus_id": "ZTF20aaoojli"
    }
}