{
    "0": {
        "mjd": 58968.4406481,
        "passband": 1,
        "mag": 20.4154,
        "mag_err": 0.24755500000000003,
        "locus_id": "ZTF20aaxmtxg"
    },
    "1": {
        "mjd": 58970.398449099994,
        "passband": 2,
        "mag": 20.0056,
        "mag_err": 0.180871,
        "locus_id": "ZTF20aaxmtxg"
    },
    "2": {
        "mjd": 58970.4478704,
        "passband": 1,
        "mag": 19.8534,
        "mag_err": 0.144073,
        "locus_id": "ZTF20aaxmtxg"
    },
    "3": {
        "mjd": 58971.4159954,
        "passband": 2,
        "mag": 19.6906,
        "mag_err": 0.149977,
        "locus_id": "ZTF20aaxmtxg"
    },
    "4": {
        "mjd": 58971.421585599994,
        "passband": 1,
        "mag": 19.5723,
        "mag_err": 0.138506,
        "locus_id": "ZTF20aaxmtxg"
    },
    "5": {
        "mjd": 58972.44875,
        "passband": 1,
        "mag": 19.495,
        "mag_err": 0.120375,
        "locus_id": "ZTF20aaxmtxg"
    },
    "6": {
        "mjd": 58973.35207180001,
        "passband": 2,
        "mag": 19.4606,
        "mag_err": 0.16858499999999998,
        "locus_id": "ZTF20aaxmtxg"
    },
    "7": {
        "mjd": 58974.278321800004,
        "passband": 2,
        "mag": 19.4294,
        "mag_err": 0.149598,
        "locus_id": "ZTF20aaxmtxg"
    },
    "8": {
        "mjd": 58974.319838,
        "passband": 2,
        "mag": 19.407,
        "mag_err": 0.166406,
        "locus_id": "ZTF20aaxmtxg"
    },
    "9": {
        "mjd": 58974.46135419999,
        "passband": 1,
        "mag": 18.9916,
        "mag_err": 0.107904,
        "locus_id": "ZTF20aaxmtxg"
    },
    "10": {
        "mjd": 58975.29736109999,
        "passband": 1,
        "mag": 19.1507,
        "mag_err": 0.14863099999999999,
        "locus_id": "ZTF20aaxmtxg"
    },
    "11": {
        "mjd": 58975.31219909999,
        "passband": 1,
        "mag": 19.1193,
        "mag_err": 0.15686,
        "locus_id": "ZTF20aaxmtxg"
    },
    "12": {
        "mjd": 58975.3855324,
        "passband": 2,
        "mag": 19.2572,
        "mag_err": 0.16351500000000002,
        "locus_id": "ZTF20aaxmtxg"
    },
    "13": {
        "mjd": 58976.3033449,
        "passband": 2,
        "mag": 19.2508,
        "mag_err": 0.24379499999999998,
        "locus_id": "ZTF20aaxmtxg"
    },
    "14": {
        "mjd": 58976.3185995,
        "passband": 2,
        "mag": 19.0221,
        "mag_err": 0.182331,
        "locus_id": "ZTF20aaxmtxg"
    },
    "15": {
        "mjd": 58976.4762847,
        "passband": 1,
        "mag": 19.1274,
        "mag_err": 0.192906,
        "locus_id": "ZTF20aaxmtxg"
    },
    "16": {
        "mjd": 58977.402419000005,
        "passband": 2,
        "mag": 18.6435,
        "mag_err": 0.17660399999999998,
        "locus_id": "ZTF20aaxmtxg"
    },
    "17": {
        "mjd": 58978.28267359999,
        "passband": 2,
        "mag": 18.9946,
        "mag_err": 0.11598900000000001,
        "locus_id": "ZTF20aaxmtxg"
    },
    "18": {
        "mjd": 58978.383449099994,
        "passband": 1,
        "mag": 18.7755,
        "mag_err": 0.12234600000000001,
        "locus_id": "ZTF20aaxmtxg"
    },
    "19": {
        "mjd": 58979.261875,
        "passband": 1,
        "mag": 18.729,
        "mag_err": 0.0999831,
        "locus_id": "ZTF20aaxmtxg"
    },
    "20": {
        "mjd": 58979.3196296,
        "passband": 2,
        "mag": 18.9791,
        "mag_err": 0.11261099999999999,
        "locus_id": "ZTF20aaxmtxg"
    },
    "21": {
        "mjd": 58980.275949099996,
        "passband": 2,
        "mag": 18.8319,
        "mag_err": 0.0855804,
        "locus_id": "ZTF20aaxmtxg"
    },
    "22": {
        "mjd": 58980.4047685,
        "passband": 1,
        "mag": 18.7588,
        "mag_err": 0.09357280000000001,
        "locus_id": "ZTF20aaxmtxg"
    },
    "23": {
        "mjd": 58981.2884954,
        "passband": 2,
        "mag": 18.8576,
        "mag_err": 0.0963337,
        "locus_id": "ZTF20aaxmtxg"
    },
    "24": {
        "mjd": 58981.29778940001,
        "passband": 1,
        "mag": 18.7712,
        "mag_err": 0.0907375,
        "locus_id": "ZTF20aaxmtxg"
    },
    "25": {
        "mjd": 58985.28710650001,
        "passband": 2,
        "mag": 18.9505,
        "mag_err": 0.0879101,
        "locus_id": "ZTF20aaxmtxg"
    },
    "26": {
        "mjd": 58985.3086227,
        "passband": 1,
        "mag": 18.805999999999997,
        "mag_err": 0.07533139999999999,
        "locus_id": "ZTF20aaxmtxg"
    }
}