{
    "0": {
        "mjd": 58898.276643499994,
        "passband": 1,
        "mag": 20.965,
        "mag_err": 0.31601399999999996,
        "locus_id": "ZTF20aaqgmji"
    },
    "1": {
        "mjd": 58898.33767359999,
        "passband": 2,
        "mag": 20.9974,
        "mag_err": 0.307127,
        "locus_id": "ZTF20aaqgmji"
    },
    "2": {
        "mjd": 58899.2968403,
        "passband": 2,
        "mag": 20.5056,
        "mag_err": 0.29147399999999996,
        "locus_id": "ZTF20aaqgmji"
    },
    "3": {
        "mjd": 58900.25729169999,
        "passband": 2,
        "mag": 20.3031,
        "mag_err": 0.237367,
        "locus_id": "ZTF20aaqgmji"
    },
    "4": {
        "mjd": 58903.27570599999,
        "passband": 1,
        "mag": 19.6876,
        "mag_err": 0.132434,
        "locus_id": "ZTF20aaqgmji"
    },
    "5": {
        "mjd": 58903.393830999994,
        "passband": 2,
        "mag": 19.9072,
        "mag_err": 0.154905,
        "locus_id": "ZTF20aaqgmji"
    },
    "6": {
        "mjd": 58904.257338,
        "passband": 1,
        "mag": 19.5765,
        "mag_err": 0.131275,
        "locus_id": "ZTF20aaqgmji"
    },
    "7": {
        "mjd": 58904.2892014,
        "passband": 1,
        "mag": 19.5961,
        "mag_err": 0.142648,
        "locus_id": "ZTF20aaqgmji"
    },
    "8": {
        "mjd": 58905.2336574,
        "passband": 2,
        "mag": 19.6034,
        "mag_err": 0.192924,
        "locus_id": "ZTF20aaqgmji"
    },
    "9": {
        "mjd": 58906.23377309999,
        "passband": 2,
        "mag": 19.5252,
        "mag_err": 0.15898900000000002,
        "locus_id": "ZTF20aaqgmji"
    },
    "10": {
        "mjd": 58906.288009300006,
        "passband": 1,
        "mag": 19.3466,
        "mag_err": 0.149612,
        "locus_id": "ZTF20aaqgmji"
    },
    "11": {
        "mjd": 58909.2778472,
        "passband": 1,
        "mag": 19.2362,
        "mag_err": 0.162966,
        "locus_id": "ZTF20aaqgmji"
    },
    "12": {
        "mjd": 58909.3166204,
        "passband": 2,
        "mag": 19.3787,
        "mag_err": 0.107518,
        "locus_id": "ZTF20aaqgmji"
    },
    "13": {
        "mjd": 58911.248125,
        "passband": 2,
        "mag": 19.3538,
        "mag_err": 0.186357,
        "locus_id": "ZTF20aaqgmji"
    },
    "14": {
        "mjd": 58911.3827778,
        "passband": 1,
        "mag": 19.1064,
        "mag_err": 0.16006900000000002,
        "locus_id": "ZTF20aaqgmji"
    },
    "15": {
        "mjd": 58912.25532409999,
        "passband": 1,
        "mag": 19.093,
        "mag_err": 0.125121,
        "locus_id": "ZTF20aaqgmji"
    },
    "16": {
        "mjd": 58912.4027778,
        "passband": 2,
        "mag": 19.2592,
        "mag_err": 0.11081300000000001,
        "locus_id": "ZTF20aaqgmji"
    },
    "17": {
        "mjd": 58913.22894680001,
        "passband": 2,
        "mag": 19.2888,
        "mag_err": 0.152841,
        "locus_id": "ZTF20aaqgmji"
    },
    "18": {
        "mjd": 58913.2337847,
        "passband": 2,
        "mag": 19.305999999999997,
        "mag_err": 0.133602,
        "locus_id": "ZTF20aaqgmji"
    },
    "19": {
        "mjd": 58914.3396644,
        "passband": 2,
        "mag": 19.3287,
        "mag_err": 0.152695,
        "locus_id": "ZTF20aaqgmji"
    },
    "20": {
        "mjd": 58915.2502199,
        "passband": 1,
        "mag": 19.3195,
        "mag_err": 0.23348899999999997,
        "locus_id": "ZTF20aaqgmji"
    },
    "21": {
        "mjd": 58915.380520800005,
        "passband": 2,
        "mag": 19.3294,
        "mag_err": 0.161324,
        "locus_id": "ZTF20aaqgmji"
    }
}