{
    "0": {
        "mjd": 58875.1229051,
        "passband": 2,
        "mag": 18.3834,
        "mag_err": 0.0837978,
        "locus_id": "ZTF20aaivjce"
    },
    "1": {
        "mjd": 58878.143148099996,
        "passband": 2,
        "mag": 18.021,
        "mag_err": 0.09231460000000001,
        "locus_id": "ZTF20aaivjce"
    },
    "2": {
        "mjd": 58878.19379630001,
        "passband": 1,
        "mag": 18.2353,
        "mag_err": 0.111844,
        "locus_id": "ZTF20aaivjce"
    },
    "3": {
        "mjd": 58884.1499306,
        "passband": 2,
        "mag": 17.8628,
        "mag_err": 0.0988035,
        "locus_id": "ZTF20aaivjce"
    },
    "4": {
        "mjd": 58887.0989699,
        "passband": 2,
        "mag": 17.9434,
        "mag_err": 0.06808489999999999,
        "locus_id": "ZTF20aaivjce"
    },
    "5": {
        "mjd": 58887.106770800005,
        "passband": 2,
        "mag": 18.0762,
        "mag_err": 0.0593722,
        "locus_id": "ZTF20aaivjce"
    },
    "6": {
        "mjd": 58887.1702546,
        "passband": 1,
        "mag": 18.6951,
        "mag_err": 0.11256500000000001,
        "locus_id": "ZTF20aaivjce"
    },
    "7": {
        "mjd": 58893.16283559999,
        "passband": 1,
        "mag": 19.8947,
        "mag_err": 0.261338,
        "locus_id": "ZTF20aaivjce"
    },
    "8": {
        "mjd": 58896.12241900001,
        "passband": 2,
        "mag": 18.5967,
        "mag_err": 0.10401700000000001,
        "locus_id": "ZTF20aaivjce"
    }
}