{
    "0": {
        "mjd": 58887.5480903,
        "passband": 2,
        "mag": 19.4188,
        "mag_err": 0.22139499999999998,
        "locus_id": "ZTF20aammhli"
    },
    "1": {
        "mjd": 58888.4973495,
        "passband": 2,
        "mag": 18.8358,
        "mag_err": 0.202396,
        "locus_id": "ZTF20aammhli"
    },
    "2": {
        "mjd": 58890.4890625,
        "passband": 2,
        "mag": 18.3818,
        "mag_err": 0.20534000000000002,
        "locus_id": "ZTF20aammhli"
    },
    "3": {
        "mjd": 58890.55192130001,
        "passband": 1,
        "mag": 18.6508,
        "mag_err": 0.184106,
        "locus_id": "ZTF20aammhli"
    },
    "4": {
        "mjd": 58891.47061340001,
        "passband": 1,
        "mag": 18.4384,
        "mag_err": 0.0906534,
        "locus_id": "ZTF20aammhli"
    },
    "5": {
        "mjd": 58892.5134954,
        "passband": 2,
        "mag": 17.8809,
        "mag_err": 0.0574614,
        "locus_id": "ZTF20aammhli"
    },
    "6": {
        "mjd": 58892.55304400001,
        "passband": 1,
        "mag": 18.2096,
        "mag_err": 0.0683053,
        "locus_id": "ZTF20aammhli"
    },
    "7": {
        "mjd": 58893.486261599995,
        "passband": 1,
        "mag": 17.9916,
        "mag_err": 0.06858099999999999,
        "locus_id": "ZTF20aammhli"
    },
    "8": {
        "mjd": 58893.5481944,
        "passband": 2,
        "mag": 17.6928,
        "mag_err": 0.050223500000000004,
        "locus_id": "ZTF20aammhli"
    },
    "9": {
        "mjd": 58894.53857640001,
        "passband": 2,
        "mag": 17.5385,
        "mag_err": 0.0493926,
        "locus_id": "ZTF20aammhli"
    },
    "10": {
        "mjd": 58894.5537153,
        "passband": 1,
        "mag": 17.8285,
        "mag_err": 0.07827769999999999,
        "locus_id": "ZTF20aammhli"
    },
    "11": {
        "mjd": 58895.515289400006,
        "passband": 2,
        "mag": 17.4109,
        "mag_err": 0.0420664,
        "locus_id": "ZTF20aammhli"
    },
    "12": {
        "mjd": 58895.53104169999,
        "passband": 1,
        "mag": 17.711,
        "mag_err": 0.053021500000000006,
        "locus_id": "ZTF20aammhli"
    },
    "13": {
        "mjd": 58898.526481500005,
        "passband": 2,
        "mag": 17.1934,
        "mag_err": 0.0465212,
        "locus_id": "ZTF20aammhli"
    },
    "14": {
        "mjd": 58898.556088,
        "passband": 1,
        "mag": 17.4823,
        "mag_err": 0.044568,
        "locus_id": "ZTF20aammhli"
    },
    "15": {
        "mjd": 58899.5136227,
        "passband": 2,
        "mag": 17.1745,
        "mag_err": 0.043986000000000004,
        "locus_id": "ZTF20aammhli"
    },
    "16": {
        "mjd": 58899.54092590001,
        "passband": 1,
        "mag": 17.4611,
        "mag_err": 0.047921,
        "locus_id": "ZTF20aammhli"
    },
    "17": {
        "mjd": 58900.48776619999,
        "passband": 2,
        "mag": 17.2488,
        "mag_err": 0.052019100000000006,
        "locus_id": "ZTF20aammhli"
    },
    "18": {
        "mjd": 58900.538773099994,
        "passband": 1,
        "mag": 17.4979,
        "mag_err": 0.0707027,
        "locus_id": "ZTF20aammhli"
    },
    "19": {
        "mjd": 58903.5126157,
        "passband": 2,
        "mag": 17.1571,
        "mag_err": 0.0426787,
        "locus_id": "ZTF20aammhli"
    },
    "20": {
        "mjd": 58903.52938659999,
        "passband": 1,
        "mag": 17.6182,
        "mag_err": 0.0471191,
        "locus_id": "ZTF20aammhli"
    },
    "21": {
        "mjd": 58905.5288426,
        "passband": 1,
        "mag": 17.8675,
        "mag_err": 0.097612,
        "locus_id": "ZTF20aammhli"
    },
    "22": {
        "mjd": 58906.5136921,
        "passband": 2,
        "mag": 17.3558,
        "mag_err": 0.063326,
        "locus_id": "ZTF20aammhli"
    },
    "23": {
        "mjd": 58906.5275579,
        "passband": 1,
        "mag": 17.8683,
        "mag_err": 0.09982,
        "locus_id": "ZTF20aammhli"
    },
    "24": {
        "mjd": 58908.5082523,
        "passband": 2,
        "mag": 17.4702,
        "mag_err": 0.049677,
        "locus_id": "ZTF20aammhli"
    },
    "25": {
        "mjd": 58908.5082523,
        "passband": 2,
        "mag": 17.4702,
        "mag_err": 0.049677,
        "locus_id": "ZTF20aammhli"
    },
    "26": {
        "mjd": 58908.551736099995,
        "passband": 1,
        "mag": 18.1697,
        "mag_err": 0.068297,
        "locus_id": "ZTF20aammhli"
    },
    "27": {
        "mjd": 58908.551736099995,
        "passband": 1,
        "mag": 18.1697,
        "mag_err": 0.068297,
        "locus_id": "ZTF20aammhli"
    },
    "28": {
        "mjd": 58911.508368099996,
        "passband": 2,
        "mag": 17.6517,
        "mag_err": 0.056376199999999994,
        "locus_id": "ZTF20aammhli"
    },
    "29": {
        "mjd": 58911.5322801,
        "passband": 1,
        "mag": 18.5672,
        "mag_err": 0.06935380000000001,
        "locus_id": "ZTF20aammhli"
    },
    "30": {
        "mjd": 58912.4930787,
        "passband": 2,
        "mag": 17.6561,
        "mag_err": 0.05286180000000001,
        "locus_id": "ZTF20aammhli"
    },
    "31": {
        "mjd": 58912.533148099996,
        "passband": 1,
        "mag": 18.7068,
        "mag_err": 0.0719865,
        "locus_id": "ZTF20aammhli"
    },
    "32": {
        "mjd": 58913.4945602,
        "passband": 2,
        "mag": 17.6957,
        "mag_err": 0.053772,
        "locus_id": "ZTF20aammhli"
    },
    "33": {
        "mjd": 58913.5317014,
        "passband": 1,
        "mag": 18.9083,
        "mag_err": 0.102879,
        "locus_id": "ZTF20aammhli"
    },
    "34": {
        "mjd": 58914.444537,
        "passband": 1,
        "mag": 18.9349,
        "mag_err": 0.13384200000000002,
        "locus_id": "ZTF20aammhli"
    },
    "35": {
        "mjd": 58914.52560190001,
        "passband": 2,
        "mag": 17.7413,
        "mag_err": 0.05878,
        "locus_id": "ZTF20aammhli"
    },
    "36": {
        "mjd": 58915.5285532,
        "passband": 2,
        "mag": 17.7853,
        "mag_err": 0.05781649999999999,
        "locus_id": "ZTF20aammhli"
    },
    "37": {
        "mjd": 58936.486053199995,
        "passband": 1,
        "mag": 20.275,
        "mag_err": 0.19372799999999998,
        "locus_id": "ZTF20aammhli"
    },
    "38": {
        "mjd": 58936.5187616,
        "passband": 2,
        "mag": 19.0879,
        "mag_err": 0.109323,
        "locus_id": "ZTF20aammhli"
    },
    "39": {
        "mjd": 58940.513298599995,
        "passband": 2,
        "mag": 19.2449,
        "mag_err": 0.12887200000000001,
        "locus_id": "ZTF20aammhli"
    },
    "40": {
        "mjd": 58941.436620399996,
        "passband": 2,
        "mag": 19.3881,
        "mag_err": 0.14802300000000002,
        "locus_id": "ZTF20aammhli"
    },
    "41": {
        "mjd": 58941.49270830001,
        "passband": 1,
        "mag": 20.5272,
        "mag_err": 0.27641,
        "locus_id": "ZTF20aammhli"
    },
    "42": {
        "mjd": 58943.4552546,
        "passband": 1,
        "mag": 20.3068,
        "mag_err": 0.271859,
        "locus_id": "ZTF20aammhli"
    },
    "43": {
        "mjd": 58943.4731944,
        "passband": 2,
        "mag": 19.3436,
        "mag_err": 0.110823,
        "locus_id": "ZTF20aammhli"
    },
    "44": {
        "mjd": 58944.4671296,
        "passband": 1,
        "mag": 19.977,
        "mag_err": 0.236051,
        "locus_id": "ZTF20aammhli"
    },
    "45": {
        "mjd": 58944.5111343,
        "passband": 2,
        "mag": 19.4577,
        "mag_err": 0.139442,
        "locus_id": "ZTF20aammhli"
    },
    "46": {
        "mjd": 58953.4298727,
        "passband": 1,
        "mag": 20.3983,
        "mag_err": 0.255923,
        "locus_id": "ZTF20aammhli"
    },
    "47": {
        "mjd": 58954.49177080001,
        "passband": 2,
        "mag": 19.8839,
        "mag_err": 0.15615199999999999,
        "locus_id": "ZTF20aammhli"
    },