{
    "0": {
        "mjd": 58871.2159375,
        "passband": 1,
        "mag": 19.5045,
        "mag_err": 0.119032,
        "locus_id": "ZTF20aahaxjl"
    },
    "1": {
        "mjd": 58871.24300930001,
        "passband": 2,
        "mag": 19.4782,
        "mag_err": 0.12654300000000002,
        "locus_id": "ZTF20aahaxjl"
    },
    "2": {
        "mjd": 58873.2236227,
        "passband": 2,
        "mag": 18.9007,
        "mag_err": 0.0840386,
        "locus_id": "ZTF20aahaxjl"
    },
    "3": {
        "mjd": 58874.2338773,
        "passband": 2,
        "mag": 18.6779,
        "mag_err": 0.10389100000000001,
        "locus_id": "ZTF20aahaxjl"
    },
    "4": {
        "mjd": 58874.27104169999,
        "passband": 2,
        "mag": 18.8237,
        "mag_err": 0.085422,
        "locus_id": "ZTF20aahaxjl"
    },
    "5": {
        "mjd": 58874.357175900004,
        "passband": 1,
        "mag": 18.8052,
        "mag_err": 0.085841,
        "locus_id": "ZTF20aahaxjl"
    },
    "6": {
        "mjd": 58875.24857640001,
        "passband": 2,
        "mag": 18.6806,
        "mag_err": 0.094356,
        "locus_id": "ZTF20aahaxjl"
    },
    "7": {
        "mjd": 58877.231145800004,
        "passband": 1,
        "mag": 18.493,
        "mag_err": 0.079478,
        "locus_id": "ZTF20aahaxjl"
    },
    "8": {
        "mjd": 58877.270266199994,
        "passband": 2,
        "mag": 18.3656,
        "mag_err": 0.0735864,
        "locus_id": "ZTF20aahaxjl"
    },
    "9": {
        "mjd": 58879.20673609999,
        "passband": 1,
        "mag": 18.3795,
        "mag_err": 0.074015,
        "locus_id": "ZTF20aahaxjl"
    },
    "10": {
        "mjd": 58879.2853819,
        "passband": 2,
        "mag": 18.2465,
        "mag_err": 0.0953977,
        "locus_id": "ZTF20aahaxjl"
    },
    "11": {
        "mjd": 58880.21125,
        "passband": 2,
        "mag": 18.3045,
        "mag_err": 0.0663045,
        "locus_id": "ZTF20aahaxjl"
    },
    "12": {
        "mjd": 58880.23579859999,
        "passband": 1,
        "mag": 18.4895,
        "mag_err": 0.0770025,
        "locus_id": "ZTF20aahaxjl"
    },
    "13": {
        "mjd": 58881.267951400005,
        "passband": 2,
        "mag": 18.2211,
        "mag_err": 0.05639059999999999,
        "locus_id": "ZTF20aahaxjl"
    },
    "14": {
        "mjd": 58882.161134300004,
        "passband": 2,
        "mag": 18.2506,
        "mag_err": 0.07589760000000001,
        "locus_id": "ZTF20aahaxjl"
    },
    "15": {
        "mjd": 58883.2249306,
        "passband": 2,
        "mag": 18.3028,
        "mag_err": 0.0950825,
        "locus_id": "ZTF20aahaxjl"
    },
    "16": {
        "mjd": 58883.23192130001,
        "passband": 2,
        "mag": 18.2581,
        "mag_err": 0.103867,
        "locus_id": "ZTF20aahaxjl"
    },
    "17": {
        "mjd": 58884.20291669999,
        "passband": 2,
        "mag": 18.2965,
        "mag_err": 0.0935091,
        "locus_id": "ZTF20aahaxjl"
    },
    "18": {
        "mjd": 58891.13783559999,
        "passband": 2,
        "mag": 18.8378,
        "mag_err": 0.09562960000000001,
        "locus_id": "ZTF20aahaxjl"
    },
    "19": {
        "mjd": 58891.194675900006,
        "passband": 1,
        "mag": 20.0175,
        "mag_err": 0.218311,
        "locus_id": "ZTF20aahaxjl"
    },
    "20": {
        "mjd": 58891.2455903,
        "passband": 1,
        "mag": 19.8853,
        "mag_err": 0.185193,
        "locus_id": "ZTF20aahaxjl"
    },
    "21": {
        "mjd": 58891.264756900004,
        "passband": 2,
        "mag": 18.7447,
        "mag_err": 0.0853384,
        "locus_id": "ZTF20aahaxjl"
    },
    "22": {
        "mjd": 58892.287453699995,
        "passband": 2,
        "mag": 18.7362,
        "mag_err": 0.108029,
        "locus_id": "ZTF20aahaxjl"
    },
    "23": {
        "mjd": 58894.206088,
        "passband": 1,
        "mag": 20.254,
        "mag_err": 0.203302,
        "locus_id": "ZTF20aahaxjl"
    },
    "24": {
        "mjd": 58894.22873840001,
        "passband": 2,
        "mag": 18.9968,
        "mag_err": 0.115177,
        "locus_id": "ZTF20aahaxjl"
    },
    "25": {
        "mjd": 58894.2408796,
        "passband": 2,
        "mag": 19.0097,
        "mag_err": 0.09578450000000001,
        "locus_id": "ZTF20aahaxjl"
    }
}