{
    "0": {
        "mjd": 58851.124120399996,
        "passband": 1,
        "mag": 19.0714,
        "mag_err": 0.30864899999999995,
        "locus_id": "ZTF20aaeabyu"
    },
    "1": {
        "mjd": 58854.122037,
        "passband": 2,
        "mag": 18.8988,
        "mag_err": 0.13881,
        "locus_id": "ZTF20aaeabyu"
    },
    "2": {
        "mjd": 58860.1317361,
        "passband": 2,
        "mag": 18.9735,
        "mag_err": 0.108849,
        "locus_id": "ZTF20aaeabyu"
    },
    "3": {
        "mjd": 58863.0937963,
        "passband": 2,
        "mag": 18.8733,
        "mag_err": 0.11434200000000001,
        "locus_id": "ZTF20aaeabyu"
    },
    "4": {
        "mjd": 58863.11995369999,
        "passband": 1,
        "mag": 19.2676,
        "mag_err": 0.136717,
        "locus_id": "ZTF20aaeabyu"
    },
    "5": {
        "mjd": 58873.0935301,
        "passband": 2,
        "mag": 19.0837,
        "mag_err": 0.148931,
        "locus_id": "ZTF20aaeabyu"
    }
}