{
    "0": {
        "mjd": 58891.294537,
        "passband": 2,
        "mag": 18.5382,
        "mag_err": 0.11015699999999999,
        "locus_id": "ZTF20aamsjws"
    },
    "1": {
        "mjd": 58891.423148099995,
        "passband": 1,
        "mag": 18.8628,
        "mag_err": 0.168425,
        "locus_id": "ZTF20aamsjws"
    },
    "2": {
        "mjd": 58894.2890278,
        "passband": 2,
        "mag": 17.9943,
        "mag_err": 0.043748800000000004,
        "locus_id": "ZTF20aamsjws"
    },
    "3": {
        "mjd": 58894.31054400001,
        "passband": 1,
        "mag": 18.3483,
        "mag_err": 0.0640024,
        "locus_id": "ZTF20aamsjws"
    },
    "4": {
        "mjd": 58898.2887963,
        "passband": 1,
        "mag": 17.9409,
        "mag_err": 0.07054099999999999,
        "locus_id": "ZTF20aamsjws"
    },
    "5": {
        "mjd": 58898.3372222,
        "passband": 2,
        "mag": 17.6501,
        "mag_err": 0.055413,
        "locus_id": "ZTF20aamsjws"
    },
    "6": {
        "mjd": 58899.2986574,
        "passband": 2,
        "mag": 17.6147,
        "mag_err": 0.042513,
        "locus_id": "ZTF20aamsjws"
    },
    "7": {
        "mjd": 58899.31791669999,
        "passband": 2,
        "mag": 17.5695,
        "mag_err": 0.03333,
        "locus_id": "ZTF20aamsjws"
    },
    "8": {
        "mjd": 58899.3817824,
        "passband": 1,
        "mag": 17.9274,
        "mag_err": 0.053805,
        "locus_id": "ZTF20aamsjws"
    },
    "9": {
        "mjd": 58900.2563773,
        "passband": 2,
        "mag": 17.5077,
        "mag_err": 0.041264999999999996,
        "locus_id": "ZTF20aamsjws"
    },
    "10": {
        "mjd": 58900.33192130001,
        "passband": 1,
        "mag": 17.8743,
        "mag_err": 0.062322,
        "locus_id": "ZTF20aamsjws"
    },
    "11": {
        "mjd": 58901.3744676,
        "passband": 2,
        "mag": 17.4789,
        "mag_err": 0.042221499999999995,
        "locus_id": "ZTF20aamsjws"
    },
    "12": {
        "mjd": 58903.2965625,
        "passband": 1,
        "mag": 17.8715,
        "mag_err": 0.079728,
        "locus_id": "ZTF20aamsjws"
    },
    "13": {
        "mjd": 58903.395196800004,
        "passband": 2,
        "mag": 17.4699,
        "mag_err": 0.040825400000000005,
        "locus_id": "ZTF20aamsjws"
    },
    "14": {
        "mjd": 58904.2337963,
        "passband": 2,
        "mag": 17.4381,
        "mag_err": 0.038657,
        "locus_id": "ZTF20aamsjws"
    },
    "15": {
        "mjd": 58904.274791699994,
        "passband": 1,
        "mag": 17.875,
        "mag_err": 0.056746000000000005,
        "locus_id": "ZTF20aamsjws"
    },
    "16": {
        "mjd": 58905.2331944,
        "passband": 2,
        "mag": 17.4586,
        "mag_err": 0.053719100000000006,
        "locus_id": "ZTF20aamsjws"
    },
    "17": {
        "mjd": 58905.2733449,
        "passband": 1,
        "mag": 17.8621,
        "mag_err": 0.0675477,
        "locus_id": "ZTF20aamsjws"
    },
    "18": {
        "mjd": 58906.2319329,
        "passband": 2,
        "mag": 17.4486,
        "mag_err": 0.047671,
        "locus_id": "ZTF20aamsjws"
    },
    "19": {
        "mjd": 58906.2898495,
        "passband": 1,
        "mag": 17.8608,
        "mag_err": 0.05691,
        "locus_id": "ZTF20aamsjws"
    },
    "20": {
        "mjd": 58909.254548599994,
        "passband": 1,
        "mag": 17.9805,
        "mag_err": 0.092199,
        "locus_id": "ZTF20aamsjws"
    },
    "21": {
        "mjd": 58909.316169000005,
        "passband": 2,
        "mag": 17.5816,
        "mag_err": 0.0402801,
        "locus_id": "ZTF20aamsjws"
    },
    "22": {
        "mjd": 58911.38232640001,
        "passband": 1,
        "mag": 18.1052,
        "mag_err": 0.0760442,
        "locus_id": "ZTF20aamsjws"
    },
    "23": {
        "mjd": 58912.2548727,
        "passband": 1,
        "mag": 18.2153,
        "mag_err": 0.0827235,
        "locus_id": "ZTF20aamsjws"
    },
    "24": {
        "mjd": 58912.4153125,
        "passband": 2,
        "mag": 17.7527,
        "mag_err": 0.0479224,
        "locus_id": "ZTF20aamsjws"
    },
    "25": {
        "mjd": 58913.212523099995,
        "passband": 2,
        "mag": 17.8474,
        "mag_err": 0.059255499999999996,
        "locus_id": "ZTF20aamsjws"
    },
    "26": {
        "mjd": 58913.27601849999,
        "passband": 1,
        "mag": 18.2434,
        "mag_err": 0.0782188,
        "locus_id": "ZTF20aamsjws"
    },
    "27": {
        "mjd": 58915.23427080001,
        "passband": 1,
        "mag": 18.3658,
        "mag_err": 0.10378599999999999,
        "locus_id": "ZTF20aamsjws"
    },
    "28": {
        "mjd": 58915.371713,
        "passband": 2,
        "mag": 17.9936,
        "mag_err": 0.0722697,
        "locus_id": "ZTF20aamsjws"
    },
    "29": {
        "mjd": 58936.2526505,
        "passband": 1,
        "mag": 20.0088,
        "mag_err": 0.190268,
        "locus_id": "ZTF20aamsjws"
    },
    "30": {
        "mjd": 58939.2039815,
        "passband": 2,
        "mag": 18.7137,
        "mag_err": 0.09044830000000001,
        "locus_id": "ZTF20aamsjws"
    },
    "31": {
        "mjd": 58939.223518499995,
        "passband": 2,
        "mag": 18.7266,
        "mag_err": 0.101134,
        "locus_id": "ZTF20aamsjws"
    },
    "32": {
        "mjd": 58939.2940625,
        "passband": 1,
        "mag": 20.2689,
        "mag_err": 0.278959,
        "locus_id": "ZTF20aamsjws"
    },
    "33": {
        "mjd": 58954.23407409999,
        "passband": 2,
        "mag": 19.3547,
        "mag_err": 0.095981,
        "locus_id": "ZTF20aamsjws"
    },
    "34": {
        "mjd": 58962.168044000005,
        "passband": 2,
        "mag": 19.5,
        "mag_err": 0.129883,
        "locus_id": "ZTF20aamsjws"
    },
    "35": {
        "mjd": 58965.17144680001,
        "passband": 2,
        "mag": 19.7317,
        "mag_err": 0.127314,
        "locus_id": "ZTF20aamsjws"
    }
}