{
    "0": {
        "mjd": 58898.27435190001,
        "passband": 1,
        "mag": 20.0674,
        "mag_err": 0.179117,
        "locus_id": "ZTF20aaosoct"
    },
    "1": {
        "mjd": 58898.3161806,
        "passband": 2,
        "mag": 20.1117,
        "mag_err": 0.17766099999999999,
        "locus_id": "ZTF20aaosoct"
    },
    "2": {
        "mjd": 58901.3722222,
        "passband": 2,
        "mag": 19.1426,
        "mag_err": 0.11311199999999999,
        "locus_id": "ZTF20aaosoct"
    },
    "3": {
        "mjd": 58904.230625,
        "passband": 2,
        "mag": 18.6408,
        "mag_err": 0.068718,
        "locus_id": "ZTF20aaosoct"
    },
    "4": {
        "mjd": 58904.29254630001,
        "passband": 1,
        "mag": 18.5788,
        "mag_err": 0.082742,
        "locus_id": "ZTF20aaosoct"
    },
    "5": {
        "mjd": 58909.2722801,
        "passband": 1,
        "mag": 18.1111,
        "mag_err": 0.0796211,
        "locus_id": "ZTF20aaosoct"
    },
    "6": {
        "mjd": 58909.293703699994,
        "passband": 2,
        "mag": 18.1631,
        "mag_err": 0.120985,
        "locus_id": "ZTF20aaosoct"
    },
    "7": {
        "mjd": 58912.2291204,
        "passband": 2,
        "mag": 18.0995,
        "mag_err": 0.0690572,
        "locus_id": "ZTF20aaosoct"
    },
    "8": {
        "mjd": 58912.2525694,
        "passband": 1,
        "mag": 18.0469,
        "mag_err": 0.06090980000000001,
        "locus_id": "ZTF20aaosoct"
    },
    "9": {
        "mjd": 58915.3578472,
        "passband": 2,
        "mag": 18.0625,
        "mag_err": 0.07957280000000001,
        "locus_id": "ZTF20aaosoct"
    },
    "10": {
        "mjd": 58940.1692824,
        "passband": 1,
        "mag": 19.753,
        "mag_err": 0.220973,
        "locus_id": "ZTF20aaosoct"
    },
    "11": {
        "mjd": 58955.18958330001,
        "passband": 2,
        "mag": 19.4844,
        "mag_err": 0.16125599999999998,
        "locus_id": "ZTF20aaosoct"
    },
    "12": {
        "mjd": 58966.168634300004,
        "passband": 2,
        "mag": 19.8291,
        "mag_err": 0.182345,
        "locus_id": "ZTF20aaosoct"
    }
}