{
    "0": {
        "mjd": 58962.2092477,
        "passband": 1,
        "mag": 19.3381,
        "mag_err": 0.148011,
        "locus_id": "ZTF20aavpnqt"
    },
    "1": {
        "mjd": 58962.2522569,
        "passband": 2,
        "mag": 19.5771,
        "mag_err": 0.170043,
        "locus_id": "ZTF20aavpnqt"
    },
    "2": {
        "mjd": 58965.2093056,
        "passband": 1,
        "mag": 18.5164,
        "mag_err": 0.0773377,
        "locus_id": "ZTF20aavpnqt"
    },
    "3": {
        "mjd": 58968.2069329,
        "passband": 2,
        "mag": 18.2976,
        "mag_err": 0.060775800000000005,
        "locus_id": "ZTF20aavpnqt"
    },
    "4": {
        "mjd": 58968.23063659999,
        "passband": 1,
        "mag": 18.037,
        "mag_err": 0.051209500000000005,
        "locus_id": "ZTF20aavpnqt"
    },
    "5": {
        "mjd": 58971.1885995,
        "passband": 2,
        "mag": 18.0061,
        "mag_err": 0.05877330000000001,
        "locus_id": "ZTF20aavpnqt"
    },
    "6": {
        "mjd": 58974.18883099999,
        "passband": 1,
        "mag": 17.6553,
        "mag_err": 0.0677572,
        "locus_id": "ZTF20aavpnqt"
    },
    "7": {
        "mjd": 58977.1694676,
        "passband": 1,
        "mag": 17.6567,
        "mag_err": 0.0649276,
        "locus_id": "ZTF20aavpnqt"
    },
    "8": {
        "mjd": 58980.1693056,
        "passband": 1,
        "mag": 17.7759,
        "mag_err": 0.050444499999999996,
        "locus_id": "ZTF20aavpnqt"
    },
    "9": {
        "mjd": 58980.253576400006,
        "passband": 2,
        "mag": 17.9342,
        "mag_err": 0.053977199999999996,
        "locus_id": "ZTF20aavpnqt"
    },
    "10": {
        "mjd": 58986.193414400004,
        "passband": 1,
        "mag": 18.0431,
        "mag_err": 0.058410800000000006,
        "locus_id": "ZTF20aavpnqt"
    },
    "11": {
        "mjd": 58986.2501389,
        "passband": 2,
        "mag": 18.1419,
        "mag_err": 0.052656100000000004,
        "locus_id": "ZTF20aavpnqt"
    }
}