{
    "0": {
        "mjd": 58912.19510419999,
        "passband": 2,
        "mag": 19.1785,
        "mag_err": 0.137228,
        "locus_id": "ZTF20aasdibr"
    },
    "1": {
        "mjd": 58915.14329859999,
        "passband": 2,
        "mag": 18.6592,
        "mag_err": 0.1211,
        "locus_id": "ZTF20aasdibr"
    },
    "2": {
        "mjd": 58915.2056829,
        "passband": 1,
        "mag": 18.6572,
        "mag_err": 0.107601,
        "locus_id": "ZTF20aasdibr"
    },
    "3": {
        "mjd": 58917.207338,
        "passband": 1,
        "mag": 18.4318,
        "mag_err": 0.229548,
        "locus_id": "ZTF20aasdibr"
    },
    "4": {
        "mjd": 58938.163009300006,
        "passband": 2,
        "mag": 18.8784,
        "mag_err": 0.09374869999999999,
        "locus_id": "ZTF20aasdibr"
    },
    "5": {
        "mjd": 58939.1516204,
        "passband": 2,
        "mag": 19.0864,
        "mag_err": 0.125541,
        "locus_id": "ZTF20aasdibr"
    },
    "6": {
        "mjd": 58944.183205999994,
        "passband": 2,
        "mag": 19.3219,
        "mag_err": 0.149869,
        "locus_id": "ZTF20aasdibr"
    }
}