{
    "0": {
        "mjd": 58892.28278940001,
        "passband": 2,
        "mag": 19.4474,
        "mag_err": 0.141847,
        "locus_id": "ZTF20aamxhlg"
    },
    "1": {
        "mjd": 58895.16219909999,
        "passband": 1,
        "mag": 20.5584,
        "mag_err": 0.188828,
        "locus_id": "ZTF20aamxhlg"
    },
    "2": {
        "mjd": 58898.1426852,
        "passband": 2,
        "mag": 19.7087,
        "mag_err": 0.130518,
        "locus_id": "ZTF20aamxhlg"
    },
    "3": {
        "mjd": 58898.158125,
        "passband": 2,
        "mag": 19.817,
        "mag_err": 0.147676,
        "locus_id": "ZTF20aamxhlg"
    },
    "4": {
        "mjd": 58898.2032755,
        "passband": 1,
        "mag": 20.5202,
        "mag_err": 0.206393,
        "locus_id": "ZTF20aamxhlg"
    },
    "5": {
        "mjd": 58898.22050930001,
        "passband": 1,
        "mag": 20.445999999999998,
        "mag_err": 0.19748,
        "locus_id": "ZTF20aamxhlg"
    },
    "6": {
        "mjd": 58903.13239580001,
        "passband": 1,
        "mag": 20.5342,
        "mag_err": 0.260972,
        "locus_id": "ZTF20aamxhlg"
    },
    "7": {
        "mjd": 58903.1754282,
        "passband": 2,
        "mag": 19.8002,
        "mag_err": 0.14658,
        "locus_id": "ZTF20aamxhlg"
    },
    "8": {
        "mjd": 58903.1872222,
        "passband": 2,
        "mag": 19.8295,
        "mag_err": 0.18039000000000002,
        "locus_id": "ZTF20aamxhlg"
    }
}