{
    "0": {
        "mjd": 58888.4833102,
        "passband": 2,
        "mag": 17.7137,
        "mag_err": 0.0814584,
        "locus_id": "ZTF20aammgop"
    },
    "1": {
        "mjd": 58888.52489580001,
        "passband": 1,
        "mag": 17.7008,
        "mag_err": 0.113926,
        "locus_id": "ZTF20aammgop"
    },
    "2": {
        "mjd": 58900.396238400004,
        "passband": 1,
        "mag": 16.9187,
        "mag_err": 0.05368490000000001,
        "locus_id": "ZTF20aammgop"
    },
    "3": {
        "mjd": 58913.3327778,
        "passband": 1,
        "mag": 17.9722,
        "mag_err": 0.136638,
        "locus_id": "ZTF20aammgop"
    },
    "4": {
        "mjd": 58913.420601900005,
        "passband": 2,
        "mag": 17.6149,
        "mag_err": 0.0757559,
        "locus_id": "ZTF20aammgop"
    }
}