{
    "0": {
        "mjd": 58941.14923609999,
        "passband": 1,
        "mag": 18.6136,
        "mag_err": 0.08798160000000001,
        "locus_id": "ZTF20aaukudw"
    },
    "1": {
        "mjd": 58941.168923599995,
        "passband": 2,
        "mag": 18.7766,
        "mag_err": 0.0992159,
        "locus_id": "ZTF20aaukudw"
    },
    "2": {
        "mjd": 58956.168287,
        "passband": 2,
        "mag": 17.4968,
        "mag_err": 0.045041000000000005,
        "locus_id": "ZTF20aaukudw"
    },
    "3": {
        "mjd": 58964.16076390001,
        "passband": 1,
        "mag": 17.855999999999998,
        "mag_err": 0.057695500000000004,
        "locus_id": "ZTF20aaukudw"
    },
    "4": {
        "mjd": 58964.23476849999,
        "passband": 2,
        "mag": 17.8381,
        "mag_err": 0.057149900000000003,
        "locus_id": "ZTF20aaukudw"
    },
    "5": {
        "mjd": 58967.16414349999,
        "passband": 2,
        "mag": 18.0036,
        "mag_err": 0.06915349999999999,
        "locus_id": "ZTF20aaukudw"
    },
    "6": {
        "mjd": 58967.2071875,
        "passband": 1,
        "mag": 18.1041,
        "mag_err": 0.0538188,
        "locus_id": "ZTF20aaukudw"
    },
    "7": {
        "mjd": 58970.212534700004,
        "passband": 1,
        "mag": 18.4735,
        "mag_err": 0.107833,
        "locus_id": "ZTF20aaukudw"
    },
    "8": {
        "mjd": 58973.163425900006,
        "passband": 2,
        "mag": 18.2068,
        "mag_err": 0.10375899999999999,
        "locus_id": "ZTF20aaukudw"
    },
    "9": {
        "mjd": 58973.19260419999,
        "passband": 1,
        "mag": 18.8385,
        "mag_err": 0.164036,
        "locus_id": "ZTF20aaukudw"
    }
}