{
    "0": {
        "mjd": 58881.2697569,
        "passband": 2,
        "mag": 19.4333,
        "mag_err": 0.124702,
        "locus_id": "ZTF20aalmeaj"
    },
    "1": {
        "mjd": 58891.243773099995,
        "passband": 1,
        "mag": 19.1886,
        "mag_err": 0.150477,
        "locus_id": "ZTF20aalmeaj"
    },
    "2": {
        "mjd": 58891.2638426,
        "passband": 2,
        "mag": 18.4263,
        "mag_err": 0.0828124,
        "locus_id": "ZTF20aalmeaj"
    },
    "3": {
        "mjd": 58892.2879051,
        "passband": 2,
        "mag": 18.4473,
        "mag_err": 0.0908262,
        "locus_id": "ZTF20aalmeaj"
    },
    "4": {
        "mjd": 58893.2070833,
        "passband": 1,
        "mag": 19.1754,
        "mag_err": 0.105243,
        "locus_id": "ZTF20aalmeaj"
    },
    "5": {
        "mjd": 58894.24042819999,
        "passband": 2,
        "mag": 18.4455,
        "mag_err": 0.071935,
        "locus_id": "ZTF20aalmeaj"
    },
    "6": {
        "mjd": 58895.2071528,
        "passband": 1,
        "mag": 19.0875,
        "mag_err": 0.10388399999999999,
        "locus_id": "ZTF20aalmeaj"
    },
    "7": {
        "mjd": 58896.226724500004,
        "passband": 1,
        "mag": 19.17,
        "mag_err": 0.084252,
        "locus_id": "ZTF20aalmeaj"
    },
    "8": {
        "mjd": 58896.2698843,
        "passband": 2,
        "mag": 18.4076,
        "mag_err": 0.06453880000000001,
        "locus_id": "ZTF20aalmeaj"
    },
    "9": {
        "mjd": 58898.19314809999,
        "passband": 1,
        "mag": 19.1152,
        "mag_err": 0.097055,
        "locus_id": "ZTF20aalmeaj"
    },
    "10": {
        "mjd": 58899.2102431,
        "passband": 1,
        "mag": 19.2095,
        "mag_err": 0.116829,
        "locus_id": "ZTF20aalmeaj"
    },
    "11": {
        "mjd": 58899.247963,
        "passband": 2,
        "mag": 18.5188,
        "mag_err": 0.086671,
        "locus_id": "ZTF20aalmeaj"
    },
    "12": {
        "mjd": 58900.1961227,
        "passband": 2,
        "mag": 18.4519,
        "mag_err": 0.137277,
        "locus_id": "ZTF20aalmeaj"
    },
    "13": {
        "mjd": 58903.1896181,
        "passband": 2,
        "mag": 18.6394,
        "mag_err": 0.0710392,
        "locus_id": "ZTF20aalmeaj"
    },
    "14": {
        "mjd": 58903.24898150001,
        "passband": 1,
        "mag": 19.5015,
        "mag_err": 0.12178800000000001,
        "locus_id": "ZTF20aalmeaj"
    },
    "15": {
        "mjd": 58906.1464699,
        "passband": 1,
        "mag": 19.9201,
        "mag_err": 0.254831,
        "locus_id": "ZTF20aalmeaj"
    },
    "16": {
        "mjd": 58912.189826400005,
        "passband": 2,
        "mag": 19.1198,
        "mag_err": 0.12342,
        "locus_id": "ZTF20aalmeaj"
    },
    "17": {
        "mjd": 58915.14998840001,
        "passband": 2,
        "mag": 19.1115,
        "mag_err": 0.146257,
        "locus_id": "ZTF20aalmeaj"
    }
}