{
    "0": {
        "mjd": 58938.17370369999,
        "passband": 2,
        "mag": 17.9421,
        "mag_err": 0.055026,
        "locus_id": "ZTF20aatvzmm"
    },
    "1": {
        "mjd": 58939.1520718,
        "passband": 2,
        "mag": 17.7675,
        "mag_err": 0.0531986,
        "locus_id": "ZTF20aatvzmm"
    },
    "2": {
        "mjd": 58941.1624074,
        "passband": 1,
        "mag": 17.4524,
        "mag_err": 0.042488,
        "locus_id": "ZTF20aatvzmm"
    },
    "3": {
        "mjd": 58941.20395830001,
        "passband": 2,
        "mag": 17.4489,
        "mag_err": 0.054601800000000006,
        "locus_id": "ZTF20aatvzmm"
    },
    "4": {
        "mjd": 58944.1639236,
        "passband": 2,
        "mag": 17.2291,
        "mag_err": 0.0357786,
        "locus_id": "ZTF20aatvzmm"
    },
    "5": {
        "mjd": 58955.2188079,
        "passband": 2,
        "mag": 17.6073,
        "mag_err": 0.0407771,
        "locus_id": "ZTF20aatvzmm"
    },
    "6": {
        "mjd": 58963.1613657,
        "passband": 1,
        "mag": 19.006,
        "mag_err": 0.09986619999999999,
        "locus_id": "ZTF20aatvzmm"
    },
    "7": {
        "mjd": 58963.1789931,
        "passband": 1,
        "mag": 18.9857,
        "mag_err": 0.0632104,
        "locus_id": "ZTF20aatvzmm"
    },
    "8": {
        "mjd": 58966.1751273,
        "passband": 2,
        "mag": 18.0852,
        "mag_err": 0.049831,
        "locus_id": "ZTF20aatvzmm"
    },
    "9": {
        "mjd": 58969.177673599996,
        "passband": 2,
        "mag": 18.3758,
        "mag_err": 0.215606,
        "locus_id": "ZTF20aatvzmm"
    },
    "10": {
        "mjd": 58972.164803199994,
        "passband": 2,
        "mag": 18.6492,
        "mag_err": 0.0785854,
        "locus_id": "ZTF20aatvzmm"
    },
    "11": {
        "mjd": 58972.218414400006,
        "passband": 1,
        "mag": 19.5706,
        "mag_err": 0.197182,
        "locus_id": "ZTF20aatvzmm"
    },
    "12": {
        "mjd": 58975.1557986,
        "passband": 2,
        "mag": 18.8923,
        "mag_err": 0.0947937,
        "locus_id": "ZTF20aatvzmm"
    },
    "13": {
        "mjd": 58978.1789352,
        "passband": 1,
        "mag": 19.9756,
        "mag_err": 0.166512,
        "locus_id": "ZTF20aatvzmm"
    },
    "14": {
        "mjd": 58978.2370602,
        "passband": 2,
        "mag": 19.0753,
        "mag_err": 0.139234,
        "locus_id": "ZTF20aatvzmm"
    },
    "15": {
        "mjd": 58981.1577778,
        "passband": 1,
        "mag": 20.0442,
        "mag_err": 0.182501,
        "locus_id": "ZTF20aatvzmm"
    },
    "16": {
        "mjd": 58981.2228472,
        "passband": 2,
        "mag": 19.2794,
        "mag_err": 0.16825199999999998,
        "locus_id": "ZTF20aatvzmm"
    },
    "17": {
        "mjd": 58987.166296300005,
        "passband": 2,
        "mag": 19.3679,
        "mag_err": 0.133215,
        "locus_id": "ZTF20aatvzmm"
    }
}