{
    "0": {
        "mjd": 58915.37686340001,
        "passband": 2,
        "mag": 19.7498,
        "mag_err": 0.204839,
        "locus_id": "ZTF20aaszzez"
    },
    "1": {
        "mjd": 58939.3138773,
        "passband": 1,
        "mag": 16.8952,
        "mag_err": 0.056628899999999996,
        "locus_id": "ZTF20aaszzez"
    },
    "2": {
        "mjd": 58939.3715394,
        "passband": 2,
        "mag": 17.0377,
        "mag_err": 0.0580955,
        "locus_id": "ZTF20aaszzez"
    },
    "3": {
        "mjd": 58954.230393499995,
        "passband": 2,
        "mag": 17.7167,
        "mag_err": 0.0510166,
        "locus_id": "ZTF20aaszzez"
    },
    "4": {
        "mjd": 58954.273425900006,
        "passband": 1,
        "mag": 18.17,
        "mag_err": 0.06299289999999999,
        "locus_id": "ZTF20aaszzez"
    },
    "5": {
        "mjd": 58962.24875,
        "passband": 1,
        "mag": 18.8656,
        "mag_err": 0.0882957,
        "locus_id": "ZTF20aaszzez"
    },
    "6": {
        "mjd": 58962.267928199995,
        "passband": 2,
        "mag": 17.8617,
        "mag_err": 0.06861060000000001,
        "locus_id": "ZTF20aaszzez"
    },
    "7": {
        "mjd": 58965.24466440001,
        "passband": 1,
        "mag": 19.1043,
        "mag_err": 0.0883056,
        "locus_id": "ZTF20aaszzez"
    },
    "8": {
        "mjd": 58965.2857755,
        "passband": 2,
        "mag": 18.0251,
        "mag_err": 0.054500599999999996,
        "locus_id": "ZTF20aaszzez"
    },
    "9": {
        "mjd": 58967.247580999996,
        "passband": 1,
        "mag": 19.2336,
        "mag_err": 0.097491,
        "locus_id": "ZTF20aaszzez"
    },
    "10": {
        "mjd": 58968.2031944,
        "passband": 2,
        "mag": 18.2378,
        "mag_err": 0.06136080000000001,
        "locus_id": "ZTF20aaszzez"
    },
    "11": {
        "mjd": 58968.2742477,
        "passband": 1,
        "mag": 19.2295,
        "mag_err": 0.10389200000000001,
        "locus_id": "ZTF20aaszzez"
    },
    "12": {
        "mjd": 58971.16785880001,
        "passband": 2,
        "mag": 18.4075,
        "mag_err": 0.09981720000000001,
        "locus_id": "ZTF20aaszzez"
    },
    "13": {
        "mjd": 58971.25208330001,
        "passband": 1,
        "mag": 19.5224,
        "mag_err": 0.152851,
        "locus_id": "ZTF20aaszzez"
    },
    "14": {
        "mjd": 58975.1691551,
        "passband": 2,
        "mag": 18.715999999999998,
        "mag_err": 0.145333,
        "locus_id": "ZTF20aaszzez"
    },
    "15": {
        "mjd": 58978.246955999995,
        "passband": 2,
        "mag": 18.7102,
        "mag_err": 0.0880069,
        "locus_id": "ZTF20aaszzez"
    },
    "16": {
        "mjd": 58981.2339931,
        "passband": 2,
        "mag": 18.8317,
        "mag_err": 0.09354760000000001,
        "locus_id": "ZTF20aaszzez"
    },
    "17": {
        "mjd": 58986.19295140001,
        "passband": 1,
        "mag": 19.6546,
        "mag_err": 0.120574,
        "locus_id": "ZTF20aaszzez"
    }
}