{
    "0": {
        "mjd": 58859.0818056,
        "passband": 1,
        "mag": 19.264,
        "mag_err": 0.18348599999999998,
        "locus_id": "ZTF20aaerzvi"
    },
    "1": {
        "mjd": 58863.08748840001,
        "passband": 2,
        "mag": 18.9592,
        "mag_err": 0.088215,
        "locus_id": "ZTF20aaerzvi"
    },
    "2": {
        "mjd": 58863.123113400005,
        "passband": 1,
        "mag": 18.9463,
        "mag_err": 0.09373569999999999,
        "locus_id": "ZTF20aaerzvi"
    },
    "3": {
        "mjd": 58872.152731500006,
        "passband": 1,
        "mag": 18.516,
        "mag_err": 0.0864084,
        "locus_id": "ZTF20aaerzvi"
    },
    "4": {
        "mjd": 58875.099861099996,
        "passband": 2,
        "mag": 18.6705,
        "mag_err": 0.133828,
        "locus_id": "ZTF20aaerzvi"
    },
    "5": {
        "mjd": 58875.129919000006,
        "passband": 1,
        "mag": 18.7881,
        "mag_err": 0.096236,
        "locus_id": "ZTF20aaerzvi"
    },
    "6": {
        "mjd": 58881.098205999995,
        "passband": 2,
        "mag": 18.9975,
        "mag_err": 0.196691,
        "locus_id": "ZTF20aaerzvi"
    },
    "7": {
        "mjd": 58881.12971059999,
        "passband": 1,
        "mag": 19.416,
        "mag_err": 0.19656500000000002,
        "locus_id": "ZTF20aaerzvi"
    }
}