{
    "0": {
        "mjd": 58965.2394907,
        "passband": 1,
        "mag": 19.9794,
        "mag_err": 0.179263,
        "locus_id": "ZTF20aawdjlp"
    },
    "1": {
        "mjd": 58965.280208300006,
        "passband": 2,
        "mag": 19.590999999999998,
        "mag_err": 0.150668,
        "locus_id": "ZTF20aawdjlp"
    },
    "2": {
        "mjd": 58968.1923032,
        "passband": 2,
        "mag": 18.3314,
        "mag_err": 0.0682972,
        "locus_id": "ZTF20aawdjlp"
    },
    "3": {
        "mjd": 58968.23623840001,
        "passband": 1,
        "mag": 18.311,
        "mag_err": 0.07547589999999998,
        "locus_id": "ZTF20aawdjlp"
    },
    "4": {
        "mjd": 58968.2661227,
        "passband": 1,
        "mag": 18.3193,
        "mag_err": 0.06944539999999999,
        "locus_id": "ZTF20aawdjlp"
    },
    "5": {
        "mjd": 58970.208009300004,
        "passband": 2,
        "mag": 17.7317,
        "mag_err": 0.047323000000000004,
        "locus_id": "ZTF20aawdjlp"
    },
    "6": {
        "mjd": 58971.1744097,
        "passband": 2,
        "mag": 17.5301,
        "mag_err": 0.05609159999999999,
        "locus_id": "ZTF20aawdjlp"
    },
    "7": {
        "mjd": 58971.182893499994,
        "passband": 2,
        "mag": 17.5478,
        "mag_err": 0.0456337,
        "locus_id": "ZTF20aawdjlp"
    },
    "8": {
        "mjd": 58971.261736099994,
        "passband": 1,
        "mag": 17.5255,
        "mag_err": 0.05600830000000001,
        "locus_id": "ZTF20aawdjlp"
    },
    "9": {
        "mjd": 58974.17498840001,
        "passband": 1,
        "mag": 17.0445,
        "mag_err": 0.0501998,
        "locus_id": "ZTF20aawdjlp"
    },
    "10": {
        "mjd": 58974.2342245,
        "passband": 2,
        "mag": 17.0718,
        "mag_err": 0.0428531,
        "locus_id": "ZTF20aawdjlp"
    },
    "11": {
        "mjd": 58977.1652431,
        "passband": 1,
        "mag": 16.8333,
        "mag_err": 0.0450527,
        "locus_id": "ZTF20aawdjlp"
    },
    "12": {
        "mjd": 58977.2278125,
        "passband": 2,
        "mag": 16.8761,
        "mag_err": 0.125763,
        "locus_id": "ZTF20aawdjlp"
    },
    "13": {
        "mjd": 58980.19572919999,
        "passband": 1,
        "mag": 16.8111,
        "mag_err": 0.0411899,
        "locus_id": "ZTF20aawdjlp"
    },
    "14": {
        "mjd": 58980.24629630001,
        "passband": 2,
        "mag": 16.9028,
        "mag_err": 0.041459300000000004,
        "locus_id": "ZTF20aawdjlp"
    },
    "15": {
        "mjd": 58985.17467590001,
        "passband": 1,
        "mag": 16.9761,
        "mag_err": 0.053410400000000004,
        "locus_id": "ZTF20aawdjlp"
    }
}