{
    "0": {
        "mjd": 58967.2513773,
        "passband": 1,
        "mag": 19.2144,
        "mag_err": 0.13717000000000001,
        "locus_id": "ZTF20aaxagnm"
    },
    "1": {
        "mjd": 58967.336817100004,
        "passband": 2,
        "mag": 18.8267,
        "mag_err": 0.12378800000000001,
        "locus_id": "ZTF20aaxagnm"
    },
    "2": {
        "mjd": 58971.209583300006,
        "passband": 2,
        "mag": 18.0502,
        "mag_err": 0.0669692,
        "locus_id": "ZTF20aaxagnm"
    },
    "3": {
        "mjd": 58971.2717824,
        "passband": 1,
        "mag": 17.9743,
        "mag_err": 0.0803096,
        "locus_id": "ZTF20aaxagnm"
    },
    "4": {
        "mjd": 58979.294548599995,
        "passband": 2,
        "mag": 17.4756,
        "mag_err": 0.0720592,
        "locus_id": "ZTF20aaxagnm"
    }
}