{
    "0": {
        "mjd": 58939.19714119999,
        "passband": 2,
        "mag": 19.0444,
        "mag_err": 0.139572,
        "locus_id": "ZTF20aatvupb"
    },
    "1": {
        "mjd": 58955.192789400004,
        "passband": 2,
        "mag": 18.6643,
        "mag_err": 0.0771747,
        "locus_id": "ZTF20aatvupb"
    },
    "2": {
        "mjd": 58956.169664400004,
        "passband": 2,
        "mag": 18.6185,
        "mag_err": 0.0828995,
        "locus_id": "ZTF20aatvupb"
    },
    "3": {
        "mjd": 58956.191412,
        "passband": 1,
        "mag": 18.8068,
        "mag_err": 0.0793787,
        "locus_id": "ZTF20aatvupb"
    },
    "4": {
        "mjd": 58964.22388890001,
        "passband": 2,
        "mag": 18.6733,
        "mag_err": 0.13528099999999998,
        "locus_id": "ZTF20aatvupb"
    },
    "5": {
        "mjd": 58964.2252546,
        "passband": 2,
        "mag": 18.6821,
        "mag_err": 0.12870299999999998,
        "locus_id": "ZTF20aatvupb"
    },
    "6": {
        "mjd": 58967.1915972,
        "passband": 1,
        "mag": 19.3704,
        "mag_err": 0.166705,
        "locus_id": "ZTF20aatvupb"
    },
    "7": {
        "mjd": 58967.2040162,
        "passband": 1,
        "mag": 19.248,
        "mag_err": 0.129341,
        "locus_id": "ZTF20aatvupb"
    },
    "8": {
        "mjd": 58972.21185190001,
        "passband": 1,
        "mag": 19.3479,
        "mag_err": 0.245821,
        "locus_id": "ZTF20aatvupb"
    },
    "9": {
        "mjd": 58973.162488400005,
        "passband": 2,
        "mag": 18.7289,
        "mag_err": 0.127165,
        "locus_id": "ZTF20aatvupb"
    },
    "10": {
        "mjd": 58975.1636574,
        "passband": 2,
        "mag": 18.8494,
        "mag_err": 0.13553900000000002,
        "locus_id": "ZTF20aatvupb"
    }
}