{
    "0": {
        "mjd": 58968.1923032,
        "passband": 2,
        "mag": 19.5122,
        "mag_err": 0.139692,
        "locus_id": "ZTF20aaxahpk"
    },
    "1": {
        "mjd": 58968.23623840001,
        "passband": 1,
        "mag": 19.3755,
        "mag_err": 0.115712,
        "locus_id": "ZTF20aaxahpk"
    },
    "2": {
        "mjd": 58968.2661227,
        "passband": 1,
        "mag": 19.3416,
        "mag_err": 0.109194,
        "locus_id": "ZTF20aaxahpk"
    },
    "3": {
        "mjd": 58970.208009300004,
        "passband": 2,
        "mag": 18.9984,
        "mag_err": 0.0861802,
        "locus_id": "ZTF20aaxahpk"
    },
    "4": {
        "mjd": 58971.1744097,
        "passband": 2,
        "mag": 18.7831,
        "mag_err": 0.0887674,
        "locus_id": "ZTF20aaxahpk"
    },
    "5": {
        "mjd": 58971.182893499994,
        "passband": 2,
        "mag": 18.8356,
        "mag_err": 0.10478699999999999,
        "locus_id": "ZTF20aaxahpk"
    },
    "6": {
        "mjd": 58974.17498840001,
        "passband": 1,
        "mag": 18.2039,
        "mag_err": 0.0847719,
        "locus_id": "ZTF20aaxahpk"
    },
    "7": {
        "mjd": 58974.2342245,
        "passband": 2,
        "mag": 18.4233,
        "mag_err": 0.0862161,
        "locus_id": "ZTF20aaxahpk"
    },
    "8": {
        "mjd": 58977.1652431,
        "passband": 1,
        "mag": 18.0009,
        "mag_err": 0.11124300000000001,
        "locus_id": "ZTF20aaxahpk"
    },
    "9": {
        "mjd": 58980.19572919999,
        "passband": 1,
        "mag": 17.9559,
        "mag_err": 0.0500418,
        "locus_id": "ZTF20aaxahpk"
    },
    "10": {
        "mjd": 58980.24629630001,
        "passband": 2,
        "mag": 18.2104,
        "mag_err": 0.04907519999999999,
        "locus_id": "ZTF20aaxahpk"
    },
    "11": {
        "mjd": 58985.17467590001,
        "passband": 1,
        "mag": 18.0732,
        "mag_err": 0.07124810000000001,
        "locus_id": "ZTF20aaxahpk"
    }
}