{
    "0": {
        "mjd": 58895.159455999994,
        "passband": 1,
        "mag": 20.6766,
        "mag_err": 0.266306,
        "locus_id": "ZTF20aanyxvu"
    },
    "1": {
        "mjd": 58898.1394097,
        "passband": 2,
        "mag": 19.3765,
        "mag_err": 0.08369299999999999,
        "locus_id": "ZTF20aanyxvu"
    },
    "2": {
        "mjd": 58898.1608681,
        "passband": 2,
        "mag": 19.3985,
        "mag_err": 0.127577,
        "locus_id": "ZTF20aanyxvu"
    },
    "3": {
        "mjd": 58898.20467590001,
        "passband": 1,
        "mag": 19.4495,
        "mag_err": 0.113846,
        "locus_id": "ZTF20aanyxvu"
    },
    "4": {
        "mjd": 58898.237037,
        "passband": 1,
        "mag": 19.5068,
        "mag_err": 0.11948099999999999,
        "locus_id": "ZTF20aanyxvu"
    },
    "5": {
        "mjd": 58899.22810190001,
        "passband": 1,
        "mag": 19.1369,
        "mag_err": 0.10707,
        "locus_id": "ZTF20aanyxvu"
    },
    "6": {
        "mjd": 58900.218009300006,
        "passband": 2,
        "mag": 18.8147,
        "mag_err": 0.06816119999999999,
        "locus_id": "ZTF20aanyxvu"
    },
    "7": {
        "mjd": 58903.178287,
        "passband": 2,
        "mag": 18.227999999999998,
        "mag_err": 0.060016,
        "locus_id": "ZTF20aanyxvu"
    },
    "8": {
        "mjd": 58903.1849306,
        "passband": 2,
        "mag": 18.2485,
        "mag_err": 0.060080499999999995,
        "locus_id": "ZTF20aanyxvu"
    },
    "9": {
        "mjd": 58903.2392477,
        "passband": 1,
        "mag": 18.3269,
        "mag_err": 0.0702329,
        "locus_id": "ZTF20aanyxvu"
    },
    "10": {
        "mjd": 58906.2035995,
        "passband": 2,
        "mag": 17.9803,
        "mag_err": 0.056510000000000005,
        "locus_id": "ZTF20aanyxvu"
    },
    "11": {
        "mjd": 58906.264050900005,
        "passband": 1,
        "mag": 17.9826,
        "mag_err": 0.05839,
        "locus_id": "ZTF20aanyxvu"
    },
    "12": {
        "mjd": 58909.1164005,
        "passband": 2,
        "mag": 17.7932,
        "mag_err": 0.0883516,
        "locus_id": "ZTF20aanyxvu"
    },
    "13": {
        "mjd": 58909.1596296,
        "passband": 2,
        "mag": 17.8131,
        "mag_err": 0.083444,
        "locus_id": "ZTF20aanyxvu"
    },
    "14": {
        "mjd": 58909.184895800005,
        "passband": 1,
        "mag": 17.8128,
        "mag_err": 0.07333200000000001,
        "locus_id": "ZTF20aanyxvu"
    },
    "15": {
        "mjd": 58909.229537,
        "passband": 1,
        "mag": 17.8544,
        "mag_err": 0.094474,
        "locus_id": "ZTF20aanyxvu"
    },
    "16": {
        "mjd": 58912.15716440001,
        "passband": 1,
        "mag": 17.7627,
        "mag_err": 0.0608121,
        "locus_id": "ZTF20aanyxvu"
    },
    "17": {
        "mjd": 58912.180243099996,
        "passband": 2,
        "mag": 17.6943,
        "mag_err": 0.0477776,
        "locus_id": "ZTF20aanyxvu"
    },
    "18": {
        "mjd": 58915.1627431,
        "passband": 2,
        "mag": 17.6975,
        "mag_err": 0.06040269999999999,
        "locus_id": "ZTF20aanyxvu"
    },
    "19": {
        "mjd": 58915.176423599994,
        "passband": 1,
        "mag": 17.8177,
        "mag_err": 0.0691534,
        "locus_id": "ZTF20aanyxvu"
    },
    "20": {
        "mjd": 58917.203669,
        "passband": 1,
        "mag": 17.7216,
        "mag_err": 0.136032,
        "locus_id": "ZTF20aanyxvu"
    },
    "21": {
        "mjd": 58938.1660069,
        "passband": 2,
        "mag": 18.488,
        "mag_err": 0.07104479999999999,
        "locus_id": "ZTF20aanyxvu"
    },
    "22": {
        "mjd": 58944.154236099996,
        "passband": 2,
        "mag": 18.6307,
        "mag_err": 0.0895979,
        "locus_id": "ZTF20aanyxvu"
    },
    "23": {
        "mjd": 58955.201851900005,
        "passband": 2,
        "mag": 19.3152,
        "mag_err": 0.123249,
        "locus_id": "ZTF20aanyxvu"
    }
}