{
    "0": {
        "mjd": 58861.51520830001,
        "passband": 1,
        "mag": 18.0567,
        "mag_err": 0.0856263,
        "locus_id": "ZTF20aafclqz"
    },
    "1": {
        "mjd": 58864.465787,
        "passband": 1,
        "mag": 18.1412,
        "mag_err": 0.07989439999999999,
        "locus_id": "ZTF20aafclqz"
    },
    "2": {
        "mjd": 58864.516666699994,
        "passband": 2,
        "mag": 18.1742,
        "mag_err": 0.06619939999999999,
        "locus_id": "ZTF20aafclqz"
    },
    "3": {
        "mjd": 58872.4498032,
        "passband": 1,
        "mag": 18.5315,
        "mag_err": 0.101574,
        "locus_id": "ZTF20aafclqz"
    },
    "4": {
        "mjd": 58872.56579859999,
        "passband": 2,
        "mag": 18.2558,
        "mag_err": 0.0688841,
        "locus_id": "ZTF20aafclqz"
    },
    "5": {
        "mjd": 58875.4860069,
        "passband": 1,
        "mag": 18.4545,
        "mag_err": 0.09324199999999999,
        "locus_id": "ZTF20aafclqz"
    },
    "6": {
        "mjd": 58875.54385419999,
        "passband": 2,
        "mag": 18.3411,
        "mag_err": 0.077821,
        "locus_id": "ZTF20aafclqz"
    },
    "7": {
        "mjd": 58878.53863430001,
        "passband": 1,
        "mag": 18.6696,
        "mag_err": 0.0897444,
        "locus_id": "ZTF20aafclqz"
    },
    "8": {
        "mjd": 58878.5559722,
        "passband": 2,
        "mag": 18.3972,
        "mag_err": 0.0827404,
        "locus_id": "ZTF20aafclqz"
    },
    "9": {
        "mjd": 58881.51936340001,
        "passband": 1,
        "mag": 18.7755,
        "mag_err": 0.0776887,
        "locus_id": "ZTF20aafclqz"
    },
    "10": {
        "mjd": 58881.54708330001,
        "passband": 2,
        "mag": 18.4102,
        "mag_err": 0.0538297,
        "locus_id": "ZTF20aafclqz"
    },
    "11": {
        "mjd": 58884.422662,
        "passband": 1,
        "mag": 18.9143,
        "mag_err": 0.194518,
        "locus_id": "ZTF20aafclqz"
    },
    "12": {
        "mjd": 58884.556169,
        "passband": 2,
        "mag": 18.5019,
        "mag_err": 0.0793714,
        "locus_id": "ZTF20aafclqz"
    },
    "13": {
        "mjd": 58887.4642824,
        "passband": 1,
        "mag": 19.1521,
        "mag_err": 0.169731,
        "locus_id": "ZTF20aafclqz"
    },
    "14": {
        "mjd": 58887.5429282,
        "passband": 2,
        "mag": 18.4917,
        "mag_err": 0.0892043,
        "locus_id": "ZTF20aafclqz"
    },
    "15": {
        "mjd": 58890.4844329,
        "passband": 2,
        "mag": 18.5778,
        "mag_err": 0.168015,
        "locus_id": "ZTF20aafclqz"
    },
    "16": {
        "mjd": 58890.5486574,
        "passband": 1,
        "mag": 19.0923,
        "mag_err": 0.18700799999999998,
        "locus_id": "ZTF20aafclqz"
    },
    "17": {
        "mjd": 58893.4825579,
        "passband": 1,
        "mag": 19.3115,
        "mag_err": 0.154167,
        "locus_id": "ZTF20aafclqz"
    },
    "18": {
        "mjd": 58893.528078699994,
        "passband": 2,
        "mag": 18.6216,
        "mag_err": 0.0657817,
        "locus_id": "ZTF20aafclqz"
    },
    "19": {
        "mjd": 58898.536446800004,
        "passband": 2,
        "mag": 18.7247,
        "mag_err": 0.092849,
        "locus_id": "ZTF20aafclqz"
    },
    "20": {
        "mjd": 58898.5583681,
        "passband": 1,
        "mag": 19.5531,
        "mag_err": 0.130753,
        "locus_id": "ZTF20aafclqz"
    },
    "21": {
        "mjd": 58903.5186921,
        "passband": 2,
        "mag": 18.8987,
        "mag_err": 0.07371,
        "locus_id": "ZTF20aafclqz"
    },
    "22": {
        "mjd": 58903.528391199994,
        "passband": 1,
        "mag": 19.7042,
        "mag_err": 0.137405,
        "locus_id": "ZTF20aafclqz"
    },
    "23": {
        "mjd": 58906.5164815,
        "passband": 2,
        "mag": 18.9449,
        "mag_err": 0.135904,
        "locus_id": "ZTF20aafclqz"
    },
    "24": {
        "mjd": 58906.5261343,
        "passband": 1,
        "mag": 19.711,
        "mag_err": 0.196976,
        "locus_id": "ZTF20aafclqz"
    },
    "25": {
        "mjd": 58911.4944097,
        "passband": 2,
        "mag": 18.9871,
        "mag_err": 0.167964,
        "locus_id": "ZTF20aafclqz"
    },
    "26": {
        "mjd": 58911.53041669999,
        "passband": 1,
        "mag": 19.7766,
        "mag_err": 0.226973,
        "locus_id": "ZTF20aafclqz"
    },
    "27": {
        "mjd": 58914.4953819,
        "passband": 1,
        "mag": 20.079,
        "mag_err": 0.258693,
        "locus_id": "ZTF20aafclqz"
    },
    "28": {
        "mjd": 58914.532233800004,
        "passband": 2,
        "mag": 18.9927,
        "mag_err": 0.080157,
        "locus_id": "ZTF20aafclqz"
    },
    "29": {
        "mjd": 58936.4449074,
        "passband": 2,
        "mag": 19.5416,
        "mag_err": 0.154219,
        "locus_id": "ZTF20aafclqz"
    },
    "30": {
        "mjd": 58943.4959491,
        "passband": 2,
        "mag": 19.666,
        "mag_err": 0.18348,
        "locus_id": "ZTF20aafclqz"
    }
}