{
    "0": {
        "mjd": 58881.249131900004,
        "passband": 1,
        "mag": 19.452,
        "mag_err": 0.220692,
        "locus_id": "ZTF20aamcvyp"
    },
    "1": {
        "mjd": 58885.2928819,
        "passband": 1,
        "mag": 18.7291,
        "mag_err": 0.146269,
        "locus_id": "ZTF20aamcvyp"
    },
    "2": {
        "mjd": 58888.2557176,
        "passband": 1,
        "mag": 18.3781,
        "mag_err": 0.130499,
        "locus_id": "ZTF20aamcvyp"
    },
    "3": {
        "mjd": 58891.212604199995,
        "passband": 1,
        "mag": 18.4339,
        "mag_err": 0.0859848,
        "locus_id": "ZTF20aamcvyp"
    },
    "4": {
        "mjd": 58891.3138079,
        "passband": 2,
        "mag": 18.4457,
        "mag_err": 0.110128,
        "locus_id": "ZTF20aamcvyp"
    },
    "5": {
        "mjd": 58895.2095602,
        "passband": 1,
        "mag": 18.684,
        "mag_err": 0.095684,
        "locus_id": "ZTF20aamcvyp"
    },
    "6": {
        "mjd": 58895.2735301,
        "passband": 2,
        "mag": 18.4403,
        "mag_err": 0.0764265,
        "locus_id": "ZTF20aamcvyp"
    },
    "7": {
        "mjd": 58898.2716435,
        "passband": 1,
        "mag": 19.0439,
        "mag_err": 0.09474210000000001,
        "locus_id": "ZTF20aamcvyp"
    }
}