{
    "0": {
        "mjd": 58872.209259300005,
        "passband": 1,
        "mag": 18.1547,
        "mag_err": 0.06577949999999999,
        "locus_id": "ZTF20aahapsq"
    },
    "1": {
        "mjd": 58872.2528125,
        "passband": 2,
        "mag": 18.0632,
        "mag_err": 0.06795880000000001,
        "locus_id": "ZTF20aahapsq"
    },
    "2": {
        "mjd": 58876.18883099999,
        "passband": 1,
        "mag": 18.1239,
        "mag_err": 0.0753017,
        "locus_id": "ZTF20aahapsq"
    },
    "3": {
        "mjd": 58876.18883099999,
        "passband": 1,
        "mag": 18.1214,
        "mag_err": 0.075386,
        "locus_id": "ZTF20aahapsq"
    },
    "4": {
        "mjd": 58879.1674074,
        "passband": 1,
        "mag": 18.3424,
        "mag_err": 0.112147,
        "locus_id": "ZTF20aahapsq"
    },
    "5": {
        "mjd": 58879.2725463,
        "passband": 2,
        "mag": 17.9948,
        "mag_err": 0.119528,
        "locus_id": "ZTF20aahapsq"
    },
    "6": {
        "mjd": 58882.1885301,
        "passband": 2,
        "mag": 18.2914,
        "mag_err": 0.080876,
        "locus_id": "ZTF20aahapsq"
    },
    "7": {
        "mjd": 58885.1677546,
        "passband": 2,
        "mag": 18.3453,
        "mag_err": 0.22843400000000003,
        "locus_id": "ZTF20aahapsq"
    },
    "8": {
        "mjd": 58885.2545255,
        "passband": 1,
        "mag": 18.7015,
        "mag_err": 0.259353,
        "locus_id": "ZTF20aahapsq"
    },
    "9": {
        "mjd": 58888.248634300006,
        "passband": 1,
        "mag": 18.802,
        "mag_err": 0.242294,
        "locus_id": "ZTF20aahapsq"
    },
    "10": {
        "mjd": 58891.2521528,
        "passband": 2,
        "mag": 18.5299,
        "mag_err": 0.104547,
        "locus_id": "ZTF20aahapsq"
    },
    "11": {
        "mjd": 58894.1676852,
        "passband": 1,
        "mag": 19.6058,
        "mag_err": 0.168664,
        "locus_id": "ZTF20aahapsq"
    },
    "12": {
        "mjd": 58894.2112037,
        "passband": 2,
        "mag": 18.5671,
        "mag_err": 0.0750336,
        "locus_id": "ZTF20aahapsq"
    },
    "13": {
        "mjd": 58905.168830999995,
        "passband": 2,
        "mag": 18.5932,
        "mag_err": 0.143768,
        "locus_id": "ZTF20aahapsq"
    }
}