{
    "0": {
        "mjd": 58880.0971644,
        "passband": 1,
        "mag": 20.2397,
        "mag_err": 0.297765,
        "locus_id": "ZTF20aalbtwh"
    },
    "1": {
        "mjd": 58880.1533796,
        "passband": 2,
        "mag": 19.5671,
        "mag_err": 0.16228399999999998,
        "locus_id": "ZTF20aalbtwh"
    },
    "2": {
        "mjd": 58881.10107640001,
        "passband": 2,
        "mag": 19.298,
        "mag_err": 0.126101,
        "locus_id": "ZTF20aalbtwh"
    },
    "3": {
        "mjd": 58884.139375,
        "passband": 2,
        "mag": 18.744,
        "mag_err": 0.141756,
        "locus_id": "ZTF20aalbtwh"
    },
    "4": {
        "mjd": 58887.194363400005,
        "passband": 1,
        "mag": 18.9474,
        "mag_err": 0.184225,
        "locus_id": "ZTF20aalbtwh"
    },
    "5": {
        "mjd": 58891.117349500004,
        "passband": 2,
        "mag": 18.1372,
        "mag_err": 0.0633847,
        "locus_id": "ZTF20aalbtwh"
    },
    "6": {
        "mjd": 58891.1553472,
        "passband": 1,
        "mag": 18.6088,
        "mag_err": 0.09605119999999999,
        "locus_id": "ZTF20aalbtwh"
    },
    "7": {
        "mjd": 58894.1241435,
        "passband": 2,
        "mag": 18.0205,
        "mag_err": 0.0727276,
        "locus_id": "ZTF20aalbtwh"
    },
    "8": {
        "mjd": 58894.162037,
        "passband": 1,
        "mag": 18.5388,
        "mag_err": 0.0860643,
        "locus_id": "ZTF20aalbtwh"
    },
    "9": {
        "mjd": 58899.1124421,
        "passband": 2,
        "mag": 18.035,
        "mag_err": 0.052657,
        "locus_id": "ZTF20aalbtwh"
    },
    "10": {
        "mjd": 58899.1582755,
        "passband": 1,
        "mag": 18.7734,
        "mag_err": 0.10970999999999999,
        "locus_id": "ZTF20aalbtwh"
    },
    "11": {
        "mjd": 58905.1140509,
        "passband": 2,
        "mag": 18.2766,
        "mag_err": 0.0890461,
        "locus_id": "ZTF20aalbtwh"
    },
    "12": {
        "mjd": 58905.1395486,
        "passband": 1,
        "mag": 19.2913,
        "mag_err": 0.210627,
        "locus_id": "ZTF20aalbtwh"
    }
}