{
    "0": {
        "mjd": 58891.233391199996,
        "passband": 1,
        "mag": 19.7615,
        "mag_err": 0.254717,
        "locus_id": "ZTF20aandwrl"
    },
    "1": {
        "mjd": 58891.423148099995,
        "passband": 1,
        "mag": 19.6954,
        "mag_err": 0.326813,
        "locus_id": "ZTF20aandwrl"
    },
    "2": {
        "mjd": 58894.28857640001,
        "passband": 2,
        "mag": 19.4219,
        "mag_err": 0.11111700000000001,
        "locus_id": "ZTF20aandwrl"
    },
    "3": {
        "mjd": 58894.2890278,
        "passband": 2,
        "mag": 19.4927,
        "mag_err": 0.120299,
        "locus_id": "ZTF20aandwrl"
    },
    "4": {
        "mjd": 58894.31054400001,
        "passband": 1,
        "mag": 19.4171,
        "mag_err": 0.119118,
        "locus_id": "ZTF20aandwrl"
    },
    "5": {
        "mjd": 58894.3184028,
        "passband": 1,
        "mag": 19.33,
        "mag_err": 0.132025,
        "locus_id": "ZTF20aandwrl"
    },
    "6": {
        "mjd": 58898.276643499994,
        "passband": 1,
        "mag": 18.9999,
        "mag_err": 0.09628400000000001,
        "locus_id": "ZTF20aandwrl"
    },
    "7": {
        "mjd": 58898.2887963,
        "passband": 1,
        "mag": 19.1163,
        "mag_err": 0.10464100000000001,
        "locus_id": "ZTF20aandwrl"
    },
    "8": {
        "mjd": 58898.3372222,
        "passband": 2,
        "mag": 19.0976,
        "mag_err": 0.076339,
        "locus_id": "ZTF20aandwrl"
    },
    "9": {
        "mjd": 58898.33767359999,
        "passband": 2,
        "mag": 19.1579,
        "mag_err": 0.086117,
        "locus_id": "ZTF20aandwrl"
    },
    "10": {
        "mjd": 58899.2968403,
        "passband": 2,
        "mag": 18.9989,
        "mag_err": 0.107626,
        "locus_id": "ZTF20aandwrl"
    },
    "11": {
        "mjd": 58899.2986574,
        "passband": 2,
        "mag": 19.0654,
        "mag_err": 0.081206,
        "locus_id": "ZTF20aandwrl"
    },
    "12": {
        "mjd": 58899.31791669999,
        "passband": 2,
        "mag": 19.0803,
        "mag_err": 0.080202,
        "locus_id": "ZTF20aandwrl"
    },
    "13": {
        "mjd": 58899.319756900004,
        "passband": 2,
        "mag": 19.0551,
        "mag_err": 0.090668,
        "locus_id": "ZTF20aandwrl"
    },
    "14": {
        "mjd": 58899.381331,
        "passband": 1,
        "mag": 18.9849,
        "mag_err": 0.089754,
        "locus_id": "ZTF20aandwrl"
    },
    "15": {
        "mjd": 58899.3817824,
        "passband": 1,
        "mag": 18.9545,
        "mag_err": 0.08116,
        "locus_id": "ZTF20aandwrl"
    },
    "16": {
        "mjd": 58900.2563773,
        "passband": 2,
        "mag": 19.1276,
        "mag_err": 0.101991,
        "locus_id": "ZTF20aandwrl"
    },
    "17": {
        "mjd": 58900.25729169999,
        "passband": 2,
        "mag": 19.0989,
        "mag_err": 0.128026,
        "locus_id": "ZTF20aandwrl"
    },
    "18": {
        "mjd": 58900.330544000004,
        "passband": 1,
        "mag": 18.9891,
        "mag_err": 0.0862419,
        "locus_id": "ZTF20aandwrl"
    },
    "19": {
        "mjd": 58900.33192130001,
        "passband": 1,
        "mag": 18.9344,
        "mag_err": 0.086311,
        "locus_id": "ZTF20aandwrl"
    },
    "20": {
        "mjd": 58901.3744676,
        "passband": 2,
        "mag": 19.042,
        "mag_err": 0.090098,
        "locus_id": "ZTF20aandwrl"
    },
    "21": {
        "mjd": 58903.27570599999,
        "passband": 1,
        "mag": 19.0037,
        "mag_err": 0.09036389999999998,
        "locus_id": "ZTF20aandwrl"
    },
    "22": {
        "mjd": 58903.2965625,
        "passband": 1,
        "mag": 19.0343,
        "mag_err": 0.105928,
        "locus_id": "ZTF20aandwrl"
    },
    "23": {
        "mjd": 58903.393830999994,
        "passband": 2,
        "mag": 18.9894,
        "mag_err": 0.0907971,
        "locus_id": "ZTF20aandwrl"
    },
    "24": {
        "mjd": 58903.395196800004,
        "passband": 2,
        "mag": 19.084,
        "mag_err": 0.0999867,
        "locus_id": "ZTF20aandwrl"
    },
    "25": {
        "mjd": 58904.2126505,
        "passband": 2,
        "mag": 19.0243,
        "mag_err": 0.10489200000000001,
        "locus_id": "ZTF20aandwrl"
    },
    "26": {
        "mjd": 58904.2337963,
        "passband": 2,
        "mag": 19.0138,
        "mag_err": 0.10005399999999999,
        "locus_id": "ZTF20aandwrl"
    },
    "27": {
        "mjd": 58904.257338,
        "passband": 1,
        "mag": 19.0382,
        "mag_err": 0.113396,
        "locus_id": "ZTF20aandwrl"
    },
    "28": {
        "mjd": 58904.274791699994,
        "passband": 1,
        "mag": 19.1077,
        "mag_err": 0.10241900000000001,
        "locus_id": "ZTF20aandwrl"
    },
    "29": {
        "mjd": 58904.2892014,
        "passband": 1,
        "mag": 18.987000000000002,
        "mag_err": 0.116953,
        "locus_id": "ZTF20aandwrl"
    },
    "30": {
        "mjd": 58905.2331944,
        "passband": 2,
        "mag": 19.0803,
        "mag_err": 0.104191,
        "locus_id": "ZTF20aandwrl"
    },
    "31": {
        "mjd": 58905.2336574,
        "passband": 2,
        "mag": 19.0028,
        "mag_err": 0.126147,
        "locus_id": "ZTF20aandwrl"
    },
    "32": {
        "mjd": 58905.2733449,
        "passband": 1,
        "mag": 19.0076,
        "mag_err": 0.11821199999999998,
        "locus_id": "ZTF20aandwrl"
    },
    "33": {
        "mjd": 58906.2319329,
        "passband": 2,
        "mag": 19.1375,
        "mag_err": 0.153745,
        "locus_id": "ZTF20aandwrl"
    },
    "34": {
        "mjd": 58906.23377309999,
        "passband": 2,
        "mag": 19.0348,
        "mag_err": 0.11377899999999999,
        "locus_id": "ZTF20aandwrl"
    },
    "35": {
        "mjd": 58906.288009300006,
        "passband": 1,
        "mag": 19.0943,
        "mag_err": 0.114809,
        "locus_id": "ZTF20aandwrl"
    },
    "36": {
        "mjd": 58906.2898495,
        "passband": 1,
        "mag": 19.1619,
        "mag_err": 0.10119500000000001,
        "locus_id": "ZTF20aandwrl"
    },
    "37": {
        "mjd": 58909.254548599994,
        "passband": 1,
        "mag": 19.4405,
        "mag_err": 0.229717,
        "locus_id": "ZTF20aandwrl"
    },
    "38": {
        "mjd": 58909.2778472,
        "passband": 1,
        "mag": 19.3074,
        "mag_err": 0.17318699999999998,
        "locus_id": "ZTF20aandwrl"
    },
    "39": {
        "mjd": 58909.316169000005,
        "passband": 2,
        "mag": 19.1363,
        "mag_err": 0.0905098,
        "locus_id": "ZTF20aandwrl"
    },
    "40": {
        "mjd": 58909.3166204,
        "passband": 2,
        "mag": 19.0697,
        "mag_err": 0.11105999999999999,
        "locus_id": "ZTF20aandwrl"
    },
    "41": {
        "mjd": 58911.248125,
        "passband": 2,
        "mag": 19.3762,
        "mag_err": 0.215498,
        "locus_id": "ZTF20aandwrl"
    },
    "42": {
        "mjd": 58911.38232640001,
        "passband": 1,
        "mag": 19.4355,
        "mag_err": 0.16678900000000002,
        "locus_id": "ZTF20aandwrl"
    },
    "43": {
        "mjd": 58911.3827778,
        "passband": 1,
        "mag": 19.4223,
        "mag_err": 0.144651,
        "locus_id": "ZTF20aandwrl"
    },
    "44": {
        "mjd": 58912.2548727,
        "passband": 1,
        "mag": 19.4139,
        "mag_err": 0.13634000000000002,
        "locus_id": "ZTF20aandwrl"
    },
    "45": {
        "mjd": 58912.25532409999,
        "passband": 1,
        "mag": 19.5874,
        "mag_err": 0.15598900000000002,
        "locus_id": "ZTF20aandwrl"
    },
    "46": {
        "mjd": 58912.4027778,
        "passband": 2,
        "mag": 19.4291,
        "mag_err": 0.154828,
        "locus_id": "ZTF20aandwrl"
    },
    "47": {
        "mjd": 58912.4153125,
        "passband": 2,
        "mag": 19.3637,
        "mag_err": 0.129044,
        "locus_id": "ZTF20aandwrl"
    },
    "48": {
        "mjd": 58913.212523099995,