{
    "0": {
        "mjd": 58891.236608800005,
        "passband": 1,
        "mag": 19.1459,
        "mag_err": 0.145039,
        "locus_id": "ZTF20aamqslk"
    },
    "1": {
        "mjd": 58891.238611099994,
        "passband": 1,
        "mag": 18.9996,
        "mag_err": 0.121327,
        "locus_id": "ZTF20aamqslk"
    },
    "2": {
        "mjd": 58891.32208330001,
        "passband": 2,
        "mag": 19.0518,
        "mag_err": 0.10393499999999999,
        "locus_id": "ZTF20aamqslk"
    },
    "3": {
        "mjd": 58891.332268499995,
        "passband": 2,
        "mag": 19.2107,
        "mag_err": 0.12443199999999999,
        "locus_id": "ZTF20aamqslk"
    },
    "4": {
        "mjd": 58892.2977315,
        "passband": 2,
        "mag": 18.9631,
        "mag_err": 0.102653,
        "locus_id": "ZTF20aamqslk"
    },
    "5": {
        "mjd": 58892.3537153,
        "passband": 1,
        "mag": 18.9643,
        "mag_err": 0.0975992,
        "locus_id": "ZTF20aamqslk"
    },
    "6": {
        "mjd": 58893.240486099996,
        "passband": 1,
        "mag": 18.8207,
        "mag_err": 0.0816527,
        "locus_id": "ZTF20aamqslk"
    },
    "7": {
        "mjd": 58893.294838,
        "passband": 2,
        "mag": 18.957,
        "mag_err": 0.10641300000000001,
        "locus_id": "ZTF20aamqslk"
    },
    "8": {
        "mjd": 58894.2772917,
        "passband": 2,
        "mag": 18.8446,
        "mag_err": 0.09743099999999999,
        "locus_id": "ZTF20aamqslk"
    },
    "9": {
        "mjd": 58894.279143499996,
        "passband": 2,
        "mag": 18.9129,
        "mag_err": 0.0957302,
        "locus_id": "ZTF20aamqslk"
    },
    "10": {
        "mjd": 58894.3216319,
        "passband": 1,
        "mag": 18.756,
        "mag_err": 0.0919909,
        "locus_id": "ZTF20aamqslk"
    },
    "11": {
        "mjd": 58894.331875,
        "passband": 1,
        "mag": 18.7787,
        "mag_err": 0.0811791,
        "locus_id": "ZTF20aamqslk"
    },
    "12": {
        "mjd": 58895.2448843,
        "passband": 1,
        "mag": 18.6205,
        "mag_err": 0.0836723,
        "locus_id": "ZTF20aamqslk"
    },
    "13": {
        "mjd": 58895.447546300005,
        "passband": 2,
        "mag": 18.6749,
        "mag_err": 0.10151,
        "locus_id": "ZTF20aamqslk"
    },
    "14": {
        "mjd": 58896.3099421,
        "passband": 2,
        "mag": 18.6154,
        "mag_err": 0.08263519999999999,
        "locus_id": "ZTF20aamqslk"
    },
    "15": {
        "mjd": 58898.278009300004,
        "passband": 1,
        "mag": 18.5229,
        "mag_err": 0.064052,
        "locus_id": "ZTF20aamqslk"
    },
    "16": {
        "mjd": 58898.366898099994,
        "passband": 2,
        "mag": 18.7229,
        "mag_err": 0.081765,
        "locus_id": "ZTF20aamqslk"
    },
    "17": {
        "mjd": 58899.28276619999,
        "passband": 2,
        "mag": 18.6399,
        "mag_err": 0.086268,
        "locus_id": "ZTF20aamqslk"
    },
    "18": {
        "mjd": 58899.341435199996,
        "passband": 2,
        "mag": 18.6348,
        "mag_err": 0.072399,
        "locus_id": "ZTF20aamqslk"
    },
    "19": {
        "mjd": 58899.3675347,
        "passband": 1,
        "mag": 18.4868,
        "mag_err": 0.06383,
        "locus_id": "ZTF20aamqslk"
    },
    "20": {
        "mjd": 58900.2586574,
        "passband": 2,
        "mag": 18.6249,
        "mag_err": 0.06881369999999999,
        "locus_id": "ZTF20aamqslk"
    },
    "21": {
        "mjd": 58900.32636569999,
        "passband": 1,
        "mag": 18.4931,
        "mag_err": 0.054233800000000006,
        "locus_id": "ZTF20aamqslk"
    },
    "22": {
        "mjd": 58903.31783559999,
        "passband": 1,
        "mag": 18.6667,
        "mag_err": 0.080698,
        "locus_id": "ZTF20aamqslk"
    },
    "23": {
        "mjd": 58903.3251852,
        "passband": 1,
        "mag": 18.5764,
        "mag_err": 0.0618326,
        "locus_id": "ZTF20aamqslk"
    },
    "24": {
        "mjd": 58903.39145830001,
        "passband": 2,
        "mag": 18.6136,
        "mag_err": 0.0629995,
        "locus_id": "ZTF20aamqslk"
    },
    "25": {
        "mjd": 58904.2424421,
        "passband": 2,
        "mag": 18.6346,
        "mag_err": 0.077414,
        "locus_id": "ZTF20aamqslk"
    },
    "26": {
        "mjd": 58904.2775579,
        "passband": 1,
        "mag": 18.637,
        "mag_err": 0.099459,
        "locus_id": "ZTF20aamqslk"
    },
    "27": {
        "mjd": 58905.2444444,
        "passband": 2,
        "mag": 18.7026,
        "mag_err": 0.0878152,
        "locus_id": "ZTF20aamqslk"
    },
    "28": {
        "mjd": 58905.288125,
        "passband": 1,
        "mag": 18.6218,
        "mag_err": 0.0833325,
        "locus_id": "ZTF20aamqslk"
    },
    "29": {
        "mjd": 58909.3213426,
        "passband": 2,
        "mag": 18.8407,
        "mag_err": 0.0727804,
        "locus_id": "ZTF20aamqslk"
    },
    "30": {
        "mjd": 58911.226412,
        "passband": 2,
        "mag": 18.9582,
        "mag_err": 0.110492,
        "locus_id": "ZTF20aamqslk"
    },
    "31": {
        "mjd": 58911.386076400006,
        "passband": 1,
        "mag": 19.0518,
        "mag_err": 0.133088,
        "locus_id": "ZTF20aamqslk"
    },
    "32": {
        "mjd": 58912.2571528,
        "passband": 1,
        "mag": 19.0791,
        "mag_err": 0.132865,
        "locus_id": "ZTF20aamqslk"
    },
    "33": {
        "mjd": 58913.2073495,
        "passband": 2,
        "mag": 18.9096,
        "mag_err": 0.111851,
        "locus_id": "ZTF20aamqslk"
    },
    "34": {
        "mjd": 58913.2455324,
        "passband": 2,
        "mag": 18.9901,
        "mag_err": 0.126054,
        "locus_id": "ZTF20aamqslk"
    },
    "35": {
        "mjd": 58913.3071296,
        "passband": 1,
        "mag": 19.1488,
        "mag_err": 0.153227,
        "locus_id": "ZTF20aamqslk"
    },
    "36": {
        "mjd": 58914.3835995,
        "passband": 2,
        "mag": 19.0537,
        "mag_err": 0.11467100000000001,
        "locus_id": "ZTF20aamqslk"
    },
    "37": {
        "mjd": 58915.23888890001,
        "passband": 1,
        "mag": 19.2543,
        "mag_err": 0.186081,
        "locus_id": "ZTF20aamqslk"
    }
}