{
    "0": {
        "mjd": 58912.4803125,
        "passband": 2,
        "mag": 17.9136,
        "mag_err": 0.0511971,
        "locus_id": "ZTF20aasitrr"
    },
    "1": {
        "mjd": 58912.52179400001,
        "passband": 1,
        "mag": 18.0031,
        "mag_err": 0.043461099999999996,
        "locus_id": "ZTF20aasitrr"
    },
    "2": {
        "mjd": 58915.4801852,
        "passband": 1,
        "mag": 16.9809,
        "mag_err": 0.0419454,
        "locus_id": "ZTF20aasitrr"
    },
    "3": {
        "mjd": 58915.504294000006,
        "passband": 2,
        "mag": 16.8772,
        "mag_err": 0.0360974,
        "locus_id": "ZTF20aasitrr"
    },
    "4": {
        "mjd": 58940.462199099995,
        "passband": 1,
        "mag": 17.095,
        "mag_err": 0.12773299999999999,
        "locus_id": "ZTF20aasitrr"
    },
    "5": {
        "mjd": 58943.40616900001,
        "passband": 1,
        "mag": 17.1866,
        "mag_err": 0.0437911,
        "locus_id": "ZTF20aasitrr"
    },
    "6": {
        "mjd": 58955.4186806,
        "passband": 2,
        "mag": 17.2463,
        "mag_err": 0.036363099999999995,
        "locus_id": "ZTF20aasitrr"
    },
    "7": {
        "mjd": 58963.374016199996,
        "passband": 1,
        "mag": 18.7456,
        "mag_err": 0.06389059999999999,
        "locus_id": "ZTF20aasitrr"
    },
    "8": {
        "mjd": 58963.42289349999,
        "passband": 1,
        "mag": 18.7593,
        "mag_err": 0.0898277,
        "locus_id": "ZTF20aasitrr"
    },
    "9": {
        "mjd": 58966.37539349999,
        "passband": 2,
        "mag": 17.9173,
        "mag_err": 0.052291599999999994,
        "locus_id": "ZTF20aasitrr"
    },
    "10": {
        "mjd": 58973.31375,
        "passband": 2,
        "mag": 18.1694,
        "mag_err": 0.065701,
        "locus_id": "ZTF20aasitrr"
    },
    "11": {
        "mjd": 58978.293703699994,
        "passband": 2,
        "mag": 18.3612,
        "mag_err": 0.101871,
        "locus_id": "ZTF20aasitrr"
    },
    "12": {
        "mjd": 58981.250729199994,
        "passband": 2,
        "mag": 18.5065,
        "mag_err": 0.0661889,
        "locus_id": "ZTF20aasitrr"
    },
    "13": {
        "mjd": 58986.3802546,
        "passband": 1,
        "mag": 19.1942,
        "mag_err": 0.0971615,
        "locus_id": "ZTF20aasitrr"
    }
}