{
    "0": {
        "mjd": 58899.51905090001,
        "passband": 2,
        "mag": 19.4471,
        "mag_err": 0.142006,
        "locus_id": "ZTF20aappghn"
    },
    "1": {
        "mjd": 58904.5050347,
        "passband": 2,
        "mag": 18.9584,
        "mag_err": 0.10858699999999999,
        "locus_id": "ZTF20aappghn"
    },
    "2": {
        "mjd": 58904.5456944,
        "passband": 1,
        "mag": 18.8076,
        "mag_err": 0.098381,
        "locus_id": "ZTF20aappghn"
    },
    "3": {
        "mjd": 58908.485625,
        "passband": 2,
        "mag": 18.7456,
        "mag_err": 0.106803,
        "locus_id": "ZTF20aappghn"
    },
    "4": {
        "mjd": 58908.485625,
        "passband": 2,
        "mag": 18.7456,
        "mag_err": 0.106803,
        "locus_id": "ZTF20aappghn"
    },
    "5": {
        "mjd": 58911.499131900004,
        "passband": 2,
        "mag": 18.8392,
        "mag_err": 0.238208,
        "locus_id": "ZTF20aappghn"
    },
    "6": {
        "mjd": 58911.523101900006,
        "passband": 1,
        "mag": 18.8794,
        "mag_err": 0.113607,
        "locus_id": "ZTF20aappghn"
    },
    "7": {
        "mjd": 58914.4395023,
        "passband": 1,
        "mag": 19.0704,
        "mag_err": 0.13561600000000001,
        "locus_id": "ZTF20aappghn"
    },
    "8": {
        "mjd": 58914.5208449,
        "passband": 2,
        "mag": 19.1011,
        "mag_err": 0.121024,
        "locus_id": "ZTF20aappghn"
    },
    "9": {
        "mjd": 58936.43986109999,
        "passband": 2,
        "mag": 20.0131,
        "mag_err": 0.21168499999999998,
        "locus_id": "ZTF20aappghn"
    }
}