{
    "0": {
        "mjd": 58855.36079859999,
        "passband": 2,
        "mag": 19.4118,
        "mag_err": 0.214932,
        "locus_id": "ZTF20aaekkuv"
    },
    "1": {
        "mjd": 58855.46082180001,
        "passband": 1,
        "mag": 19.5444,
        "mag_err": 0.136227,
        "locus_id": "ZTF20aaekkuv"
    },
    "2": {
        "mjd": 58862.3416898,
        "passband": 2,
        "mag": 18.5781,
        "mag_err": 0.13234200000000002,
        "locus_id": "ZTF20aaekkuv"
    },
    "3": {
        "mjd": 58862.41888890001,
        "passband": 1,
        "mag": 19.0729,
        "mag_err": 0.200836,
        "locus_id": "ZTF20aaekkuv"
    },
    "4": {
        "mjd": 58866.34158559999,
        "passband": 2,
        "mag": 18.3735,
        "mag_err": 0.10319300000000001,
        "locus_id": "ZTF20aaekkuv"
    },
    "5": {
        "mjd": 58866.397395800006,
        "passband": 1,
        "mag": 18.9539,
        "mag_err": 0.0985779,
        "locus_id": "ZTF20aaekkuv"
    },
    "6": {
        "mjd": 58875.33192130001,
        "passband": 1,
        "mag": 19.236,
        "mag_err": 0.099727,
        "locus_id": "ZTF20aaekkuv"
    },
    "7": {
        "mjd": 58878.298669,
        "passband": 2,
        "mag": 18.5619,
        "mag_err": 0.08911310000000001,
        "locus_id": "ZTF20aaekkuv"
    },
    "8": {
        "mjd": 58878.3777546,
        "passband": 1,
        "mag": 19.4491,
        "mag_err": 0.146038,
        "locus_id": "ZTF20aaekkuv"
    },
    "9": {
        "mjd": 58881.30589119999,
        "passband": 2,
        "mag": 18.660999999999998,
        "mag_err": 0.09471260000000001,
        "locus_id": "ZTF20aaekkuv"
    },
    "10": {
        "mjd": 58884.2313657,
        "passband": 2,
        "mag": 18.7423,
        "mag_err": 0.165382,
        "locus_id": "ZTF20aaekkuv"
    },
    "11": {
        "mjd": 58891.31520830001,
        "passband": 2,
        "mag": 19.3987,
        "mag_err": 0.181281,
        "locus_id": "ZTF20aaekkuv"
    },
    "12": {
        "mjd": 58894.270914400004,
        "passband": 2,
        "mag": 19.803,
        "mag_err": 0.19217,
        "locus_id": "ZTF20aaekkuv"
    }
}