{
    "0": {
        "mjd": 58886.2421296,
        "passband": 1,
        "mag": 19.6111,
        "mag_err": 0.285659,
        "locus_id": "ZTF20aambbfn"
    },
    "1": {
        "mjd": 58886.24302080001,
        "passband": 1,
        "mag": 19.5095,
        "mag_err": 0.192829,
        "locus_id": "ZTF20aambbfn"
    },
    "2": {
        "mjd": 58886.306574099995,
        "passband": 2,
        "mag": 18.7139,
        "mag_err": 0.100063,
        "locus_id": "ZTF20aambbfn"
    },
    "3": {
        "mjd": 58888.4224537,
        "passband": 2,
        "mag": 18.6445,
        "mag_err": 0.136803,
        "locus_id": "ZTF20aambbfn"
    },
    "4": {
        "mjd": 58890.299919000005,
        "passband": 1,
        "mag": 19.2371,
        "mag_err": 0.17338399999999998,
        "locus_id": "ZTF20aambbfn"
    },
    "5": {
        "mjd": 58890.3008449,
        "passband": 1,
        "mag": 19.4221,
        "mag_err": 0.241596,
        "locus_id": "ZTF20aambbfn"
    },
    "6": {
        "mjd": 58890.4219097,
        "passband": 2,
        "mag": 18.3159,
        "mag_err": 0.11879200000000001,
        "locus_id": "ZTF20aambbfn"
    },
    "7": {
        "mjd": 58890.42373840001,
        "passband": 2,
        "mag": 18.4303,
        "mag_err": 0.130186,
        "locus_id": "ZTF20aambbfn"
    },
    "8": {
        "mjd": 58891.2370718,
        "passband": 1,
        "mag": 19.2407,
        "mag_err": 0.163661,
        "locus_id": "ZTF20aambbfn"
    },
    "9": {
        "mjd": 58891.3308681,
        "passband": 2,
        "mag": 18.3632,
        "mag_err": 0.0807626,
        "locus_id": "ZTF20aambbfn"
    },
    "10": {
        "mjd": 58892.176145800004,
        "passband": 1,
        "mag": 19.279,
        "mag_err": 0.168216,
        "locus_id": "ZTF20aambbfn"
    },
    "11": {
        "mjd": 58893.24188659999,
        "passband": 1,
        "mag": 19.2217,
        "mag_err": 0.108759,
        "locus_id": "ZTF20aambbfn"
    },
    "12": {
        "mjd": 58893.246018499995,
        "passband": 1,
        "mag": 19.1546,
        "mag_err": 0.127026,
        "locus_id": "ZTF20aambbfn"
    },
    "13": {
        "mjd": 58893.28104169999,
        "passband": 2,
        "mag": 18.4193,
        "mag_err": 0.08631989999999999,
        "locus_id": "ZTF20aambbfn"
    },
    "14": {
        "mjd": 58893.282916699995,
        "passband": 2,
        "mag": 18.3687,
        "mag_err": 0.08162389999999999,
        "locus_id": "ZTF20aambbfn"
    },
    "15": {
        "mjd": 58893.33030090001,
        "passband": 2,
        "mag": 18.3767,
        "mag_err": 0.0876581,
        "locus_id": "ZTF20aambbfn"
    },
    "16": {
        "mjd": 58894.2800694,
        "passband": 2,
        "mag": 18.3019,
        "mag_err": 0.0762617,
        "locus_id": "ZTF20aambbfn"
    },
    "17": {
        "mjd": 58894.3035069,
        "passband": 1,
        "mag": 19.3865,
        "mag_err": 0.100815,
        "locus_id": "ZTF20aambbfn"
    },
    "18": {
        "mjd": 58895.239328699994,
        "passband": 1,
        "mag": 19.2526,
        "mag_err": 0.146333,
        "locus_id": "ZTF20aambbfn"
    },
    "19": {
        "mjd": 58895.27947919999,
        "passband": 2,
        "mag": 18.3168,
        "mag_err": 0.0748178,
        "locus_id": "ZTF20aambbfn"
    },
    "20": {
        "mjd": 58896.303726900005,
        "passband": 2,
        "mag": 18.3622,
        "mag_err": 0.07537,
        "locus_id": "ZTF20aambbfn"
    },
    "21": {
        "mjd": 58896.3085417,
        "passband": 2,
        "mag": 18.3174,
        "mag_err": 0.0822238,
        "locus_id": "ZTF20aambbfn"
    },
    "22": {
        "mjd": 58899.2759375,
        "passband": 2,
        "mag": 18.5679,
        "mag_err": 0.06891599999999999,
        "locus_id": "ZTF20aambbfn"
    },
    "23": {
        "mjd": 58899.344618099996,
        "passband": 2,
        "mag": 18.7089,
        "mag_err": 0.10431900000000001,
        "locus_id": "ZTF20aambbfn"
    },
    "24": {
        "mjd": 58899.361169,
        "passband": 1,
        "mag": 19.5893,
        "mag_err": 0.159173,
        "locus_id": "ZTF20aambbfn"
    },
    "25": {
        "mjd": 58900.2358681,
        "passband": 2,
        "mag": 18.6392,
        "mag_err": 0.107303,
        "locus_id": "ZTF20aambbfn"
    },
    "26": {
        "mjd": 58903.278935199996,
        "passband": 1,
        "mag": 20.0718,
        "mag_err": 0.187881,
        "locus_id": "ZTF20aambbfn"
    },
    "27": {
        "mjd": 58903.33111109999,
        "passband": 1,
        "mag": 19.8259,
        "mag_err": 0.144629,
        "locus_id": "ZTF20aambbfn"
    },
    "28": {
        "mjd": 58903.3900579,
        "passband": 2,
        "mag": 18.9991,
        "mag_err": 0.0958273,
        "locus_id": "ZTF20aambbfn"
    },
    "29": {
        "mjd": 58906.2416898,
        "passband": 2,
        "mag": 19.1458,
        "mag_err": 0.120751,
        "locus_id": "ZTF20aambbfn"
    },
    "30": {
        "mjd": 58912.404583300005,
        "passband": 2,
        "mag": 18.942,
        "mag_err": 0.110571,
        "locus_id": "ZTF20aambbfn"
    }
}