{
    "0": {
        "mjd": 58943.441875,
        "passband": 1,
        "mag": 19.2747,
        "mag_err": 0.165135,
        "locus_id": "ZTF20aauonld"
    },
    "1": {
        "mjd": 58943.500162000004,
        "passband": 2,
        "mag": 19.5611,
        "mag_err": 0.221849,
        "locus_id": "ZTF20aauonld"
    },
    "2": {
        "mjd": 58953.4338426,
        "passband": 1,
        "mag": 18.2484,
        "mag_err": 0.072032,
        "locus_id": "ZTF20aauonld"
    },
    "3": {
        "mjd": 58956.4607176,
        "passband": 1,
        "mag": 18.2743,
        "mag_err": 0.0902882,
        "locus_id": "ZTF20aauonld"
    },
    "4": {
        "mjd": 58956.48449069999,
        "passband": 2,
        "mag": 17.7747,
        "mag_err": 0.110339,
        "locus_id": "ZTF20aauonld"
    },
    "5": {
        "mjd": 58961.3951157,
        "passband": 1,
        "mag": 18.4962,
        "mag_err": 0.099191,
        "locus_id": "ZTF20aauonld"
    },
    "6": {
        "mjd": 58964.38013890001,
        "passband": 1,
        "mag": 18.7769,
        "mag_err": 0.0882424,
        "locus_id": "ZTF20aauonld"
    },
    "7": {
        "mjd": 58964.42045140001,
        "passband": 2,
        "mag": 18.3793,
        "mag_err": 0.101703,
        "locus_id": "ZTF20aauonld"
    },
    "8": {
        "mjd": 58967.38125,
        "passband": 2,
        "mag": 18.4946,
        "mag_err": 0.1399,
        "locus_id": "ZTF20aauonld"
    },
    "9": {
        "mjd": 58970.4152431,
        "passband": 2,
        "mag": 18.6831,
        "mag_err": 0.09698889999999999,
        "locus_id": "ZTF20aauonld"
    },
    "10": {
        "mjd": 58970.44263890001,
        "passband": 1,
        "mag": 19.4215,
        "mag_err": 0.103939,
        "locus_id": "ZTF20aauonld"
    },
    "11": {
        "mjd": 58973.4618403,
        "passband": 1,
        "mag": 19.797,
        "mag_err": 0.210398,
        "locus_id": "ZTF20aauonld"
    },
    "12": {
        "mjd": 58984.4001852,
        "passband": 2,
        "mag": 19.3873,
        "mag_err": 0.153084,
        "locus_id": "ZTF20aauonld"
    },
    "13": {
        "mjd": 58987.33841440001,
        "passband": 2,
        "mag": 19.4985,
        "mag_err": 0.16692,
        "locus_id": "ZTF20aauonld"
    }
}