{
    "0": {
        "mjd": 58861.52295140001,
        "passband": 2,
        "mag": 16.9434,
        "mag_err": 0.044660000000000005,
        "locus_id": "ZTF20aafclxb"
    },
    "1": {
        "mjd": 58873.3984722,
        "passband": 1,
        "mag": 17.0898,
        "mag_err": 0.0411149,
        "locus_id": "ZTF20aafclxb"
    },
    "2": {
        "mjd": 58873.5064352,
        "passband": 2,
        "mag": 16.8504,
        "mag_err": 0.0399873,
        "locus_id": "ZTF20aafclxb"
    },
    "3": {
        "mjd": 58876.3513426,
        "passband": 2,
        "mag": 16.8796,
        "mag_err": 0.0299747,
        "locus_id": "ZTF20aafclxb"
    },
    "4": {
        "mjd": 58876.3957407,
        "passband": 1,
        "mag": 17.1828,
        "mag_err": 0.039049,
        "locus_id": "ZTF20aafclxb"
    },
    "5": {
        "mjd": 58879.4625,
        "passband": 1,
        "mag": 17.3048,
        "mag_err": 0.052647,
        "locus_id": "ZTF20aafclxb"
    },
    "6": {
        "mjd": 58883.459351900005,
        "passband": 1,
        "mag": 17.4199,
        "mag_err": 0.055043100000000005,
        "locus_id": "ZTF20aafclxb"
    },
    "7": {
        "mjd": 58883.5017824,
        "passband": 2,
        "mag": 16.9406,
        "mag_err": 0.038925699999999994,
        "locus_id": "ZTF20aafclxb"
    },
    "8": {
        "mjd": 58887.422615699994,
        "passband": 1,
        "mag": 17.6407,
        "mag_err": 0.06813580000000001,
        "locus_id": "ZTF20aafclxb"
    },
    "9": {
        "mjd": 58892.332963,
        "passband": 2,
        "mag": 17.0593,
        "mag_err": 0.038571,
        "locus_id": "ZTF20aafclxb"
    },
    "10": {
        "mjd": 58895.437337999996,
        "passband": 2,
        "mag": 17.0986,
        "mag_err": 0.042785699999999996,
        "locus_id": "ZTF20aafclxb"
    },
    "11": {
        "mjd": 58899.3345255,
        "passband": 2,
        "mag": 17.1285,
        "mag_err": 0.025449,
        "locus_id": "ZTF20aafclxb"
    },
    "12": {
        "mjd": 58899.376273099995,
        "passband": 1,
        "mag": 17.8224,
        "mag_err": 0.06364299999999999,
        "locus_id": "ZTF20aafclxb"
    },
    "13": {
        "mjd": 58905.31239580001,
        "passband": 1,
        "mag": 17.8442,
        "mag_err": 0.07653480000000001,
        "locus_id": "ZTF20aafclxb"
    },
    "14": {
        "mjd": 58908.33550930001,
        "passband": 1,
        "mag": 17.7906,
        "mag_err": 0.0614456,
        "locus_id": "ZTF20aafclxb"
    },
    "15": {
        "mjd": 58908.452384300006,
        "passband": 2,
        "mag": 17.1253,
        "mag_err": 0.0356755,
        "locus_id": "ZTF20aafclxb"
    },
    "16": {
        "mjd": 58911.3758912,
        "passband": 1,
        "mag": 17.8337,
        "mag_err": 0.0835928,
        "locus_id": "ZTF20aafclxb"
    },
    "17": {
        "mjd": 58914.3560069,
        "passband": 2,
        "mag": 17.069000000000003,
        "mag_err": 0.0301058,
        "locus_id": "ZTF20aafclxb"
    },
    "18": {
        "mjd": 58914.42064809999,
        "passband": 1,
        "mag": 17.8692,
        "mag_err": 0.0933878,
        "locus_id": "ZTF20aafclxb"
    },
    "19": {
        "mjd": 58941.2699653,
        "passband": 1,
        "mag": 19.2086,
        "mag_err": 0.12439000000000001,
        "locus_id": "ZTF20aafclxb"
    },
    "20": {
        "mjd": 58941.3595486,
        "passband": 2,
        "mag": 18.0929,
        "mag_err": 0.067129,
        "locus_id": "ZTF20aafclxb"
    },
    "21": {
        "mjd": 58954.2299421,
        "passband": 2,
        "mag": 18.4806,
        "mag_err": 0.0485733,
        "locus_id": "ZTF20aafclxb"
    },
    "22": {
        "mjd": 58963.210208300006,
        "passband": 1,
        "mag": 19.684,
        "mag_err": 0.11705399999999999,
        "locus_id": "ZTF20aafclxb"
    },
    "23": {
        "mjd": 58966.2306597,
        "passband": 1,
        "mag": 19.7606,
        "mag_err": 0.159298,
        "locus_id": "ZTF20aafclxb"
    },
    "24": {
        "mjd": 58978.19111109999,
        "passband": 1,
        "mag": 19.8702,
        "mag_err": 0.21481,
        "locus_id": "ZTF20aafclxb"
    },
    "25": {
        "mjd": 58981.2335301,
        "passband": 2,
        "mag": 18.736,
        "mag_err": 0.0655796,
        "locus_id": "ZTF20aafclxb"
    },
    "26": {
        "mjd": 58986.1924769,
        "passband": 1,
        "mag": 19.8864,
        "mag_err": 0.14116099999999998,
        "locus_id": "ZTF20aafclxb"
    },
    "27": {
        "mjd": 58986.2313079,
        "passband": 2,
        "mag": 18.7674,
        "mag_err": 0.0715783,
        "locus_id": "ZTF20aafclxb"
    }
}