{
    "0": {
        "mjd": 58856.5463426,
        "passband": 1,
        "mag": 20.7875,
        "mag_err": 0.264121,
        "locus_id": "ZTF20aaervyn"
    },
    "1": {
        "mjd": 58856.56528940001,
        "passband": 2,
        "mag": 20.4895,
        "mag_err": 0.19561900000000002,
        "locus_id": "ZTF20aaervyn"
    },
    "2": {
        "mjd": 58861.5194907,
        "passband": 1,
        "mag": 19.6359,
        "mag_err": 0.355706,
        "locus_id": "ZTF20aaervyn"
    },
    "3": {
        "mjd": 58864.46173609999,
        "passband": 1,
        "mag": 19.919,
        "mag_err": 0.251855,
        "locus_id": "ZTF20aaervyn"
    },
    "4": {
        "mjd": 58864.52076390001,
        "passband": 2,
        "mag": 19.8532,
        "mag_err": 0.21037199999999998,
        "locus_id": "ZTF20aaervyn"
    },
    "5": {
        "mjd": 58872.44344909999,
        "passband": 1,
        "mag": 19.6712,
        "mag_err": 0.178593,
        "locus_id": "ZTF20aaervyn"
    },
    "6": {
        "mjd": 58872.56098380001,
        "passband": 2,
        "mag": 19.4845,
        "mag_err": 0.191247,
        "locus_id": "ZTF20aaervyn"
    },
    "7": {
        "mjd": 58875.482338,
        "passband": 1,
        "mag": 20.052,
        "mag_err": 0.249032,
        "locus_id": "ZTF20aaervyn"
    },
    "8": {
        "mjd": 58875.55552080001,
        "passband": 2,
        "mag": 19.7404,
        "mag_err": 0.18856199999999998,
        "locus_id": "ZTF20aaervyn"
    },
    "9": {
        "mjd": 58878.525034700004,
        "passband": 1,
        "mag": 20.2867,
        "mag_err": 0.227082,
        "locus_id": "ZTF20aaervyn"
    },
    "10": {
        "mjd": 58878.5614005,
        "passband": 2,
        "mag": 19.929000000000002,
        "mag_err": 0.207231,
        "locus_id": "ZTF20aaervyn"
    },
    "11": {
        "mjd": 58881.505509300005,
        "passband": 1,
        "mag": 20.7283,
        "mag_err": 0.272982,
        "locus_id": "ZTF20aaervyn"
    },
    "12": {
        "mjd": 58881.5439005,
        "passband": 2,
        "mag": 20.0045,
        "mag_err": 0.169587,
        "locus_id": "ZTF20aaervyn"
    }
}