{
    "0": {
        "mjd": 58862.1128819,
        "passband": 1,
        "mag": 20.0119,
        "mag_err": 0.156554,
        "locus_id": "ZTF20aafdglk"
    },
    "1": {
        "mjd": 58864.10895830001,
        "passband": 1,
        "mag": 19.0755,
        "mag_err": 0.08589939999999999,
        "locus_id": "ZTF20aafdglk"
    },
    "2": {
        "mjd": 58867.140636599994,
        "passband": 1,
        "mag": 18.38,
        "mag_err": 0.137012,
        "locus_id": "ZTF20aafdglk"
    },
    "3": {
        "mjd": 58871.09064809999,
        "passband": 2,
        "mag": 18.0469,
        "mag_err": 0.0566974,
        "locus_id": "ZTF20aafdglk"
    },
    "4": {
        "mjd": 58871.163101900005,
        "passband": 1,
        "mag": 18.005,
        "mag_err": 0.07380060000000001,
        "locus_id": "ZTF20aafdglk"
    },
    "5": {
        "mjd": 58874.1147569,
        "passband": 2,
        "mag": 17.9502,
        "mag_err": 0.06929860000000002,
        "locus_id": "ZTF20aafdglk"
    },
    "6": {
        "mjd": 58874.1602894,
        "passband": 1,
        "mag": 17.9038,
        "mag_err": 0.0710832,
        "locus_id": "ZTF20aafdglk"
    },
    "7": {
        "mjd": 58877.1235185,
        "passband": 2,
        "mag": 17.9106,
        "mag_err": 0.05387719999999999,
        "locus_id": "ZTF20aafdglk"
    },
    "8": {
        "mjd": 58877.17980319999,
        "passband": 1,
        "mag": 17.959,
        "mag_err": 0.06773839999999999,
        "locus_id": "ZTF20aafdglk"
    },
    "9": {
        "mjd": 58880.11276619999,
        "passband": 1,
        "mag": 18.1075,
        "mag_err": 0.0486082,
        "locus_id": "ZTF20aafdglk"
    },
    "10": {
        "mjd": 58880.1510995,
        "passband": 2,
        "mag": 17.9613,
        "mag_err": 0.07143139999999999,
        "locus_id": "ZTF20aafdglk"
    },
    "11": {
        "mjd": 58882.116458300006,
        "passband": 1,
        "mag": 18.3122,
        "mag_err": 0.0738268,
        "locus_id": "ZTF20aafdglk"
    },
    "12": {
        "mjd": 58884.10949069999,
        "passband": 1,
        "mag": 18.4568,
        "mag_err": 0.139835,
        "locus_id": "ZTF20aafdglk"
    },
    "13": {
        "mjd": 58884.1317824,
        "passband": 2,
        "mag": 18.1638,
        "mag_err": 0.0911984,
        "locus_id": "ZTF20aafdglk"
    },
    "14": {
        "mjd": 58887.1122222,
        "passband": 2,
        "mag": 18.2844,
        "mag_err": 0.0767597,
        "locus_id": "ZTF20aafdglk"
    },
    "15": {
        "mjd": 58887.1778819,
        "passband": 1,
        "mag": 18.781,
        "mag_err": 0.132579,
        "locus_id": "ZTF20aafdglk"
    },
    "16": {
        "mjd": 58891.1127431,
        "passband": 2,
        "mag": 18.570999999999998,
        "mag_err": 0.0778557,
        "locus_id": "ZTF20aafdglk"
    },
    "17": {
        "mjd": 58891.158564800004,
        "passband": 1,
        "mag": 19.2453,
        "mag_err": 0.14344300000000001,
        "locus_id": "ZTF20aafdglk"
    },
    "18": {
        "mjd": 58894.1312847,
        "passband": 2,
        "mag": 18.5745,
        "mag_err": 0.0685877,
        "locus_id": "ZTF20aafdglk"
    },
    "19": {
        "mjd": 58894.158761599996,
        "passband": 1,
        "mag": 19.7499,
        "mag_err": 0.20033399999999998,
        "locus_id": "ZTF20aafdglk"
    },
    "20": {
        "mjd": 58905.1186921,
        "passband": 2,
        "mag": 18.9764,
        "mag_err": 0.18491400000000002,
        "locus_id": "ZTF20aafdglk"
    }
}