{
    "0": {
        "mjd": 58904.4405093,
        "passband": 1,
        "mag": 18.7529,
        "mag_err": 0.11680499999999999,
        "locus_id": "ZTF20aarasxl"
    },
    "1": {
        "mjd": 58908.3537847,
        "passband": 1,
        "mag": 18.032,
        "mag_err": 0.06161030000000001,
        "locus_id": "ZTF20aarasxl"
    },
    "2": {
        "mjd": 58911.4371296,
        "passband": 1,
        "mag": 17.8309,
        "mag_err": 0.052245400000000004,
        "locus_id": "ZTF20aarasxl"
    },
    "3": {
        "mjd": 58911.455428199995,
        "passband": 2,
        "mag": 17.7124,
        "mag_err": 0.061186199999999996,
        "locus_id": "ZTF20aarasxl"
    },
    "4": {
        "mjd": 58914.5043981,
        "passband": 2,
        "mag": 17.6407,
        "mag_err": 0.07194880000000001,
        "locus_id": "ZTF20aarasxl"
    }
}