{
    "0": {
        "mjd": 58871.4408681,
        "passband": 1,
        "mag": 19.9825,
        "mag_err": 0.144938,
        "locus_id": "ZTF20aahggbm"
    },
    "1": {
        "mjd": 58871.4845486,
        "passband": 2,
        "mag": 19.9436,
        "mag_err": 0.154198,
        "locus_id": "ZTF20aahggbm"
    },
    "2": {
        "mjd": 58874.397141199996,
        "passband": 1,
        "mag": 19.3221,
        "mag_err": 0.07986139999999999,
        "locus_id": "ZTF20aahggbm"
    },
    "3": {
        "mjd": 58877.396145800005,
        "passband": 1,
        "mag": 18.8176,
        "mag_err": 0.06854500000000001,
        "locus_id": "ZTF20aahggbm"
    },
    "4": {
        "mjd": 58877.4836921,
        "passband": 2,
        "mag": 18.9163,
        "mag_err": 0.047901,
        "locus_id": "ZTF20aahggbm"
    },
    "5": {
        "mjd": 58880.43932869999,
        "passband": 1,
        "mag": 18.6994,
        "mag_err": 0.0411034,
        "locus_id": "ZTF20aahggbm"
    },
    "6": {
        "mjd": 58880.5184722,
        "passband": 2,
        "mag": 18.7934,
        "mag_err": 0.0694216,
        "locus_id": "ZTF20aahggbm"
    },
    "7": {
        "mjd": 58883.46116900001,
        "passband": 1,
        "mag": 18.7646,
        "mag_err": 0.0818795,
        "locus_id": "ZTF20aahggbm"
    },
    "8": {
        "mjd": 58883.50451390001,
        "passband": 2,
        "mag": 18.7104,
        "mag_err": 0.11313800000000002,
        "locus_id": "ZTF20aahggbm"
    },
    "9": {
        "mjd": 58886.310706,
        "passband": 2,
        "mag": 18.7046,
        "mag_err": 0.10971099999999999,
        "locus_id": "ZTF20aahggbm"
    },
    "10": {
        "mjd": 58886.43945599999,
        "passband": 1,
        "mag": 18.8319,
        "mag_err": 0.0906316,
        "locus_id": "ZTF20aahggbm"
    },
    "11": {
        "mjd": 58891.3202546,
        "passband": 2,
        "mag": 18.9551,
        "mag_err": 0.12793800000000002,
        "locus_id": "ZTF20aahggbm"
    },
    "12": {
        "mjd": 58891.4208796,
        "passband": 1,
        "mag": 18.9491,
        "mag_err": 0.201416,
        "locus_id": "ZTF20aahggbm"
    },
    "13": {
        "mjd": 58894.35370369999,
        "passband": 1,
        "mag": 19.5072,
        "mag_err": 0.11555699999999999,
        "locus_id": "ZTF20aahggbm"
    },
    "14": {
        "mjd": 58894.4683449,
        "passband": 2,
        "mag": 19.3211,
        "mag_err": 0.09169189999999999,
        "locus_id": "ZTF20aahggbm"
    },
    "15": {
        "mjd": 58898.34001159999,
        "passband": 2,
        "mag": 19.4684,
        "mag_err": 0.105529,
        "locus_id": "ZTF20aahggbm"
    },
    "16": {
        "mjd": 58898.38098380001,
        "passband": 1,
        "mag": 19.9937,
        "mag_err": 0.147092,
        "locus_id": "ZTF20aahggbm"
    },
    "17": {
        "mjd": 58899.3358796,
        "passband": 2,
        "mag": 19.4205,
        "mag_err": 0.094443,
        "locus_id": "ZTF20aahggbm"
    },
    "18": {
        "mjd": 58899.37901619999,
        "passband": 1,
        "mag": 20.0846,
        "mag_err": 0.130148,
        "locus_id": "ZTF20aahggbm"
    },
    "19": {
        "mjd": 58900.330046300005,
        "passband": 1,
        "mag": 20.2873,
        "mag_err": 0.180674,
        "locus_id": "ZTF20aahggbm"
    },
    "20": {
        "mjd": 58900.401296300006,
        "passband": 2,
        "mag": 19.5571,
        "mag_err": 0.087018,
        "locus_id": "ZTF20aahggbm"
    },
    "21": {
        "mjd": 58901.379236099994,
        "passband": 2,
        "mag": 19.4574,
        "mag_err": 0.116271,
        "locus_id": "ZTF20aahggbm"
    },
    "22": {
        "mjd": 58903.3348727,
        "passband": 1,
        "mag": 20.3951,
        "mag_err": 0.14391700000000002,
        "locus_id": "ZTF20aahggbm"
    },
    "23": {
        "mjd": 58904.2470023,
        "passband": 2,
        "mag": 19.467,
        "mag_err": 0.152857,
        "locus_id": "ZTF20aahggbm"
    },
    "24": {
        "mjd": 58904.2962153,
        "passband": 1,
        "mag": 20.7519,
        "mag_err": 0.256714,
        "locus_id": "ZTF20aahggbm"
    },
    "25": {
        "mjd": 58906.2485648,
        "passband": 2,
        "mag": 19.6567,
        "mag_err": 0.150079,
        "locus_id": "ZTF20aahggbm"
    },
    "26": {
        "mjd": 58911.233703699996,
        "passband": 2,
        "mag": 19.8488,
        "mag_err": 0.18373399999999998,
        "locus_id": "ZTF20aahggbm"
    }
}