{
    "0": {
        "mjd": 58898.1384954,
        "passband": 2,
        "mag": 19.3853,
        "mag_err": 0.12275799999999999,
        "locus_id": "ZTF20aaomtwl"
    },
    "1": {
        "mjd": 58898.1631713,
        "passband": 2,
        "mag": 19.3232,
        "mag_err": 0.079919,
        "locus_id": "ZTF20aaomtwl"
    },
    "2": {
        "mjd": 58898.236053199995,
        "passband": 1,
        "mag": 19.1817,
        "mag_err": 0.090214,
        "locus_id": "ZTF20aaomtwl"
    },
    "3": {
        "mjd": 58899.22429400001,
        "passband": 1,
        "mag": 18.5879,
        "mag_err": 0.05782999999999999,
        "locus_id": "ZTF20aaomtwl"
    },
    "4": {
        "mjd": 58900.1860995,
        "passband": 2,
        "mag": 17.9525,
        "mag_err": 0.120001,
        "locus_id": "ZTF20aaomtwl"
    },
    "5": {
        "mjd": 58903.1721181,
        "passband": 2,
        "mag": 17.1395,
        "mag_err": 0.0403584,
        "locus_id": "ZTF20aaomtwl"
    },
    "6": {
        "mjd": 58903.18208330001,
        "passband": 2,
        "mag": 17.1646,
        "mag_err": 0.0385599,
        "locus_id": "ZTF20aaomtwl"
    },
    "7": {
        "mjd": 58903.242928199994,
        "passband": 1,
        "mag": 16.9957,
        "mag_err": 0.0408505,
        "locus_id": "ZTF20aaomtwl"
    },
    "8": {
        "mjd": 58904.15870369999,
        "passband": 1,
        "mag": 16.775,
        "mag_err": 0.045453,
        "locus_id": "ZTF20aaomtwl"
    },
    "9": {
        "mjd": 58906.1449884,
        "passband": 1,
        "mag": 16.408,
        "mag_err": 0.026949,
        "locus_id": "ZTF20aaomtwl"
    },
    "10": {
        "mjd": 58906.16877309999,
        "passband": 2,
        "mag": 16.5477,
        "mag_err": 0.032518,
        "locus_id": "ZTF20aaomtwl"
    },
    "11": {
        "mjd": 58906.2626505,
        "passband": 1,
        "mag": 16.3789,
        "mag_err": 0.034831,
        "locus_id": "ZTF20aaomtwl"
    },
    "12": {
        "mjd": 58909.1145023,
        "passband": 2,
        "mag": 16.2566,
        "mag_err": 0.029535200000000005,
        "locus_id": "ZTF20aaomtwl"
    },
    "13": {
        "mjd": 58909.16199069999,
        "passband": 2,
        "mag": 16.3051,
        "mag_err": 0.0456601,
        "locus_id": "ZTF20aaomtwl"
    },
    "14": {
        "mjd": 58909.189108800005,
        "passband": 1,
        "mag": 16.0692,
        "mag_err": 0.033084300000000004,
        "locus_id": "ZTF20aaomtwl"
    },
    "15": {
        "mjd": 58912.165046300004,
        "passband": 1,
        "mag": 15.8747,
        "mag_err": 0.0254715,
        "locus_id": "ZTF20aaomtwl"
    },
    "16": {
        "mjd": 58912.17395830001,
        "passband": 2,
        "mag": 16.0753,
        "mag_err": 0.0293163,
        "locus_id": "ZTF20aaomtwl"
    },
    "17": {
        "mjd": 58915.143796300006,
        "passband": 2,
        "mag": 15.9902,
        "mag_err": 0.0396263,
        "locus_id": "ZTF20aaomtwl"
    },
    "18": {
        "mjd": 58915.1721528,
        "passband": 1,
        "mag": 15.8557,
        "mag_err": 0.0290726,
        "locus_id": "ZTF20aaomtwl"
    },
    "19": {
        "mjd": 58917.2282523,
        "passband": 1,
        "mag": 15.880999999999998,
        "mag_err": 0.0389754,
        "locus_id": "ZTF20aaomtwl"
    },
    "20": {
        "mjd": 58938.160231500005,
        "passband": 2,
        "mag": 16.9108,
        "mag_err": 0.0476172,
        "locus_id": "ZTF20aaomtwl"
    },
    "21": {
        "mjd": 58944.1528472,
        "passband": 2,
        "mag": 16.9971,
        "mag_err": 0.039791900000000005,
        "locus_id": "ZTF20aaomtwl"
    },
    "22": {
        "mjd": 58944.19410880001,
        "passband": 1,
        "mag": 17.6855,
        "mag_err": 0.064694,
        "locus_id": "ZTF20aaomtwl"
    },
    "23": {
        "mjd": 58955.198229199996,
        "passband": 2,
        "mag": 17.5059,
        "mag_err": 0.0435222,
        "locus_id": "ZTF20aaomtwl"
    },
    "24": {
        "mjd": 58963.1631713,
        "passband": 1,
        "mag": 18.5944,
        "mag_err": 0.06475750000000001,
        "locus_id": "ZTF20aaomtwl"
    },
    "25": {
        "mjd": 58963.1826968,
        "passband": 1,
        "mag": 18.6008,
        "mag_err": 0.0543687,
        "locus_id": "ZTF20aaomtwl"
    },
    "26": {
        "mjd": 58970.2148843,
        "passband": 1,
        "mag": 18.7605,
        "mag_err": 0.12747999999999998,
        "locus_id": "ZTF20aaomtwl"
    },
    "27": {
        "mjd": 58973.1601505,
        "passband": 2,
        "mag": 18.2154,
        "mag_err": 0.0723504,
        "locus_id": "ZTF20aaomtwl"
    },
    "28": {
        "mjd": 58973.2005671,
        "passband": 1,
        "mag": 18.7374,
        "mag_err": 0.138011,
        "locus_id": "ZTF20aaomtwl"
    },
    "29": {
        "mjd": 58976.224838,
        "passband": 2,
        "mag": 18.2008,
        "mag_err": 0.10719000000000001,
        "locus_id": "ZTF20aaomtwl"
    }
}