{
    "0": {
        "mjd": 58895.384074099995,
        "passband": 1,
        "mag": 20.2975,
        "mag_err": 0.29148,
        "locus_id": "ZTF20aaoxbju"
    },
    "1": {
        "mjd": 58898.3738773,
        "passband": 2,
        "mag": 19.795,
        "mag_err": 0.152534,
        "locus_id": "ZTF20aaoxbju"
    },
    "2": {
        "mjd": 58898.41949069999,
        "passband": 1,
        "mag": 19.5214,
        "mag_err": 0.114231,
        "locus_id": "ZTF20aaoxbju"
    },
    "3": {
        "mjd": 58899.400115699995,
        "passband": 1,
        "mag": 19.4629,
        "mag_err": 0.08859600000000001,
        "locus_id": "ZTF20aaoxbju"
    },
    "4": {
        "mjd": 58899.4410069,
        "passband": 2,
        "mag": 19.6159,
        "mag_err": 0.141309,
        "locus_id": "ZTF20aaoxbju"
    },
    "5": {
        "mjd": 58900.437523099994,
        "passband": 2,
        "mag": 19.6584,
        "mag_err": 0.174264,
        "locus_id": "ZTF20aaoxbju"
    },
    "6": {
        "mjd": 58901.4189005,
        "passband": 2,
        "mag": 19.5174,
        "mag_err": 0.194197,
        "locus_id": "ZTF20aaoxbju"
    },
    "7": {
        "mjd": 58903.356863400004,
        "passband": 1,
        "mag": 19.3934,
        "mag_err": 0.12953900000000002,
        "locus_id": "ZTF20aaoxbju"
    },
    "8": {
        "mjd": 58904.4588079,
        "passband": 1,
        "mag": 19.3847,
        "mag_err": 0.12648399999999999,
        "locus_id": "ZTF20aaoxbju"
    },
    "9": {
        "mjd": 58904.4705556,
        "passband": 2,
        "mag": 19.5191,
        "mag_err": 0.186113,
        "locus_id": "ZTF20aaoxbju"
    },
    "10": {
        "mjd": 58905.30739580001,
        "passband": 1,
        "mag": 19.49,
        "mag_err": 0.15393199999999999,
        "locus_id": "ZTF20aaoxbju"
    },
    "11": {
        "mjd": 58906.333830999996,
        "passband": 1,
        "mag": 19.5431,
        "mag_err": 0.140711,
        "locus_id": "ZTF20aaoxbju"
    },
    "12": {
        "mjd": 58906.44592590001,
        "passband": 2,
        "mag": 19.471,
        "mag_err": 0.197774,
        "locus_id": "ZTF20aaoxbju"
    },
    "13": {
        "mjd": 58908.340925900004,
        "passband": 1,
        "mag": 19.4839,
        "mag_err": 0.124358,
        "locus_id": "ZTF20aaoxbju"
    },
    "14": {
        "mjd": 58908.340925900004,
        "passband": 1,
        "mag": 19.4839,
        "mag_err": 0.124358,
        "locus_id": "ZTF20aaoxbju"
    },
    "15": {
        "mjd": 58908.4496528,
        "passband": 2,
        "mag": 19.4803,
        "mag_err": 0.12562,
        "locus_id": "ZTF20aaoxbju"
    },
    "16": {
        "mjd": 58908.4496528,
        "passband": 2,
        "mag": 19.4803,
        "mag_err": 0.12562,
        "locus_id": "ZTF20aaoxbju"
    },
    "17": {
        "mjd": 58911.399386599995,
        "passband": 1,
        "mag": 19.4447,
        "mag_err": 0.122983,
        "locus_id": "ZTF20aaoxbju"
    },
    "18": {
        "mjd": 58911.446365699994,
        "passband": 2,
        "mag": 19.4189,
        "mag_err": 0.149552,
        "locus_id": "ZTF20aaoxbju"
    },
    "19": {
        "mjd": 58912.4466898,
        "passband": 2,
        "mag": 19.5178,
        "mag_err": 0.131536,
        "locus_id": "ZTF20aaoxbju"
    },
    "20": {
        "mjd": 58913.33089119999,
        "passband": 1,
        "mag": 19.7117,
        "mag_err": 0.239441,
        "locus_id": "ZTF20aaoxbju"
    },
    "21": {
        "mjd": 58913.445335599994,
        "passband": 2,
        "mag": 19.4144,
        "mag_err": 0.186919,
        "locus_id": "ZTF20aaoxbju"
    },
    "22": {
        "mjd": 58914.3778704,
        "passband": 2,
        "mag": 19.5207,
        "mag_err": 0.138518,
        "locus_id": "ZTF20aaoxbju"
    },
    "23": {
        "mjd": 58914.4247454,
        "passband": 1,
        "mag": 19.6785,
        "mag_err": 0.242502,
        "locus_id": "ZTF20aaoxbju"
    },
    "24": {
        "mjd": 58915.4444676,
        "passband": 1,
        "mag": 19.5878,
        "mag_err": 0.212402,
        "locus_id": "ZTF20aaoxbju"
    },
    "25": {
        "mjd": 58936.4128819,
        "passband": 2,
        "mag": 19.7992,
        "mag_err": 0.16456099999999999,
        "locus_id": "ZTF20aaoxbju"
    },
    "26": {
        "mjd": 58955.2811921,
        "passband": 2,
        "mag": 19.8499,
        "mag_err": 0.191333,
        "locus_id": "ZTF20aaoxbju"
    },
    "27": {
        "mjd": 58968.200833300005,
        "passband": 2,
        "mag": 20.1094,
        "mag_err": 0.21030100000000002,
        "locus_id": "ZTF20aaoxbju"
    }
}