{
    "0": {
        "mjd": 58936.252199099996,
        "passband": 1,
        "mag": 20.4376,
        "mag_err": 0.256141,
        "locus_id": "ZTF20aatxnxq"
    },
    "1": {
        "mjd": 58939.20261569999,
        "passband": 2,
        "mag": 19.5546,
        "mag_err": 0.162249,
        "locus_id": "ZTF20aatxnxq"
    },
    "2": {
        "mjd": 58939.223958300005,
        "passband": 2,
        "mag": 19.7126,
        "mag_err": 0.17518699999999998,
        "locus_id": "ZTF20aatxnxq"
    },
    "3": {
        "mjd": 58939.293611099994,
        "passband": 1,
        "mag": 19.4504,
        "mag_err": 0.16777999999999998,
        "locus_id": "ZTF20aatxnxq"
    },
    "4": {
        "mjd": 58955.18739580001,
        "passband": 1,
        "mag": 18.0581,
        "mag_err": 0.0779442,
        "locus_id": "ZTF20aatxnxq"
    },
    "5": {
        "mjd": 58955.24958330001,
        "passband": 2,
        "mag": 18.2743,
        "mag_err": 0.0598391,
        "locus_id": "ZTF20aatxnxq"
    },
    "6": {
        "mjd": 58962.1684954,
        "passband": 2,
        "mag": 18.5416,
        "mag_err": 0.069611,
        "locus_id": "ZTF20aatxnxq"
    },
    "7": {
        "mjd": 58962.21373840001,
        "passband": 1,
        "mag": 18.5406,
        "mag_err": 0.0758084,
        "locus_id": "ZTF20aatxnxq"
    },
    "8": {
        "mjd": 58964.204108800004,
        "passband": 1,
        "mag": 18.7271,
        "mag_err": 0.09111489999999998,
        "locus_id": "ZTF20aatxnxq"
    },
    "9": {
        "mjd": 58966.1929745,
        "passband": 2,
        "mag": 18.5314,
        "mag_err": 0.151077,
        "locus_id": "ZTF20aatxnxq"
    },
    "10": {
        "mjd": 58973.170914400005,
        "passband": 2,
        "mag": 18.8038,
        "mag_err": 0.16289700000000001,
        "locus_id": "ZTF20aatxnxq"
    },
    "11": {
        "mjd": 58976.1754051,
        "passband": 1,
        "mag": 19.658,
        "mag_err": 0.289435,
        "locus_id": "ZTF20aatxnxq"
    },
    "12": {
        "mjd": 58980.1721296,
        "passband": 1,
        "mag": 20.2612,
        "mag_err": 0.198567,
        "locus_id": "ZTF20aatxnxq"
    },
    "13": {
        "mjd": 58980.2325926,
        "passband": 2,
        "mag": 19.2238,
        "mag_err": 0.10430199999999999,
        "locus_id": "ZTF20aatxnxq"
    },
    "14": {
        "mjd": 58986.194351900005,
        "passband": 1,
        "mag": 20.3286,
        "mag_err": 0.250013,
        "locus_id": "ZTF20aatxnxq"
    },
    "15": {
        "mjd": 58986.2331829,
        "passband": 2,
        "mag": 19.4087,
        "mag_err": 0.13147899999999998,
        "locus_id": "ZTF20aatxnxq"
    }
}