{
    "0": {
        "mjd": 58885.440231500004,
        "passband": 1,
        "mag": 19.5856,
        "mag_err": 0.32476900000000003,
        "locus_id": "ZTF20aammbrw"
    },
    "1": {
        "mjd": 58885.4864352,
        "passband": 2,
        "mag": 19.5528,
        "mag_err": 0.30338899999999996,
        "locus_id": "ZTF20aammbrw"
    },
    "2": {
        "mjd": 58888.2737153,
        "passband": 1,
        "mag": 18.9299,
        "mag_err": 0.299448,
        "locus_id": "ZTF20aammbrw"
    },
    "3": {
        "mjd": 58888.41951390001,
        "passband": 2,
        "mag": 18.8272,
        "mag_err": 0.210296,
        "locus_id": "ZTF20aammbrw"
    },
    "4": {
        "mjd": 58892.3117361,
        "passband": 2,
        "mag": 18.3774,
        "mag_err": 0.115522,
        "locus_id": "ZTF20aammbrw"
    },
    "5": {
        "mjd": 58892.314606500004,
        "passband": 2,
        "mag": 18.3743,
        "mag_err": 0.101878,
        "locus_id": "ZTF20aammbrw"
    },
    "6": {
        "mjd": 58892.3559259,
        "passband": 1,
        "mag": 18.2776,
        "mag_err": 0.0989364,
        "locus_id": "ZTF20aammbrw"
    },
    "7": {
        "mjd": 58892.3777546,
        "passband": 1,
        "mag": 18.2688,
        "mag_err": 0.0966554,
        "locus_id": "ZTF20aammbrw"
    },
    "8": {
        "mjd": 58895.380891199995,
        "passband": 1,
        "mag": 18.0682,
        "mag_err": 0.07098510000000001,
        "locus_id": "ZTF20aammbrw"
    },
    "9": {
        "mjd": 58895.423483800005,
        "passband": 2,
        "mag": 18.2217,
        "mag_err": 0.0673068,
        "locus_id": "ZTF20aammbrw"
    },
    "10": {
        "mjd": 58895.42394680001,
        "passband": 2,
        "mag": 18.2473,
        "mag_err": 0.0976831,
        "locus_id": "ZTF20aammbrw"
    },
    "11": {
        "mjd": 58898.3349306,
        "passband": 2,
        "mag": 18.2577,
        "mag_err": 0.081414,
        "locus_id": "ZTF20aammbrw"
    },
    "12": {
        "mjd": 58898.3553125,
        "passband": 2,
        "mag": 18.1445,
        "mag_err": 0.073081,
        "locus_id": "ZTF20aammbrw"
    },
    "13": {
        "mjd": 58898.3773495,
        "passband": 1,
        "mag": 18.0747,
        "mag_err": 0.057990599999999996,
        "locus_id": "ZTF20aammbrw"
    },
    "14": {
        "mjd": 58901.3769676,
        "passband": 2,
        "mag": 18.160999999999998,
        "mag_err": 0.0740508,
        "locus_id": "ZTF20aammbrw"
    },
    "15": {
        "mjd": 58904.24969909999,
        "passband": 2,
        "mag": 18.3966,
        "mag_err": 0.087907,
        "locus_id": "ZTF20aammbrw"
    },
    "16": {
        "mjd": 58905.3128472,
        "passband": 1,
        "mag": 18.3128,
        "mag_err": 0.11900799999999999,
        "locus_id": "ZTF20aammbrw"
    },
    "17": {
        "mjd": 58911.35760419999,
        "passband": 1,
        "mag": 18.8623,
        "mag_err": 0.136604,
        "locus_id": "ZTF20aammbrw"
    },
    "18": {
        "mjd": 58912.400011599995,
        "passband": 2,
        "mag": 18.7249,
        "mag_err": 0.12428800000000001,
        "locus_id": "ZTF20aammbrw"
    },
    "19": {
        "mjd": 58915.23291669999,
        "passband": 1,
        "mag": 19.4169,
        "mag_err": 0.300236,
        "locus_id": "ZTF20aammbrw"
    },
    "20": {
        "mjd": 58915.3753704,
        "passband": 2,
        "mag": 18.9934,
        "mag_err": 0.17339300000000002,
        "locus_id": "ZTF20aammbrw"
    }
}