{
    "0": {
        "mjd": 58894.3699074,
        "passband": 1,
        "mag": 20.1244,
        "mag_err": 0.195848,
        "locus_id": "ZTF20aansktb"
    },
    "1": {
        "mjd": 58894.4636574,
        "passband": 2,
        "mag": 20.4146,
        "mag_err": 0.20801599999999998,
        "locus_id": "ZTF20aansktb"
    },
    "2": {
        "mjd": 58894.4999537,
        "passband": 2,
        "mag": 20.1867,
        "mag_err": 0.270113,
        "locus_id": "ZTF20aansktb"
    },
    "3": {
        "mjd": 58898.4020718,
        "passband": 1,
        "mag": 19.3008,
        "mag_err": 0.098339,
        "locus_id": "ZTF20aansktb"
    },
    "4": {
        "mjd": 58898.461608800004,
        "passband": 2,
        "mag": 19.417,
        "mag_err": 0.11043599999999999,
        "locus_id": "ZTF20aansktb"
    },
    "5": {
        "mjd": 58903.373020800005,
        "passband": 1,
        "mag": 18.7555,
        "mag_err": 0.072576,
        "locus_id": "ZTF20aansktb"
    },
    "6": {
        "mjd": 58903.4176273,
        "passband": 2,
        "mag": 18.9066,
        "mag_err": 0.08064299999999999,
        "locus_id": "ZTF20aansktb"
    },
    "7": {
        "mjd": 58906.350463,
        "passband": 1,
        "mag": 18.7094,
        "mag_err": 0.09728200000000001,
        "locus_id": "ZTF20aansktb"
    },
    "8": {
        "mjd": 58906.443634300005,
        "passband": 2,
        "mag": 18.7933,
        "mag_err": 0.091085,
        "locus_id": "ZTF20aansktb"
    },
    "9": {
        "mjd": 58911.4632755,
        "passband": 2,
        "mag": 18.7389,
        "mag_err": 0.0805682,
        "locus_id": "ZTF20aansktb"
    },
    "10": {
        "mjd": 58914.4067477,
        "passband": 2,
        "mag": 18.8209,
        "mag_err": 0.091673,
        "locus_id": "ZTF20aansktb"
    },
    "11": {
        "mjd": 58914.4736574,
        "passband": 1,
        "mag": 18.8747,
        "mag_err": 0.110403,
        "locus_id": "ZTF20aansktb"
    },
    "12": {
        "mjd": 58936.4114931,
        "passband": 2,
        "mag": 19.6723,
        "mag_err": 0.14799500000000002,
        "locus_id": "ZTF20aansktb"
    },
    "13": {
        "mjd": 58937.392963,
        "passband": 1,
        "mag": 20.776999999999997,
        "mag_err": 0.194676,
        "locus_id": "ZTF20aansktb"
    },
    "14": {
        "mjd": 58940.3832523,
        "passband": 1,
        "mag": 20.8833,
        "mag_err": 0.403492,
        "locus_id": "ZTF20aansktb"
    },
    "15": {
        "mjd": 58941.406087999996,
        "passband": 2,
        "mag": 19.9347,
        "mag_err": 0.19459300000000002,
        "locus_id": "ZTF20aansktb"
    }
}