{
    "0": {
        "mjd": 58861.09560190001,
        "passband": 1,
        "mag": 19.4486,
        "mag_err": 0.173742,
        "locus_id": "ZTF20aaezaxk"
    },
    "1": {
        "mjd": 58862.108738400006,
        "passband": 1,
        "mag": 19.3963,
        "mag_err": 0.18110199999999999,
        "locus_id": "ZTF20aaezaxk"
    },
    "2": {
        "mjd": 58864.145798599995,
        "passband": 1,
        "mag": 18.9209,
        "mag_err": 0.09887989999999999,
        "locus_id": "ZTF20aaezaxk"
    },
    "3": {
        "mjd": 58867.1094097,
        "passband": 2,
        "mag": 18.6885,
        "mag_err": 0.12128299999999999,
        "locus_id": "ZTF20aaezaxk"
    },
    "4": {
        "mjd": 58867.1443171,
        "passband": 1,
        "mag": 18.4601,
        "mag_err": 0.263762,
        "locus_id": "ZTF20aaezaxk"
    },
    "5": {
        "mjd": 58871.101713,
        "passband": 2,
        "mag": 18.5313,
        "mag_err": 0.0631683,
        "locus_id": "ZTF20aaezaxk"
    },
    "6": {
        "mjd": 58871.1075579,
        "passband": 2,
        "mag": 18.485,
        "mag_err": 0.075736,
        "locus_id": "ZTF20aaezaxk"
    },
    "7": {
        "mjd": 58871.15513890001,
        "passband": 1,
        "mag": 18.4214,
        "mag_err": 0.09566260000000001,
        "locus_id": "ZTF20aaezaxk"
    },
    "8": {
        "mjd": 58874.1244676,
        "passband": 2,
        "mag": 18.5063,
        "mag_err": 0.144925,
        "locus_id": "ZTF20aaezaxk"
    },
    "9": {
        "mjd": 58874.1625579,
        "passband": 1,
        "mag": 18.5856,
        "mag_err": 0.0896314,
        "locus_id": "ZTF20aaezaxk"
    },
    "10": {
        "mjd": 58877.137048599994,
        "passband": 2,
        "mag": 18.5942,
        "mag_err": 0.0752268,
        "locus_id": "ZTF20aaezaxk"
    },
    "11": {
        "mjd": 58877.1852431,
        "passband": 1,
        "mag": 18.7245,
        "mag_err": 0.14044500000000001,
        "locus_id": "ZTF20aaezaxk"
    },
    "12": {
        "mjd": 58882.11186340001,
        "passband": 1,
        "mag": 18.942,
        "mag_err": 0.16580599999999998,
        "locus_id": "ZTF20aaezaxk"
    },
    "13": {
        "mjd": 58882.11510419999,
        "passband": 1,
        "mag": 19.0429,
        "mag_err": 0.140881,
        "locus_id": "ZTF20aaezaxk"
    },
    "14": {
        "mjd": 58882.1326389,
        "passband": 2,
        "mag": 18.6773,
        "mag_err": 0.0912485,
        "locus_id": "ZTF20aaezaxk"
    },
    "15": {
        "mjd": 58885.1164699,
        "passband": 1,
        "mag": 19.4247,
        "mag_err": 0.251786,
        "locus_id": "ZTF20aaezaxk"
    },
    "16": {
        "mjd": 58885.1399421,
        "passband": 2,
        "mag": 19.0369,
        "mag_err": 0.156629,
        "locus_id": "ZTF20aaezaxk"
    },
    "17": {
        "mjd": 58891.1104745,
        "passband": 2,
        "mag": 19.209,
        "mag_err": 0.10881199999999999,
        "locus_id": "ZTF20aaezaxk"
    }
}