{
    "0": {
        "mjd": 58852.52486109999,
        "passband": 1,
        "mag": 18.7082,
        "mag_err": 0.0858453,
        "locus_id": "ZTF20aadcbux"
    },
    "1": {
        "mjd": 58852.5627546,
        "passband": 2,
        "mag": 18.587,
        "mag_err": 0.09234389999999999,
        "locus_id": "ZTF20aadcbux"
    },
    "2": {
        "mjd": 58855.5021181,
        "passband": 1,
        "mag": 18.8329,
        "mag_err": 0.105101,
        "locus_id": "ZTF20aadcbux"
    },
    "3": {
        "mjd": 58861.5199421,
        "passband": 1,
        "mag": 19.5846,
        "mag_err": 0.345244,
        "locus_id": "ZTF20aadcbux"
    },
    "4": {
        "mjd": 58864.5212153,
        "passband": 2,
        "mag": 19.1428,
        "mag_err": 0.135465,
        "locus_id": "ZTF20aadcbux"
    },
    "5": {
        "mjd": 58872.4439005,
        "passband": 1,
        "mag": 20.1331,
        "mag_err": 0.234853,
        "locus_id": "ZTF20aadcbux"
    },
    "6": {
        "mjd": 58872.565138900005,
        "passband": 2,
        "mag": 19.7022,
        "mag_err": 0.23731999999999998,
        "locus_id": "ZTF20aadcbux"
    },
    "7": {
        "mjd": 58875.5559722,
        "passband": 2,
        "mag": 19.4788,
        "mag_err": 0.24934800000000001,
        "locus_id": "ZTF20aadcbux"
    },
    "8": {
        "mjd": 58878.561851900005,
        "passband": 2,
        "mag": 19.5178,
        "mag_err": 0.22982600000000003,
        "locus_id": "ZTF20aadcbux"
    },
    "9": {
        "mjd": 58881.544351900004,
        "passband": 2,
        "mag": 19.9228,
        "mag_err": 0.175741,
        "locus_id": "ZTF20aadcbux"
    },
    "10": {
        "mjd": 58884.5584954,
        "passband": 2,
        "mag": 19.8859,
        "mag_err": 0.17710399999999998,
        "locus_id": "ZTF20aadcbux"
    }
}