{
    "0": {
        "mjd": 58885.158761599996,
        "passband": 2,
        "mag": 18.0688,
        "mag_err": 0.108254,
        "locus_id": "ZTF20aambtea"
    },
    "1": {
        "mjd": 58892.148425900006,
        "passband": 1,
        "mag": 17.7167,
        "mag_err": 0.072977,
        "locus_id": "ZTF20aambtea"
    },
    "2": {
        "mjd": 58895.1060069,
        "passband": 2,
        "mag": 17.4617,
        "mag_err": 0.06676789999999999,
        "locus_id": "ZTF20aambtea"
    },
    "3": {
        "mjd": 58900.132476900006,
        "passband": 1,
        "mag": 17.2993,
        "mag_err": 0.05644690000000001,
        "locus_id": "ZTF20aambtea"
    },
    "4": {
        "mjd": 58900.1481944,
        "passband": 2,
        "mag": 17.0123,
        "mag_err": 0.039795599999999993,
        "locus_id": "ZTF20aambtea"
    },
    "5": {
        "mjd": 58905.1733449,
        "passband": 2,
        "mag": 16.7859,
        "mag_err": 0.0668697,
        "locus_id": "ZTF20aambtea"
    }
}