{
    "0": {
        "mjd": 58965.1829051,
        "passband": 2,
        "mag": 18.935,
        "mag_err": 0.0578226,
        "locus_id": "ZTF20aavvaup"
    },
    "1": {
        "mjd": 58965.2190972,
        "passband": 1,
        "mag": 18.7544,
        "mag_err": 0.0837751,
        "locus_id": "ZTF20aavvaup"
    },
    "2": {
        "mjd": 58968.1715972,
        "passband": 2,
        "mag": 18.4846,
        "mag_err": 0.0730751,
        "locus_id": "ZTF20aavvaup"
    },
    "3": {
        "mjd": 58968.2190972,
        "passband": 1,
        "mag": 18.4275,
        "mag_err": 0.0718921,
        "locus_id": "ZTF20aavvaup"
    },
    "4": {
        "mjd": 58971.1763079,
        "passband": 2,
        "mag": 18.1761,
        "mag_err": 0.0567492,
        "locus_id": "ZTF20aavvaup"
    },
    "5": {
        "mjd": 58971.18101849999,
        "passband": 2,
        "mag": 18.2495,
        "mag_err": 0.0616376,
        "locus_id": "ZTF20aavvaup"
    },
    "6": {
        "mjd": 58971.24042819999,
        "passband": 1,
        "mag": 18.2109,
        "mag_err": 0.075418,
        "locus_id": "ZTF20aavvaup"
    },
    "7": {
        "mjd": 58972.2028588,
        "passband": 2,
        "mag": 18.0775,
        "mag_err": 0.0646871,
        "locus_id": "ZTF20aavvaup"
    },
    "8": {
        "mjd": 58972.244803199996,
        "passband": 1,
        "mag": 18.2069,
        "mag_err": 0.095582,
        "locus_id": "ZTF20aavvaup"
    },
    "9": {
        "mjd": 58974.1810995,
        "passband": 1,
        "mag": 18.0752,
        "mag_err": 0.0524875,
        "locus_id": "ZTF20aavvaup"
    },
    "10": {
        "mjd": 58974.24657409999,
        "passband": 2,
        "mag": 17.9428,
        "mag_err": 0.07027280000000001,
        "locus_id": "ZTF20aavvaup"
    },
    "11": {
        "mjd": 58977.1605093,
        "passband": 1,
        "mag": 18.0417,
        "mag_err": 0.0832172,
        "locus_id": "ZTF20aavvaup"
    },
    "12": {
        "mjd": 58977.2259375,
        "passband": 2,
        "mag": 17.8506,
        "mag_err": 0.08278939999999999,
        "locus_id": "ZTF20aavvaup"
    },
    "13": {
        "mjd": 58980.17361109999,
        "passband": 1,
        "mag": 18.1143,
        "mag_err": 0.07041130000000001,
        "locus_id": "ZTF20aavvaup"
    },
    "14": {
        "mjd": 58980.2401273,
        "passband": 2,
        "mag": 17.7841,
        "mag_err": 0.0502501,
        "locus_id": "ZTF20aavvaup"
    },
    "15": {
        "mjd": 58985.1623727,
        "passband": 1,
        "mag": 18.3093,
        "mag_err": 0.088213,
        "locus_id": "ZTF20aavvaup"
    },
    "16": {
        "mjd": 58986.1826505,
        "passband": 1,
        "mag": 18.3949,
        "mag_err": 0.0918463,
        "locus_id": "ZTF20aavvaup"
    },
    "17": {
        "mjd": 58986.23879630001,
        "passband": 2,
        "mag": 17.8181,
        "mag_err": 0.047923400000000005,
        "locus_id": "ZTF20aavvaup"
    }
}