{
    "0": {
        "mjd": 58884.4324421,
        "passband": 1,
        "mag": 20.3532,
        "mag_err": 0.334119,
        "locus_id": "ZTF20aamgdkb"
    },
    "1": {
        "mjd": 58886.465080999995,
        "passband": 1,
        "mag": 19.6612,
        "mag_err": 0.24609499999999998,
        "locus_id": "ZTF20aamgdkb"
    },
    "2": {
        "mjd": 58887.24498840001,
        "passband": 1,
        "mag": 19.1583,
        "mag_err": 0.16178900000000002,
        "locus_id": "ZTF20aamgdkb"
    },
    "3": {
        "mjd": 58888.2797569,
        "passband": 1,
        "mag": 18.8408,
        "mag_err": 0.198493,
        "locus_id": "ZTF20aamgdkb"
    },
    "4": {
        "mjd": 58888.4310648,
        "passband": 2,
        "mag": 19.1748,
        "mag_err": 0.178337,
        "locus_id": "ZTF20aamgdkb"
    },
    "5": {
        "mjd": 58890.4278704,
        "passband": 2,
        "mag": 19.0295,
        "mag_err": 0.168679,
        "locus_id": "ZTF20aamgdkb"
    },
    "6": {
        "mjd": 58891.2218056,
        "passband": 1,
        "mag": 18.6578,
        "mag_err": 0.07989539999999999,
        "locus_id": "ZTF20aamgdkb"
    },
    "7": {
        "mjd": 58891.489328699994,
        "passband": 2,
        "mag": 18.8248,
        "mag_err": 0.0850314,
        "locus_id": "ZTF20aamgdkb"
    },
    "8": {
        "mjd": 58893.198125,
        "passband": 1,
        "mag": 18.5181,
        "mag_err": 0.0634111,
        "locus_id": "ZTF20aamgdkb"
    },
    "9": {
        "mjd": 58893.29832180001,
        "passband": 2,
        "mag": 18.6836,
        "mag_err": 0.0912962,
        "locus_id": "ZTF20aamgdkb"
    },
    "10": {
        "mjd": 58894.32954859999,
        "passband": 1,
        "mag": 18.4267,
        "mag_err": 0.054371800000000005,
        "locus_id": "ZTF20aamgdkb"
    },
    "11": {
        "mjd": 58894.47716440001,
        "passband": 2,
        "mag": 18.6024,
        "mag_err": 0.101099,
        "locus_id": "ZTF20aamgdkb"
    },
    "12": {
        "mjd": 58895.2137847,
        "passband": 1,
        "mag": 18.3607,
        "mag_err": 0.06613630000000001,
        "locus_id": "ZTF20aamgdkb"
    },
    "13": {
        "mjd": 58895.4754051,
        "passband": 2,
        "mag": 18.5411,
        "mag_err": 0.0724682,
        "locus_id": "ZTF20aamgdkb"
    },
    "14": {
        "mjd": 58896.3009606,
        "passband": 2,
        "mag": 18.5363,
        "mag_err": 0.0817383,
        "locus_id": "ZTF20aamgdkb"
    },
    "15": {
        "mjd": 58898.280509300006,
        "passband": 1,
        "mag": 18.3534,
        "mag_err": 0.060693,
        "locus_id": "ZTF20aamgdkb"
    },
    "16": {
        "mjd": 58898.37017359999,
        "passband": 2,
        "mag": 18.519000000000002,
        "mag_err": 0.06590700000000001,
        "locus_id": "ZTF20aamgdkb"
    },
    "17": {
        "mjd": 58899.3233102,
        "passband": 2,
        "mag": 18.4697,
        "mag_err": 0.08129600000000001,
        "locus_id": "ZTF20aamgdkb"
    },
    "18": {
        "mjd": 58899.385625,
        "passband": 1,
        "mag": 18.4248,
        "mag_err": 0.055661,
        "locus_id": "ZTF20aamgdkb"
    },
    "19": {
        "mjd": 58900.265625,
        "passband": 2,
        "mag": 18.4941,
        "mag_err": 0.08041799999999999,
        "locus_id": "ZTF20aamgdkb"
    },
    "20": {
        "mjd": 58900.345544,
        "passband": 1,
        "mag": 18.4366,
        "mag_err": 0.061305,
        "locus_id": "ZTF20aamgdkb"
    },
    "21": {
        "mjd": 58901.395208300004,
        "passband": 2,
        "mag": 18.5135,
        "mag_err": 0.0712398,
        "locus_id": "ZTF20aamgdkb"
    },
    "22": {
        "mjd": 58903.36420140001,
        "passband": 1,
        "mag": 18.5575,
        "mag_err": 0.0698995,
        "locus_id": "ZTF20aamgdkb"
    },
    "23": {
        "mjd": 58903.3845255,
        "passband": 2,
        "mag": 18.6078,
        "mag_err": 0.0673589,
        "locus_id": "ZTF20aamgdkb"
    },
    "24": {
        "mjd": 58904.221388900005,
        "passband": 2,
        "mag": 18.5893,
        "mag_err": 0.084521,
        "locus_id": "ZTF20aamgdkb"
    },
    "25": {
        "mjd": 58904.30457180001,
        "passband": 1,
        "mag": 18.5378,
        "mag_err": 0.060242,
        "locus_id": "ZTF20aamgdkb"
    },
    "26": {
        "mjd": 58905.22089119999,
        "passband": 2,
        "mag": 18.6441,
        "mag_err": 0.08962830000000001,
        "locus_id": "ZTF20aamgdkb"
    },
    "27": {
        "mjd": 58905.2645602,
        "passband": 1,
        "mag": 18.6169,
        "mag_err": 0.0902828,
        "locus_id": "ZTF20aamgdkb"
    },
    "28": {
        "mjd": 58906.34436340001,
        "passband": 1,
        "mag": 18.6798,
        "mag_err": 0.066005,
        "locus_id": "ZTF20aamgdkb"
    },
    "29": {
        "mjd": 58906.4555903,
        "passband": 2,
        "mag": 18.6427,
        "mag_err": 0.083025,
        "locus_id": "ZTF20aamgdkb"
    },
    "30": {
        "mjd": 58908.3260995,
        "passband": 1,
        "mag": 18.861,
        "mag_err": 0.079933,
        "locus_id": "ZTF20aamgdkb"
    },
    "31": {
        "mjd": 58909.26747690001,
        "passband": 1,
        "mag": 18.7833,
        "mag_err": 0.13380999999999998,
        "locus_id": "ZTF20aamgdkb"
    },
    "32": {
        "mjd": 58911.2231829,
        "passband": 2,
        "mag": 18.8869,
        "mag_err": 0.157203,
        "locus_id": "ZTF20aamgdkb"
    },
    "33": {
        "mjd": 58911.3648148,
        "passband": 1,
        "mag": 19.0383,
        "mag_err": 0.122307,
        "locus_id": "ZTF20aamgdkb"
    },
    "34": {
        "mjd": 58912.2831944,
        "passband": 1,
        "mag": 19.0756,
        "mag_err": 0.0907957,
        "locus_id": "ZTF20aamgdkb"
    },
    "35": {
        "mjd": 58912.43278940001,
        "passband": 2,
        "mag": 19.0156,
        "mag_err": 0.10549800000000001,
        "locus_id": "ZTF20aamgdkb"
    },
    "36": {
        "mjd": 58913.2436227,
        "passband": 2,
        "mag": 19.031,
        "mag_err": 0.11997200000000001,
        "locus_id": "ZTF20aamgdkb"
    },
    "37": {
        "mjd": 58914.240300900005,
        "passband": 1,
        "mag": 19.0509,
        "mag_err": 0.253448,
        "locus_id": "ZTF20aamgdkb"
    },
    "38": {
        "mjd": 58914.3466898,
        "passband": 2,
        "mag": 19.0487,
        "mag_err": 0.10429300000000001,
        "locus_id": "ZTF20aamgdkb"
    },
    "39": {
        "mjd": 58915.2428472,
        "passband": 1,
        "mag": 19.7174,
        "mag_err": 0.271084,
        "locus_id": "ZTF20aamgdkb"
    },
    "40": {
        "mjd": 58915.36594909999,
        "passband": 2,
        "mag": 19.0455,
        "mag_err": 0.112036,
        "locus_id": "ZTF20aamgdkb"
    }
}