{
    "0": {
        "mjd": 58875.47491900001,
        "passband": 1,
        "mag": 19.1094,
        "mag_err": 0.11427799999999999,
        "locus_id": "ZTF20aajcdad"
    },
    "1": {
        "mjd": 58875.5276157,
        "passband": 2,
        "mag": 18.8964,
        "mag_err": 0.10927,
        "locus_id": "ZTF20aajcdad"
    },
    "2": {
        "mjd": 58878.54576390001,
        "passband": 2,
        "mag": 18.1133,
        "mag_err": 0.0791935,
        "locus_id": "ZTF20aajcdad"
    },
    "3": {
        "mjd": 58881.4954051,
        "passband": 1,
        "mag": 17.5466,
        "mag_err": 0.0499168,
        "locus_id": "ZTF20aajcdad"
    },
    "4": {
        "mjd": 58881.5363194,
        "passband": 2,
        "mag": 17.5058,
        "mag_err": 0.0547836,
        "locus_id": "ZTF20aajcdad"
    },
    "5": {
        "mjd": 58884.47677080001,
        "passband": 1,
        "mag": 17.2225,
        "mag_err": 0.050284800000000004,
        "locus_id": "ZTF20aajcdad"
    },
    "6": {
        "mjd": 58884.503125,
        "passband": 2,
        "mag": 17.2014,
        "mag_err": 0.056818600000000004,
        "locus_id": "ZTF20aajcdad"
    },
    "7": {
        "mjd": 58887.4765162,
        "passband": 1,
        "mag": 17.1676,
        "mag_err": 0.0451737,
        "locus_id": "ZTF20aajcdad"
    },
    "8": {
        "mjd": 58887.52332180001,
        "passband": 2,
        "mag": 17.0858,
        "mag_err": 0.0533871,
        "locus_id": "ZTF20aajcdad"
    },
    "9": {
        "mjd": 58890.4605787,
        "passband": 2,
        "mag": 17.1404,
        "mag_err": 0.0547516,
        "locus_id": "ZTF20aajcdad"
    },
    "10": {
        "mjd": 58890.5400926,
        "passband": 1,
        "mag": 17.3518,
        "mag_err": 0.0773101,
        "locus_id": "ZTF20aajcdad"
    },
    "11": {
        "mjd": 58893.4569097,
        "passband": 1,
        "mag": 17.6374,
        "mag_err": 0.058276999999999995,
        "locus_id": "ZTF20aajcdad"
    },
    "12": {
        "mjd": 58893.5068056,
        "passband": 2,
        "mag": 17.224,
        "mag_err": 0.0601061,
        "locus_id": "ZTF20aajcdad"
    },
    "13": {
        "mjd": 58898.4356829,
        "passband": 1,
        "mag": 18.3836,
        "mag_err": 0.07460900000000001,
        "locus_id": "ZTF20aajcdad"
    },
    "14": {
        "mjd": 58898.47357640001,
        "passband": 2,
        "mag": 17.6586,
        "mag_err": 0.051217,
        "locus_id": "ZTF20aajcdad"
    },
    "15": {
        "mjd": 58901.455162,
        "passband": 2,
        "mag": 17.8737,
        "mag_err": 0.0670728,
        "locus_id": "ZTF20aajcdad"
    },
    "16": {
        "mjd": 58904.423981500004,
        "passband": 1,
        "mag": 19.0183,
        "mag_err": 0.11279700000000001,
        "locus_id": "ZTF20aajcdad"
    },
    "17": {
        "mjd": 58904.4950347,
        "passband": 2,
        "mag": 18.0652,
        "mag_err": 0.0771145,
        "locus_id": "ZTF20aajcdad"
    },
    "18": {
        "mjd": 58908.3441088,
        "passband": 1,
        "mag": 19.2836,
        "mag_err": 0.109456,
        "locus_id": "ZTF20aajcdad"
    },
    "19": {
        "mjd": 58908.4411921,
        "passband": 2,
        "mag": 18.3834,
        "mag_err": 0.108876,
        "locus_id": "ZTF20aajcdad"
    },
    "20": {
        "mjd": 58911.4144444,
        "passband": 1,
        "mag": 19.1773,
        "mag_err": 0.123119,
        "locus_id": "ZTF20aajcdad"
    },
    "21": {
        "mjd": 58911.46423609999,
        "passband": 2,
        "mag": 18.4926,
        "mag_err": 0.0921159,
        "locus_id": "ZTF20aajcdad"
    },
    "22": {
        "mjd": 58914.4726968,
        "passband": 1,
        "mag": 19.5438,
        "mag_err": 0.22817300000000001,
        "locus_id": "ZTF20aajcdad"
    },
    "23": {
        "mjd": 58914.51092590001,
        "passband": 2,
        "mag": 18.7402,
        "mag_err": 0.0883998,
        "locus_id": "ZTF20aajcdad"
    },
    "24": {
        "mjd": 58936.3047338,
        "passband": 1,
        "mag": 19.9211,
        "mag_err": 0.151866,
        "locus_id": "ZTF20aajcdad"
    },
    "25": {
        "mjd": 58936.4536921,
        "passband": 2,
        "mag": 19.3617,
        "mag_err": 0.110732,
        "locus_id": "ZTF20aajcdad"
    },
    "26": {
        "mjd": 58937.3943403,
        "passband": 1,
        "mag": 19.9543,
        "mag_err": 0.192732,
        "locus_id": "ZTF20aajcdad"
    },
    "27": {
        "mjd": 58939.3501852,
        "passband": 1,
        "mag": 19.805,
        "mag_err": 0.258758,
        "locus_id": "ZTF20aajcdad"
    },
    "28": {
        "mjd": 58939.421851900006,
        "passband": 2,
        "mag": 19.3837,
        "mag_err": 0.25613,
        "locus_id": "ZTF20aajcdad"
    },
    "29": {
        "mjd": 58940.384213,
        "passband": 1,
        "mag": 19.8436,
        "mag_err": 0.142898,
        "locus_id": "ZTF20aajcdad"
    },
    "30": {
        "mjd": 58941.425046300006,
        "passband": 2,
        "mag": 19.4201,
        "mag_err": 0.127379,
        "locus_id": "ZTF20aajcdad"
    },
    "31": {
        "mjd": 58941.4460301,
        "passband": 1,
        "mag": 20.0319,
        "mag_err": 0.20755500000000002,
        "locus_id": "ZTF20aajcdad"
    },
    "32": {
        "mjd": 58943.4143403,
        "passband": 1,
        "mag": 19.9975,
        "mag_err": 0.316035,
        "locus_id": "ZTF20aajcdad"
    },
    "33": {
        "mjd": 58944.479085599996,
        "passband": 1,
        "mag": 19.9285,
        "mag_err": 0.268897,
        "locus_id": "ZTF20aajcdad"
    },
    "34": {
        "mjd": 58954.2665625,
        "passband": 2,
        "mag": 19.645,
        "mag_err": 0.144257,
        "locus_id": "ZTF20aajcdad"
    },
    "35": {
        "mjd": 58956.2449074,
        "passband": 1,
        "mag": 20.3217,
        "mag_err": 0.254361,
        "locus_id": "ZTF20aajcdad"
    },
    "36": {
        "mjd": 58956.308912,
        "passband": 2,
        "mag": 19.64,
        "mag_err": 0.144866,
        "locus_id": "ZTF20aajcdad"
    },
    "37": {
        "mjd": 58962.3422801,
        "passband": 1,
        "mag": 20.4359,
        "mag_err": 0.24250500000000003,
        "locus_id": "ZTF20aajcdad"
    },
    "38": {
        "mjd": 58965.2589699,
        "passband": 1,
        "mag": 20.3605,
        "mag_err": 0.29643400000000003,
        "locus_id": "ZTF20aajcdad"
    },
    "39": {
        "mjd": 58965.2729398,
        "passband": 2,
        "mag": 19.8986,
        "mag_err": 0.187055,
        "locus_id": "ZTF20aajcdad"
    },
    "40": {
        "mjd": 58968.29998840001,
        "passband": 1,
        "mag": 20.4261,
        "mag_err": 0.195846,
        "locus_id": "ZTF20aajcdad"
    },
    "41": {
        "mjd": 58968.369838,
        "passband": 2,
        "mag": 19.7442,
        "mag_err": 0.180328,
        "locus_id": "ZTF20aajcdad"
    },
    "42": {
        "mjd": 58974.295081,
        "passband": 2,
        "mag": 19.9681,
        "mag_err": 0.288196,
        "locus_id": "ZTF20aajcdad"
    },
    "43": {
        "mjd": 58980.2269444,
        "passband": 1,
        "mag": 20.7836,
        "mag_err": 0.286156,
        "locus_id": "ZTF20aajcdad"
    },
    "44": {
        "mjd": 58980.254583300004,
        "passband": 2,
        "mag": 20.1228,
        "mag_err": 0.166718,
        "locus_id": "ZTF20aajcdad"
    }
}