{
    "0": {
        "mjd": 58863.12591440001,
        "passband": 1,
        "mag": 19.5225,
        "mag_err": 0.183846,
        "locus_id": "ZTF20aafmdlx"
    },
    "1": {
        "mjd": 58863.14701390001,
        "passband": 1,
        "mag": 19.7169,
        "mag_err": 0.191723,
        "locus_id": "ZTF20aafmdlx"
    },
    "2": {
        "mjd": 58873.1256597,
        "passband": 1,
        "mag": 19.9736,
        "mag_err": 0.28072800000000003,
        "locus_id": "ZTF20aafmdlx"
    },
    "3": {
        "mjd": 58873.14792819999,
        "passband": 2,
        "mag": 19.6031,
        "mag_err": 0.184426,
        "locus_id": "ZTF20aafmdlx"
    }
}