{
    "0": {
        "mjd": 58936.47717590001,
        "passband": 1,
        "mag": 19.043,
        "mag_err": 0.0895172,
        "locus_id": "ZTF20aatulug"
    },
    "1": {
        "mjd": 58936.5169097,
        "passband": 2,
        "mag": 19.1405,
        "mag_err": 0.0786167,
        "locus_id": "ZTF20aatulug"
    },
    "2": {
        "mjd": 58939.4471875,
        "passband": 1,
        "mag": 18.4966,
        "mag_err": 0.15959,
        "locus_id": "ZTF20aatulug"
    },
    "3": {
        "mjd": 58939.493761599995,
        "passband": 2,
        "mag": 17.9945,
        "mag_err": 0.258049,
        "locus_id": "ZTF20aatulug"
    },
    "4": {
        "mjd": 58940.4710301,
        "passband": 1,
        "mag": 18.5079,
        "mag_err": 0.06991239999999999,
        "locus_id": "ZTF20aatulug"
    },
    "5": {
        "mjd": 58941.496423599994,
        "passband": 1,
        "mag": 18.5148,
        "mag_err": 0.0792598,
        "locus_id": "ZTF20aatulug"
    },
    "6": {
        "mjd": 58943.42822919999,
        "passband": 1,
        "mag": 18.4112,
        "mag_err": 0.0904745,
        "locus_id": "ZTF20aatulug"
    },
    "7": {
        "mjd": 58943.4709028,
        "passband": 2,
        "mag": 18.4852,
        "mag_err": 0.060311699999999996,
        "locus_id": "ZTF20aatulug"
    },
    "8": {
        "mjd": 58944.4955324,
        "passband": 1,
        "mag": 18.3341,
        "mag_err": 0.0736161,
        "locus_id": "ZTF20aatulug"
    },
    "9": {
        "mjd": 58944.508368099996,
        "passband": 2,
        "mag": 18.5071,
        "mag_err": 0.07790219999999999,
        "locus_id": "ZTF20aatulug"
    },
    "10": {
        "mjd": 58954.4064352,
        "passband": 1,
        "mag": 18.6858,
        "mag_err": 0.08144630000000001,
        "locus_id": "ZTF20aatulug"
    },
    "11": {
        "mjd": 58954.494537,
        "passband": 2,
        "mag": 18.5792,
        "mag_err": 0.08502180000000001,
        "locus_id": "ZTF20aatulug"
    },
    "12": {
        "mjd": 58955.41210650001,
        "passband": 1,
        "mag": 18.7138,
        "mag_err": 0.084886,
        "locus_id": "ZTF20aatulug"
    },
    "13": {
        "mjd": 58955.43270830001,
        "passband": 2,
        "mag": 18.6363,
        "mag_err": 0.0777602,
        "locus_id": "ZTF20aatulug"
    },
    "14": {
        "mjd": 58956.3455903,
        "passband": 2,
        "mag": 18.6808,
        "mag_err": 0.0503105,
        "locus_id": "ZTF20aatulug"
    },
    "15": {
        "mjd": 58956.384409700004,
        "passband": 1,
        "mag": 18.8212,
        "mag_err": 0.086229,
        "locus_id": "ZTF20aatulug"
    },
    "16": {
        "mjd": 58962.32563659999,
        "passband": 2,
        "mag": 18.9519,
        "mag_err": 0.0983942,
        "locus_id": "ZTF20aatulug"
    },
    "17": {
        "mjd": 58962.3649421,
        "passband": 1,
        "mag": 19.2148,
        "mag_err": 0.0944169,
        "locus_id": "ZTF20aatulug"
    },
    "18": {
        "mjd": 58963.38791669999,
        "passband": 1,
        "mag": 19.2613,
        "mag_err": 0.08787260000000001,
        "locus_id": "ZTF20aatulug"
    },
    "19": {
        "mjd": 58963.43545140001,
        "passband": 1,
        "mag": 19.3797,
        "mag_err": 0.110392,
        "locus_id": "ZTF20aatulug"
    },
    "20": {
        "mjd": 58964.3899306,
        "passband": 1,
        "mag": 19.3789,
        "mag_err": 0.09142510000000001,
        "locus_id": "ZTF20aatulug"
    },
    "21": {
        "mjd": 58964.4344676,
        "passband": 2,
        "mag": 19.0885,
        "mag_err": 0.0835055,
        "locus_id": "ZTF20aatulug"
    },
    "22": {
        "mjd": 58965.338044000004,
        "passband": 2,
        "mag": 19.1124,
        "mag_err": 0.0735923,
        "locus_id": "ZTF20aatulug"
    },
    "23": {
        "mjd": 58965.4139699,
        "passband": 1,
        "mag": 19.5638,
        "mag_err": 0.10841300000000001,
        "locus_id": "ZTF20aatulug"
    },
    "24": {
        "mjd": 58966.3848148,
        "passband": 2,
        "mag": 19.0755,
        "mag_err": 0.0730948,
        "locus_id": "ZTF20aatulug"
    },
    "25": {
        "mjd": 58966.4066898,
        "passband": 1,
        "mag": 19.5654,
        "mag_err": 0.126607,
        "locus_id": "ZTF20aatulug"
    },
    "26": {
        "mjd": 58967.39532409999,
        "passband": 2,
        "mag": 19.1829,
        "mag_err": 0.0975732,
        "locus_id": "ZTF20aatulug"
    },
    "27": {
        "mjd": 58968.40092590001,
        "passband": 2,
        "mag": 19.1782,
        "mag_err": 0.0723955,
        "locus_id": "ZTF20aatulug"
    },
    "28": {
        "mjd": 58968.4448611,
        "passband": 1,
        "mag": 19.7549,
        "mag_err": 0.12895,
        "locus_id": "ZTF20aatulug"
    },
    "29": {
        "mjd": 58970.303634300006,
        "passband": 1,
        "mag": 19.9548,
        "mag_err": 0.186257,
        "locus_id": "ZTF20aatulug"
    },
    "30": {
        "mjd": 58970.3846296,
        "passband": 2,
        "mag": 19.2189,
        "mag_err": 0.081847,
        "locus_id": "ZTF20aatulug"
    },
    "31": {
        "mjd": 58971.39072919999,
        "passband": 2,
        "mag": 19.2058,
        "mag_err": 0.08405080000000001,
        "locus_id": "ZTF20aatulug"
    },
    "32": {
        "mjd": 58971.4262847,
        "passband": 1,
        "mag": 20.1028,
        "mag_err": 0.141542,
        "locus_id": "ZTF20aatulug"
    },
    "33": {
        "mjd": 58972.38980319999,
        "passband": 2,
        "mag": 19.3141,
        "mag_err": 0.10318900000000002,
        "locus_id": "ZTF20aatulug"
    },
    "34": {
        "mjd": 58973.32379630001,
        "passband": 2,
        "mag": 19.3656,
        "mag_err": 0.11595499999999999,
        "locus_id": "ZTF20aatulug"
    },
    "35": {
        "mjd": 58973.4694097,
        "passband": 1,
        "mag": 20.0534,
        "mag_err": 0.167514,
        "locus_id": "ZTF20aatulug"
    },
    "36": {
        "mjd": 58974.350289400005,
        "passband": 2,
        "mag": 19.2709,
        "mag_err": 0.14406,
        "locus_id": "ZTF20aatulug"
    },
    "37": {
        "mjd": 58974.4699074,
        "passband": 1,
        "mag": 19.9976,
        "mag_err": 0.289594,
        "locus_id": "ZTF20aatulug"
    },
    "38": {
        "mjd": 58975.3921875,
        "passband": 2,
        "mag": 19.2861,
        "mag_err": 0.137477,
        "locus_id": "ZTF20aatulug"
    },
    "39": {
        "mjd": 58978.3078125,
        "passband": 2,
        "mag": 19.4457,
        "mag_err": 0.126673,
        "locus_id": "ZTF20aatulug"
    },
    "40": {
        "mjd": 58979.258101900006,
        "passband": 1,
        "mag": 20.2793,
        "mag_err": 0.237542,
        "locus_id": "ZTF20aatulug"
    },
    "41": {
        "mjd": 58979.3046412,
        "passband": 2,
        "mag": 19.4898,
        "mag_err": 0.144327,
        "locus_id": "ZTF20aatulug"
    },
    "42": {
        "mjd": 58980.30283559999,
        "passband": 2,
        "mag": 19.5979,
        "mag_err": 0.148499,
        "locus_id": "ZTF20aatulug"
    },
    "43": {
        "mjd": 58980.412338,
        "passband": 1,
        "mag": 20.2886,
        "mag_err": 0.283614,
        "locus_id": "ZTF20aatulug"
    },
    "44": {
        "mjd": 58981.2847569,
        "passband": 2,
        "mag": 19.738,
        "mag_err": 0.134328,
        "locus_id": "ZTF20aatulug"
    },
    "45": {
        "mjd": 58981.3060301,
        "passband": 1,
        "mag": 20.6407,
        "mag_err": 0.29614,
        "locus_id": "ZTF20aatulug"
    },
    "46": {
        "mjd": 58985.305324099994,
        "passband": 1,
        "mag": 20.7779,
        "mag_err": 0.274408,
        "locus_id": "ZTF20aatulug"
    },
    "47": {
        "mjd": 58985.3903472,
        "passband": 2,
        "mag": 19.8215,
        "mag_err": 0.145616,
        "locus_id": "ZTF20aatulug"
    },
    "48": {
        "mjd": 58986.301794000006,
        "passband": 2,
        "mag": 20.0327,