{
    "0": {
        "mjd": 58903.2567477,
        "passband": 1,
        "mag": 20.1953,
        "mag_err": 0.224804,
        "locus_id": "ZTF20aarcpql"
    },
    "1": {
        "mjd": 58903.2884838,
        "passband": 1,
        "mag": 20.4017,
        "mag_err": 0.22363400000000003,
        "locus_id": "ZTF20aarcpql"
    },
    "2": {
        "mjd": 58905.206076400005,
        "passband": 2,
        "mag": 18.9975,
        "mag_err": 0.153981,
        "locus_id": "ZTF20aarcpql"
    },
    "3": {
        "mjd": 58906.21473380001,
        "passband": 2,
        "mag": 18.6818,
        "mag_err": 0.09421399999999999,
        "locus_id": "ZTF20aarcpql"
    },
    "4": {
        "mjd": 58906.27295140001,
        "passband": 1,
        "mag": 18.6475,
        "mag_err": 0.089281,
        "locus_id": "ZTF20aarcpql"
    },
    "5": {
        "mjd": 58909.2515625,
        "passband": 1,
        "mag": 17.8448,
        "mag_err": 0.103861,
        "locus_id": "ZTF20aarcpql"
    },
    "6": {
        "mjd": 58909.304699099994,
        "passband": 2,
        "mag": 17.9897,
        "mag_err": 0.0575239,
        "locus_id": "ZTF20aarcpql"
    },
    "7": {
        "mjd": 58912.2151968,
        "passband": 2,
        "mag": 17.6344,
        "mag_err": 0.061432299999999995,
        "locus_id": "ZTF20aarcpql"
    },
    "8": {
        "mjd": 58912.2456481,
        "passband": 1,
        "mag": 17.4011,
        "mag_err": 0.046904,
        "locus_id": "ZTF20aarcpql"
    },
    "9": {
        "mjd": 58917.232164400004,
        "passband": 1,
        "mag": 17.2054,
        "mag_err": 0.167098,
        "locus_id": "ZTF20aarcpql"
    },
    "10": {
        "mjd": 58939.1944213,
        "passband": 2,
        "mag": 18.2033,
        "mag_err": 0.0637152,
        "locus_id": "ZTF20aarcpql"
    },
    "11": {
        "mjd": 58940.1947801,
        "passband": 2,
        "mag": 17.8044,
        "mag_err": 0.145708,
        "locus_id": "ZTF20aarcpql"
    },
    "12": {
        "mjd": 58954.1802315,
        "passband": 1,
        "mag": 19.7658,
        "mag_err": 0.20092100000000002,
        "locus_id": "ZTF20aarcpql"
    },
    "13": {
        "mjd": 58954.2057523,
        "passband": 2,
        "mag": 18.8278,
        "mag_err": 0.10096799999999999,
        "locus_id": "ZTF20aarcpql"
    },
    "14": {
        "mjd": 58962.1744676,
        "passband": 2,
        "mag": 19.2301,
        "mag_err": 0.12334200000000001,
        "locus_id": "ZTF20aarcpql"
    },
    "15": {
        "mjd": 58965.2064583,
        "passband": 1,
        "mag": 20.3235,
        "mag_err": 0.259273,
        "locus_id": "ZTF20aarcpql"
    },
    "16": {
        "mjd": 58967.14504630001,
        "passband": 2,
        "mag": 19.3546,
        "mag_err": 0.101688,
        "locus_id": "ZTF20aarcpql"
    },
    "17": {
        "mjd": 58972.1632523,
        "passband": 2,
        "mag": 19.472,
        "mag_err": 0.19001700000000002,
        "locus_id": "ZTF20aarcpql"
    },
    "18": {
        "mjd": 58978.2342477,
        "passband": 2,
        "mag": 19.6681,
        "mag_err": 0.22683000000000003,
        "locus_id": "ZTF20aarcpql"
    },
    "19": {
        "mjd": 58981.2153125,
        "passband": 2,
        "mag": 19.7005,
        "mag_err": 0.146275,
        "locus_id": "ZTF20aarcpql"
    }
}