{
    "0": {
        "mjd": 58871.45116900001,
        "passband": 1,
        "mag": 20.3796,
        "mag_err": 0.257819,
        "locus_id": "ZTF20aahptds"
    },
    "1": {
        "mjd": 58872.428645800006,
        "passband": 1,
        "mag": 20.1471,
        "mag_err": 0.21439,
        "locus_id": "ZTF20aahptds"
    },
    "2": {
        "mjd": 58872.42958330001,
        "passband": 1,
        "mag": 20.1482,
        "mag_err": 0.184948,
        "locus_id": "ZTF20aahptds"
    },
    "3": {
        "mjd": 58873.38682869999,
        "passband": 1,
        "mag": 19.9506,
        "mag_err": 0.18426900000000002,
        "locus_id": "ZTF20aahptds"
    },
    "4": {
        "mjd": 58873.5104051,
        "passband": 2,
        "mag": 19.8362,
        "mag_err": 0.134745,
        "locus_id": "ZTF20aahptds"
    },
    "5": {
        "mjd": 58875.44201390001,
        "passband": 1,
        "mag": 19.3237,
        "mag_err": 0.145621,
        "locus_id": "ZTF20aahptds"
    },
    "6": {
        "mjd": 58875.44429400001,
        "passband": 1,
        "mag": 19.3392,
        "mag_err": 0.16705799999999998,
        "locus_id": "ZTF20aahptds"
    },
    "7": {
        "mjd": 58875.51057869999,
        "passband": 2,
        "mag": 19.3483,
        "mag_err": 0.119379,
        "locus_id": "ZTF20aahptds"
    },
    "8": {
        "mjd": 58875.511481500005,
        "passband": 2,
        "mag": 19.3398,
        "mag_err": 0.160653,
        "locus_id": "ZTF20aahptds"
    },
    "9": {
        "mjd": 58876.343078699996,
        "passband": 2,
        "mag": 19.2372,
        "mag_err": 0.122636,
        "locus_id": "ZTF20aahptds"
    },
    "10": {
        "mjd": 58876.511354199996,
        "passband": 1,
        "mag": 19.1202,
        "mag_err": 0.110589,
        "locus_id": "ZTF20aahptds"
    },
    "11": {
        "mjd": 58876.511354199996,
        "passband": 1,
        "mag": 19.1214,
        "mag_err": 0.110178,
        "locus_id": "ZTF20aahptds"
    },
    "12": {
        "mjd": 58877.4897801,
        "passband": 2,
        "mag": 19.0512,
        "mag_err": 0.10057200000000001,
        "locus_id": "ZTF20aahptds"
    },
    "13": {
        "mjd": 58877.53432869999,
        "passband": 1,
        "mag": 18.9462,
        "mag_err": 0.119771,
        "locus_id": "ZTF20aahptds"
    },
    "14": {
        "mjd": 58878.36513890001,
        "passband": 2,
        "mag": 18.9134,
        "mag_err": 0.144272,
        "locus_id": "ZTF20aahptds"
    },
    "15": {
        "mjd": 58878.36760419999,
        "passband": 2,
        "mag": 18.8491,
        "mag_err": 0.104648,
        "locus_id": "ZTF20aahptds"
    },
    "16": {
        "mjd": 58878.495358800006,
        "passband": 1,
        "mag": 18.8927,
        "mag_err": 0.11000499999999999,
        "locus_id": "ZTF20aahptds"
    },
    "17": {
        "mjd": 58878.49626159999,
        "passband": 1,
        "mag": 18.8476,
        "mag_err": 0.131673,
        "locus_id": "ZTF20aahptds"
    },
    "18": {
        "mjd": 58879.3705671,
        "passband": 2,
        "mag": 18.718,
        "mag_err": 0.127667,
        "locus_id": "ZTF20aahptds"
    },
    "19": {
        "mjd": 58879.4746528,
        "passband": 1,
        "mag": 18.7464,
        "mag_err": 0.12069500000000001,
        "locus_id": "ZTF20aahptds"
    },
    "20": {
        "mjd": 58880.4694444,
        "passband": 1,
        "mag": 18.7535,
        "mag_err": 0.08172230000000001,
        "locus_id": "ZTF20aahptds"
    },
    "21": {
        "mjd": 58880.5110648,
        "passband": 2,
        "mag": 18.7556,
        "mag_err": 0.0919653,
        "locus_id": "ZTF20aahptds"
    },
    "22": {
        "mjd": 58881.34385419999,
        "passband": 2,
        "mag": 18.7261,
        "mag_err": 0.08906499999999999,
        "locus_id": "ZTF20aahptds"
    },
    "23": {
        "mjd": 58881.4711227,
        "passband": 1,
        "mag": 18.6979,
        "mag_err": 0.09141089999999999,
        "locus_id": "ZTF20aahptds"
    },
    "24": {
        "mjd": 58881.472013900006,
        "passband": 1,
        "mag": 18.6679,
        "mag_err": 0.0773787,
        "locus_id": "ZTF20aahptds"
    },
    "25": {
        "mjd": 58881.532546300004,
        "passband": 2,
        "mag": 18.7038,
        "mag_err": 0.0753804,
        "locus_id": "ZTF20aahptds"
    },
    "26": {
        "mjd": 58883.467453699996,
        "passband": 1,
        "mag": 18.6906,
        "mag_err": 0.08104410000000001,
        "locus_id": "ZTF20aahptds"
    },
    "27": {
        "mjd": 58883.527708300004,
        "passband": 2,
        "mag": 18.6418,
        "mag_err": 0.0922827,
        "locus_id": "ZTF20aahptds"
    },
    "28": {
        "mjd": 58884.454386599995,
        "passband": 1,
        "mag": 18.6093,
        "mag_err": 0.089297,
        "locus_id": "ZTF20aahptds"
    },
    "29": {
        "mjd": 58884.45528940001,
        "passband": 1,
        "mag": 18.6771,
        "mag_err": 0.0872396,
        "locus_id": "ZTF20aahptds"
    },
    "30": {
        "mjd": 58884.5050926,
        "passband": 2,
        "mag": 18.663,
        "mag_err": 0.09663039999999999,
        "locus_id": "ZTF20aahptds"
    },
    "31": {
        "mjd": 58884.50605319999,
        "passband": 2,
        "mag": 18.6169,
        "mag_err": 0.11869400000000001,
        "locus_id": "ZTF20aahptds"
    },
    "32": {
        "mjd": 58885.4755903,
        "passband": 1,
        "mag": 18.6265,
        "mag_err": 0.112479,
        "locus_id": "ZTF20aahptds"
    },
    "33": {
        "mjd": 58885.5339468,
        "passband": 2,
        "mag": 18.6461,
        "mag_err": 0.09128560000000001,
        "locus_id": "ZTF20aahptds"
    },
    "34": {
        "mjd": 58886.4678125,
        "passband": 1,
        "mag": 18.8463,
        "mag_err": 0.10485,
        "locus_id": "ZTF20aahptds"
    },
    "35": {
        "mjd": 58886.530266199996,
        "passband": 2,
        "mag": 18.6396,
        "mag_err": 0.08507139999999999,
        "locus_id": "ZTF20aahptds"
    },
    "36": {
        "mjd": 58887.2636921,
        "passband": 1,
        "mag": 18.9022,
        "mag_err": 0.181381,
        "locus_id": "ZTF20aahptds"
    },
    "37": {
        "mjd": 58887.49157409999,
        "passband": 2,
        "mag": 18.7293,
        "mag_err": 0.09482689999999999,
        "locus_id": "ZTF20aahptds"
    },
    "38": {
        "mjd": 58887.492476900006,
        "passband": 2,
        "mag": 18.6561,
        "mag_err": 0.0856839,
        "locus_id": "ZTF20aahptds"
    },
    "39": {
        "mjd": 58888.4672801,
        "passband": 2,
        "mag": 18.5543,
        "mag_err": 0.11209000000000001,
        "locus_id": "ZTF20aahptds"
    },
    "40": {
        "mjd": 58890.4474653,
        "passband": 2,
        "mag": 18.8994,
        "mag_err": 0.151044,
        "locus_id": "ZTF20aahptds"
    },
    "41": {
        "mjd": 58890.4497454,
        "passband": 2,
        "mag": 18.8922,
        "mag_err": 0.16201300000000002,
        "locus_id": "ZTF20aahptds"
    },
    "42": {
        "mjd": 58890.50572919999,
        "passband": 1,
        "mag": 18.8281,
        "mag_err": 0.18124200000000001,
        "locus_id": "ZTF20aahptds"
    },
    "43": {
        "mjd": 58890.5066319,
        "passband": 1,
        "mag": 18.9516,
        "mag_err": 0.234767,
        "locus_id": "ZTF20aahptds"
    },
    "44": {
        "mjd": 58891.44582180001,
        "passband": 1,
        "mag": 19.0064,
        "mag_err": 0.131743,
        "locus_id": "ZTF20aahptds"
    },
    "45": {
        "mjd": 58892.3229051,
        "passband": 2,
        "mag": 18.9586,
        "mag_err": 0.133669,
        "locus_id": "ZTF20aahptds"
    },
    "46": {
        "mjd": 58892.3679398,
        "passband": 1,
        "mag": 19.1772,
        "mag_err": 0.128403,
        "locus_id": "ZTF20aahptds"
    },
    "47": {
        "mjd": 58893.3159375,
        "passband": 2,
        "mag": 19.0345,
        "mag_err": 0.09411180000000001,
        "locus_id": "ZTF20aahptds"
    },