{
    "0": {
        "mjd": 58955.198229199996,
        "passband": 2,
        "mag": 17.2357,
        "mag_err": 0.0401774,
        "locus_id": "ZTF20aaurwes"
    },
    "1": {
        "mjd": 58963.1631713,
        "passband": 1,
        "mag": 15.6317,
        "mag_err": 0.034350599999999995,
        "locus_id": "ZTF20aaurwes"
    },
    "2": {
        "mjd": 58963.1826968,
        "passband": 1,
        "mag": 15.6163,
        "mag_err": 0.0325488,
        "locus_id": "ZTF20aaurwes"
    },
    "3": {
        "mjd": 58970.2148843,
        "passband": 1,
        "mag": 15.4217,
        "mag_err": 0.025769,
        "locus_id": "ZTF20aaurwes"
    },
    "4": {
        "mjd": 58973.1601505,
        "passband": 2,
        "mag": 15.4545,
        "mag_err": 0.0323526,
        "locus_id": "ZTF20aaurwes"
    },
    "5": {
        "mjd": 58973.2005671,
        "passband": 1,
        "mag": 15.4887,
        "mag_err": 0.028357499999999997,
        "locus_id": "ZTF20aaurwes"
    },
    "6": {
        "mjd": 58976.1816319,
        "passband": 1,
        "mag": 15.5934,
        "mag_err": 0.0340506,
        "locus_id": "ZTF20aaurwes"
    },
    "7": {
        "mjd": 58976.224838,
        "passband": 2,
        "mag": 15.5629,
        "mag_err": 0.0226285,
        "locus_id": "ZTF20aaurwes"
    }
}