{
    "0": {
        "mjd": 58873.536863400004,
        "passband": 2,
        "mag": 19.1749,
        "mag_err": 0.115093,
        "locus_id": "ZTF20aaifyvz"
    },
    "1": {
        "mjd": 58876.538078699996,
        "passband": 1,
        "mag": 18.9454,
        "mag_err": 0.087637,
        "locus_id": "ZTF20aaifyvz"
    },
    "2": {
        "mjd": 58876.538078699996,
        "passband": 1,
        "mag": 18.942999999999998,
        "mag_err": 0.087649,
        "locus_id": "ZTF20aaifyvz"
    },
    "3": {
        "mjd": 58876.575,
        "passband": 2,
        "mag": 18.6382,
        "mag_err": 0.08142410000000001,
        "locus_id": "ZTF20aaifyvz"
    },
    "4": {
        "mjd": 58879.50373840001,
        "passband": 1,
        "mag": 18.7765,
        "mag_err": 0.126648,
        "locus_id": "ZTF20aaifyvz"
    },
    "5": {
        "mjd": 58879.5451273,
        "passband": 2,
        "mag": 18.5555,
        "mag_err": 0.123001,
        "locus_id": "ZTF20aaifyvz"
    },
    "6": {
        "mjd": 58885.465891199994,
        "passband": 1,
        "mag": 18.6175,
        "mag_err": 0.133187,
        "locus_id": "ZTF20aaifyvz"
    },
    "7": {
        "mjd": 58885.54738430001,
        "passband": 2,
        "mag": 18.3622,
        "mag_err": 0.0754782,
        "locus_id": "ZTF20aaifyvz"
    },
    "8": {
        "mjd": 58888.509803199995,
        "passband": 2,
        "mag": 18.3969,
        "mag_err": 0.134747,
        "locus_id": "ZTF20aaifyvz"
    },
    "9": {
        "mjd": 58891.4760185,
        "passband": 1,
        "mag": 18.9081,
        "mag_err": 0.17843900000000001,
        "locus_id": "ZTF20aaifyvz"
    },
    "10": {
        "mjd": 58894.527963,
        "passband": 2,
        "mag": 18.6647,
        "mag_err": 0.0912395,
        "locus_id": "ZTF20aaifyvz"
    },
    "11": {
        "mjd": 58894.560208300005,
        "passband": 1,
        "mag": 19.1498,
        "mag_err": 0.108528,
        "locus_id": "ZTF20aaifyvz"
    },
    "12": {
        "mjd": 58898.5233102,
        "passband": 2,
        "mag": 18.9768,
        "mag_err": 0.097455,
        "locus_id": "ZTF20aaifyvz"
    },
    "13": {
        "mjd": 58898.5625694,
        "passband": 1,
        "mag": 19.5152,
        "mag_err": 0.161918,
        "locus_id": "ZTF20aaifyvz"
    },
    "14": {
        "mjd": 58904.5233102,
        "passband": 2,
        "mag": 19.0182,
        "mag_err": 0.104532,
        "locus_id": "ZTF20aaifyvz"
    },
    "15": {
        "mjd": 58904.5511574,
        "passband": 1,
        "mag": 20.0999,
        "mag_err": 0.21880100000000002,
        "locus_id": "ZTF20aaifyvz"
    },
    "16": {
        "mjd": 58908.5147801,
        "passband": 2,
        "mag": 19.1733,
        "mag_err": 0.13125699999999998,
        "locus_id": "ZTF20aaifyvz"
    },
    "17": {
        "mjd": 58911.517338,
        "passband": 2,
        "mag": 19.2088,
        "mag_err": 0.123484,
        "locus_id": "ZTF20aaifyvz"
    },
    "18": {
        "mjd": 58911.5388079,
        "passband": 1,
        "mag": 20.674,
        "mag_err": 0.266002,
        "locus_id": "ZTF20aaifyvz"
    },
    "19": {
        "mjd": 58914.53689809999,
        "passband": 2,
        "mag": 19.3172,
        "mag_err": 0.1064,
        "locus_id": "ZTF20aaifyvz"
    }
}