{
    "0": {
        "mjd": 58956.2625,
        "passband": 2,
        "mag": 19.7317,
        "mag_err": 0.153264,
        "locus_id": "ZTF20aavgmli"
    },
    "1": {
        "mjd": 58964.1999769,
        "passband": 1,
        "mag": 18.453,
        "mag_err": 0.0907509,
        "locus_id": "ZTF20aavgmli"
    },
    "2": {
        "mjd": 58964.24951390001,
        "passband": 2,
        "mag": 18.4443,
        "mag_err": 0.0585566,
        "locus_id": "ZTF20aavgmli"
    },
    "3": {
        "mjd": 58967.1679282,
        "passband": 2,
        "mag": 18.1871,
        "mag_err": 0.054327999999999994,
        "locus_id": "ZTF20aavgmli"
    },
    "4": {
        "mjd": 58970.185601900004,
        "passband": 2,
        "mag": 18.0257,
        "mag_err": 0.064023,
        "locus_id": "ZTF20aavgmli"
    },
    "5": {
        "mjd": 58973.1695023,
        "passband": 2,
        "mag": 17.9073,
        "mag_err": 0.0845918,
        "locus_id": "ZTF20aavgmli"
    },
    "6": {
        "mjd": 58973.189791699995,
        "passband": 1,
        "mag": 18.0878,
        "mag_err": 0.104102,
        "locus_id": "ZTF20aavgmli"
    },
    "7": {
        "mjd": 58976.1901968,
        "passband": 1,
        "mag": 18.2146,
        "mag_err": 0.09814760000000002,
        "locus_id": "ZTF20aavgmli"
    },
    "8": {
        "mjd": 58976.232060199996,
        "passband": 2,
        "mag": 17.9375,
        "mag_err": 0.08184119999999999,
        "locus_id": "ZTF20aavgmli"
    },
    "9": {
        "mjd": 58979.229768499994,
        "passband": 1,
        "mag": 18.1297,
        "mag_err": 0.08957639999999999,
        "locus_id": "ZTF20aavgmli"
    }
}