{
    "0": {
        "mjd": 58936.305648099995,
        "passband": 1,
        "mag": 18.2467,
        "mag_err": 0.0679011,
        "locus_id": "ZTF20aatqgeo"
    },
    "1": {
        "mjd": 58936.43513890001,
        "passband": 2,
        "mag": 18.3068,
        "mag_err": 0.0732021,
        "locus_id": "ZTF20aatqgeo"
    },
    "2": {
        "mjd": 58939.3526505,
        "passband": 1,
        "mag": 18.2791,
        "mag_err": 0.076336,
        "locus_id": "ZTF20aatqgeo"
    },
    "3": {
        "mjd": 58939.35846059999,
        "passband": 2,
        "mag": 18.2772,
        "mag_err": 0.194926,
        "locus_id": "ZTF20aatqgeo"
    },
    "4": {
        "mjd": 58940.382338,
        "passband": 1,
        "mag": 18.3281,
        "mag_err": 0.0755648,
        "locus_id": "ZTF20aatqgeo"
    },
    "5": {
        "mjd": 58941.42361109999,
        "passband": 2,
        "mag": 18.4573,
        "mag_err": 0.0861058,
        "locus_id": "ZTF20aatqgeo"
    },
    "6": {
        "mjd": 58941.4432755,
        "passband": 1,
        "mag": 18.4088,
        "mag_err": 0.09124199999999999,
        "locus_id": "ZTF20aatqgeo"
    },
    "7": {
        "mjd": 58943.41252309999,
        "passband": 1,
        "mag": 18.4736,
        "mag_err": 0.0846209,
        "locus_id": "ZTF20aatqgeo"
    },
    "8": {
        "mjd": 58944.479537,
        "passband": 1,
        "mag": 18.4276,
        "mag_err": 0.12315999999999999,
        "locus_id": "ZTF20aatqgeo"
    },
    "9": {
        "mjd": 58954.264213,
        "passband": 2,
        "mag": 18.5056,
        "mag_err": 0.082878,
        "locus_id": "ZTF20aatqgeo"
    },
    "10": {
        "mjd": 58954.380787,
        "passband": 1,
        "mag": 18.9281,
        "mag_err": 0.093321,
        "locus_id": "ZTF20aatqgeo"
    },
    "11": {
        "mjd": 58955.3171296,
        "passband": 1,
        "mag": 18.9428,
        "mag_err": 0.0845683,
        "locus_id": "ZTF20aatqgeo"
    },
    "12": {
        "mjd": 58962.34135419999,
        "passband": 1,
        "mag": 19.3456,
        "mag_err": 0.121498,
        "locus_id": "ZTF20aatqgeo"
    },
    "13": {
        "mjd": 58963.3488657,
        "passband": 1,
        "mag": 19.1469,
        "mag_err": 0.09278969999999999,
        "locus_id": "ZTF20aatqgeo"
    },
    "14": {
        "mjd": 58965.3085532,
        "passband": 2,
        "mag": 18.6538,
        "mag_err": 0.0945038,
        "locus_id": "ZTF20aatqgeo"
    },
    "15": {
        "mjd": 58968.2971412,
        "passband": 1,
        "mag": 19.3186,
        "mag_err": 0.10435,
        "locus_id": "ZTF20aatqgeo"
    },
    "16": {
        "mjd": 58968.2971412,
        "passband": 1,
        "mag": 19.3186,
        "mag_err": 0.10435,
        "locus_id": "ZTF20aatqgeo"
    },
    "17": {
        "mjd": 58968.3707755,
        "passband": 2,
        "mag": 18.6514,
        "mag_err": 0.0780411,
        "locus_id": "ZTF20aatqgeo"
    },
    "18": {
        "mjd": 58971.217696800006,
        "passband": 2,
        "mag": 18.636,
        "mag_err": 0.10350799999999999,
        "locus_id": "ZTF20aatqgeo"
    },
    "19": {
        "mjd": 58971.295578699996,
        "passband": 1,
        "mag": 19.5042,
        "mag_err": 0.169883,
        "locus_id": "ZTF20aatqgeo"
    },
    "20": {
        "mjd": 58974.205636599996,
        "passband": 1,
        "mag": 19.5131,
        "mag_err": 0.22675900000000002,
        "locus_id": "ZTF20aatqgeo"
    },
    "21": {
        "mjd": 58974.251041699994,
        "passband": 2,
        "mag": 18.7353,
        "mag_err": 0.122075,
        "locus_id": "ZTF20aatqgeo"
    },
    "22": {
        "mjd": 58980.2227083,
        "passband": 1,
        "mag": 19.5285,
        "mag_err": 0.12140999999999999,
        "locus_id": "ZTF20aatqgeo"
    },
    "23": {
        "mjd": 58980.2516319,
        "passband": 2,
        "mag": 18.8104,
        "mag_err": 0.10912999999999999,
        "locus_id": "ZTF20aatqgeo"
    }
}