{
    "0": {
        "mjd": 58872.442997699996,
        "passband": 1,
        "mag": 19.1376,
        "mag_err": 0.10343599999999999,
        "locus_id": "ZTF20aahqbib"
    },
    "1": {
        "mjd": 58875.49957180001,
        "passband": 1,
        "mag": 18.4051,
        "mag_err": 0.079993,
        "locus_id": "ZTF20aahqbib"
    },
    "2": {
        "mjd": 58875.5564352,
        "passband": 2,
        "mag": 18.4151,
        "mag_err": 0.084011,
        "locus_id": "ZTF20aahqbib"
    },
    "3": {
        "mjd": 58878.5241319,
        "passband": 1,
        "mag": 17.9603,
        "mag_err": 0.0479662,
        "locus_id": "ZTF20aahqbib"
    },
    "4": {
        "mjd": 58878.56230319999,
        "passband": 2,
        "mag": 18.1244,
        "mag_err": 0.0570016,
        "locus_id": "ZTF20aahqbib"
    },
    "5": {
        "mjd": 58881.504606500006,
        "passband": 1,
        "mag": 17.898,
        "mag_err": 0.0522827,
        "locus_id": "ZTF20aahqbib"
    },
    "6": {
        "mjd": 58881.54344909999,
        "passband": 2,
        "mag": 17.9535,
        "mag_err": 0.045250900000000004,
        "locus_id": "ZTF20aahqbib"
    },
    "7": {
        "mjd": 58883.56395830001,
        "passband": 2,
        "mag": 17.9285,
        "mag_err": 0.0735206,
        "locus_id": "ZTF20aahqbib"
    },
    "8": {
        "mjd": 58884.463136599996,
        "passband": 1,
        "mag": 17.8519,
        "mag_err": 0.0656928,
        "locus_id": "ZTF20aahqbib"
    },
    "9": {
        "mjd": 58884.558958300004,
        "passband": 2,
        "mag": 17.9222,
        "mag_err": 0.058459500000000005,
        "locus_id": "ZTF20aahqbib"
    },
    "10": {
        "mjd": 58887.4601852,
        "passband": 1,
        "mag": 18.0811,
        "mag_err": 0.0739796,
        "locus_id": "ZTF20aahqbib"
    },
    "11": {
        "mjd": 58887.53657409999,
        "passband": 2,
        "mag": 17.9981,
        "mag_err": 0.07347719999999999,
        "locus_id": "ZTF20aahqbib"
    },
    "12": {
        "mjd": 58890.54267359999,
        "passband": 1,
        "mag": 18.4255,
        "mag_err": 0.127583,
        "locus_id": "ZTF20aahqbib"
    },
    "13": {
        "mjd": 58894.5243403,
        "passband": 2,
        "mag": 18.3637,
        "mag_err": 0.0819233,
        "locus_id": "ZTF20aahqbib"
    },
    "14": {
        "mjd": 58898.5190046,
        "passband": 2,
        "mag": 18.4948,
        "mag_err": 0.054859000000000005,
        "locus_id": "ZTF20aahqbib"
    },
    "15": {
        "mjd": 58903.52322919999,
        "passband": 1,
        "mag": 19.9858,
        "mag_err": 0.15237799999999999,
        "locus_id": "ZTF20aahqbib"
    },
    "16": {
        "mjd": 58908.48517359999,
        "passband": 2,
        "mag": 19.1195,
        "mag_err": 0.0910296,
        "locus_id": "ZTF20aahqbib"
    },
    "17": {
        "mjd": 58908.48517359999,
        "passband": 2,
        "mag": 19.1195,
        "mag_err": 0.09103,
        "locus_id": "ZTF20aahqbib"
    },
    "18": {
        "mjd": 58908.522476900005,
        "passband": 2,
        "mag": 19.0886,
        "mag_err": 0.10828800000000001,
        "locus_id": "ZTF20aahqbib"
    },
    "19": {
        "mjd": 58908.522476900005,
        "passband": 2,
        "mag": 19.0886,
        "mag_err": 0.10828800000000001,
        "locus_id": "ZTF20aahqbib"
    },
    "20": {
        "mjd": 58911.478229199995,
        "passband": 2,
        "mag": 19.3191,
        "mag_err": 0.142947,
        "locus_id": "ZTF20aahqbib"
    },
    "21": {
        "mjd": 58914.505787,
        "passband": 2,
        "mag": 19.5559,
        "mag_err": 0.114168,
        "locus_id": "ZTF20aahqbib"
    },
    "22": {
        "mjd": 58936.457419000006,
        "passband": 2,
        "mag": 20.213,
        "mag_err": 0.19006099999999998,
        "locus_id": "ZTF20aahqbib"
    }
}