{
    "0": {
        "mjd": 53356.14000000013,
        "passband": 1,
        "mag": 18.215,
        "mag_err": 0.011000000000000001,
        "locus_id": "SN2004gv"
    },
    "1": {
        "mjd": 53357.10000000009,
        "passband": 1,
        "mag": 18.035999999999998,
        "mag_err": 0.01,
        "locus_id": "SN2004gv"
    },
    "2": {
        "mjd": 53361.06999999983,
        "passband": 1,
        "mag": 17.558,
        "mag_err": 0.009000000000000001,
        "locus_id": "SN2004gv"
    },
    "3": {
        "mjd": 53362.14999999991,
        "passband": 1,
        "mag": 17.502,
        "mag_err": 0.009000000000000001,
        "locus_id": "SN2004gv"
    },
    "4": {
        "mjd": 53363.10000000009,
        "passband": 1,
        "mag": 17.442999999999998,
        "mag_err": 0.009000000000000001,
        "locus_id": "SN2004gv"
    },
    "5": {
        "mjd": 53365.060000000056,
        "passband": 1,
        "mag": 17.409000000000002,
        "mag_err": 0.009000000000000001,
        "locus_id": "SN2004gv"
    },
    "6": {
        "mjd": 53369.060000000056,
        "passband": 1,
        "mag": 17.564,
        "mag_err": 0.01,
        "locus_id": "SN2004gv"
    },
    "7": {
        "mjd": 53372.060000000056,
        "passband": 1,
        "mag": 17.77,
        "mag_err": 0.009000000000000001,
        "locus_id": "SN2004gv"
    },
    "8": {
        "mjd": 53373.08999999985,
        "passband": 1,
        "mag": 17.866,
        "mag_err": 0.006999999999999999,
        "locus_id": "SN2004gv"
    },
    "9": {
        "mjd": 53376.10000000009,
        "passband": 1,
        "mag": 18.163,
        "mag_err": 0.01,
        "locus_id": "SN2004gv"
    },
    "10": {
        "mjd": 53380.060000000056,
        "passband": 1,
        "mag": 18.497,
        "mag_err": 0.012,
        "locus_id": "SN2004gv"
    },
    "11": {
        "mjd": 53381.049999999814,
        "passband": 1,
        "mag": 18.563,
        "mag_err": 0.019,
        "locus_id": "SN2004gv"
    },
    "12": {
        "mjd": 53383.08999999985,
        "passband": 1,
        "mag": 18.722,
        "mag_err": 0.013000000000000001,
        "locus_id": "SN2004gv"
    },
    "13": {
        "mjd": 53384.049999999814,
        "passband": 1,
        "mag": 18.767,
        "mag_err": 0.023,
        "locus_id": "SN2004gv"
    },
    "14": {
        "mjd": 53385.049999999814,
        "passband": 1,
        "mag": 18.851,
        "mag_err": 0.027999999999999997,
        "locus_id": "SN2004gv"
    },
    "15": {
        "mjd": 53386.060000000056,
        "passband": 1,
        "mag": 18.877,
        "mag_err": 0.017,
        "locus_id": "SN2004gv"
    },
    "16": {
        "mjd": 53395.080000000075,
        "passband": 1,
        "mag": 19.198,
        "mag_err": 0.035,
        "locus_id": "SN2004gv"
    },
    "17": {
        "mjd": 53399.049999999814,
        "passband": 1,
        "mag": 19.293,
        "mag_err": 0.019,
        "locus_id": "SN2004gv"
    },
    "18": {
        "mjd": 53356.14000000013,
        "passband": 2,
        "mag": 17.953,
        "mag_err": 0.012,
        "locus_id": "SN2004gv"
    },
    "19": {
        "mjd": 53357.10000000009,
        "passband": 2,
        "mag": 17.779,
        "mag_err": 0.011000000000000001,
        "locus_id": "SN2004gv"
    },
    "20": {
        "mjd": 53361.06999999983,
        "passband": 2,
        "mag": 17.346,
        "mag_err": 0.009000000000000001,
        "locus_id": "SN2004gv"
    },
    "21": {
        "mjd": 53362.14999999991,
        "passband": 2,
        "mag": 17.256,
        "mag_err": 0.009000000000000001,
        "locus_id": "SN2004gv"
    },
    "22": {
        "mjd": 53363.10000000009,
        "passband": 2,
        "mag": 17.201,
        "mag_err": 0.008,
        "locus_id": "SN2004gv"
    },
    "23": {
        "mjd": 53365.060000000056,
        "passband": 2,
        "mag": 17.121,
        "mag_err": 0.009000000000000001,
        "locus_id": "SN2004gv"
    },
    "24": {
        "mjd": 53369.060000000056,
        "passband": 2,
        "mag": 17.086,
        "mag_err": 0.009000000000000001,
        "locus_id": "SN2004gv"
    },
    "25": {
        "mjd": 53372.060000000056,
        "passband": 2,
        "mag": 17.132,
        "mag_err": 0.008,
        "locus_id": "SN2004gv"
    },
    "26": {
        "mjd": 53373.08999999985,
        "passband": 2,
        "mag": 17.172,
        "mag_err": 0.006,
        "locus_id": "SN2004gv"
    },
    "27": {
        "mjd": 53376.10000000009,
        "passband": 2,
        "mag": 17.307000000000002,
        "mag_err": 0.006999999999999999,
        "locus_id": "SN2004gv"
    },
    "28": {
        "mjd": 53380.060000000056,
        "passband": 2,
        "mag": 17.498,
        "mag_err": 0.009000000000000001,
        "locus_id": "SN2004gv"
    },
    "29": {
        "mjd": 53381.049999999814,
        "passband": 2,
        "mag": 17.555999999999997,
        "mag_err": 0.012,
        "locus_id": "SN2004gv"
    },
    "30": {
        "mjd": 53383.08999999985,
        "passband": 2,
        "mag": 17.66,
        "mag_err": 0.012,
        "locus_id": "SN2004gv"
    },
    "31": {
        "mjd": 53384.049999999814,
        "passband": 2,
        "mag": 17.726,
        "mag_err": 0.011000000000000001,
        "locus_id": "SN2004gv"
    },
    "32": {
        "mjd": 53385.049999999814,
        "passband": 2,
        "mag": 17.756,
        "mag_err": 0.01,
        "locus_id": "SN2004gv"
    },
    "33": {
        "mjd": 53386.060000000056,
        "passband": 2,
        "mag": 17.782,
        "mag_err": 0.011000000000000001,
        "locus_id": "SN2004gv"
    },
    "34": {
        "mjd": 53395.080000000075,
        "passband": 2,
        "mag": 18.201,
        "mag_err": 0.016,
        "locus_id": "SN2004gv"
    },
    "35": {
        "mjd": 53399.049999999814,
        "passband": 2,
        "mag": 18.288,
        "mag_err": 0.011000000000000001,
        "locus_id": "SN2004gv"
    }
}