{
    "0": {
        "mjd": 54445.200000000186,
        "passband": 1,
        "mag": 18.543,
        "mag_err": 0.016,
        "locus_id": "SN2007rz"
    },
    "1": {
        "mjd": 54449.22999999998,
        "passband": 1,
        "mag": 19.084,
        "mag_err": 0.023,
        "locus_id": "SN2007rz"
    },
    "2": {
        "mjd": 54453.169999999925,
        "passband": 1,
        "mag": 19.452,
        "mag_err": 0.03,
        "locus_id": "SN2007rz"
    },
    "3": {
        "mjd": 54455.14000000013,
        "passband": 1,
        "mag": 19.567,
        "mag_err": 0.046,
        "locus_id": "SN2007rz"
    },
    "4": {
        "mjd": 54456.189999999944,
        "passband": 1,
        "mag": 19.765,
        "mag_err": 0.075,
        "locus_id": "SN2007rz"
    },
    "5": {
        "mjd": 54457.16000000015,
        "passband": 1,
        "mag": 19.758,
        "mag_err": 0.079,
        "locus_id": "SN2007rz"
    },
    "6": {
        "mjd": 54445.200000000186,
        "passband": 2,
        "mag": 17.474,
        "mag_err": 0.017,
        "locus_id": "SN2007rz"
    },
    "7": {
        "mjd": 54449.22999999998,
        "passband": 2,
        "mag": 17.833,
        "mag_err": 0.017,
        "locus_id": "SN2007rz"
    },
    "8": {
        "mjd": 54453.169999999925,
        "passband": 2,
        "mag": 18.17,
        "mag_err": 0.013999999999999999,
        "locus_id": "SN2007rz"
    },
    "9": {
        "mjd": 54455.14000000013,
        "passband": 2,
        "mag": 18.269000000000002,
        "mag_err": 0.02,
        "locus_id": "SN2007rz"
    },
    "10": {
        "mjd": 54456.189999999944,
        "passband": 2,
        "mag": 18.393,
        "mag_err": 0.027000000000000003,
        "locus_id": "SN2007rz"
    },
    "11": {
        "mjd": 54457.16000000015,
        "passband": 2,
        "mag": 18.492,
        "mag_err": 0.026000000000000002,
        "locus_id": "SN2007rz"
    }
}