{
    "0": {
        "mjd": 56969.09700000007,
        "mag": 16.178,
        "mag_err": 0.016,
        "passband": 1,
        "locus_id": "SN2014dw"
    },
    "1": {
        "mjd": 56971.73300000001,
        "mag": 16.117,
        "mag_err": 0.015,
        "passband": 1,
        "locus_id": "SN2014dw"
    },
    "2": {
        "mjd": 56971.73600000003,
        "mag": 16.069000000000003,
        "mag_err": 0.015,
        "passband": 1,
        "locus_id": "SN2014dw"
    },
    "3": {
        "mjd": 56973.72800000012,
        "mag": 16.22,
        "mag_err": 0.013999999999999999,
        "passband": 1,
        "locus_id": "SN2014dw"
    },
    "4": {
        "mjd": 56973.731000000145,
        "mag": 16.185,
        "mag_err": 0.013999999999999999,
        "passband": 1,
        "locus_id": "SN2014dw"
    },
    "5": {
        "mjd": 56975.069000000134,
        "mag": 16.342,
        "mag_err": 0.016,
        "passband": 1,
        "locus_id": "SN2014dw"
    },
    "6": {
        "mjd": 56975.071999999695,
        "mag": 16.336,
        "mag_err": 0.015,
        "passband": 1,
        "locus_id": "SN2014dw"
    },
    "7": {
        "mjd": 56975.07800000021,
        "mag": 16.352,
        "mag_err": 0.013999999999999999,
        "passband": 1,
        "locus_id": "SN2014dw"
    },
    "8": {
        "mjd": 56975.080000000075,
        "mag": 16.349,
        "mag_err": 0.013999999999999999,
        "passband": 1,
        "locus_id": "SN2014dw"
    },
    "9": {
        "mjd": 56977.716000000015,
        "mag": 16.453,
        "mag_err": 0.017,
        "passband": 1,
        "locus_id": "SN2014dw"
    },
    "10": {
        "mjd": 56977.71800000034,
        "mag": 16.462,
        "mag_err": 0.017,
        "passband": 1,
        "locus_id": "SN2014dw"
    },
    "11": {
        "mjd": 56979.05899999989,
        "mag": 16.541,
        "mag_err": 0.013999999999999999,
        "passband": 1,
        "locus_id": "SN2014dw"
    },
    "12": {
        "mjd": 56979.060999999754,
        "mag": 16.53,
        "mag_err": 0.013999999999999999,
        "passband": 1,
        "locus_id": "SN2014dw"
    },
    "13": {
        "mjd": 56981.07700000005,
        "mag": 16.628,
        "mag_err": 0.02,
        "passband": 1,
        "locus_id": "SN2014dw"
    },
    "14": {
        "mjd": 56981.07899999991,
        "mag": 16.769000000000002,
        "mag_err": 0.039,
        "passband": 1,
        "locus_id": "SN2014dw"
    },
    "15": {
        "mjd": 56983.049000000115,
        "mag": 16.715999999999998,
        "mag_err": 0.026000000000000002,
        "passband": 1,
        "locus_id": "SN2014dw"
    },
    "16": {
        "mjd": 56986.29300000006,
        "mag": 16.915,
        "mag_err": 0.017,
        "passband": 1,
        "locus_id": "SN2014dw"
    },
    "17": {
        "mjd": 56986.294999999925,
        "mag": 16.962,
        "mag_err": 0.025,
        "passband": 1,
        "locus_id": "SN2014dw"
    },
    "18": {
        "mjd": 56988.060999999754,
        "mag": 16.988,
        "mag_err": 0.021,
        "passband": 1,
        "locus_id": "SN2014dw"
    },
    "19": {
        "mjd": 56988.064000000246,
        "mag": 16.955,
        "mag_err": 0.021,
        "passband": 1,
        "locus_id": "SN2014dw"
    },
    "20": {
        "mjd": 56989.68399999989,
        "mag": 17.059,
        "mag_err": 0.021,
        "passband": 1,
        "locus_id": "SN2014dw"
    },
    "21": {
        "mjd": 56989.68699999992,
        "mag": 17.042,
        "mag_err": 0.02,
        "passband": 1,
        "locus_id": "SN2014dw"
    },
    "22": {
        "mjd": 56995.689000000246,
        "mag": 17.265,
        "mag_err": 0.039,
        "passband": 1,
        "locus_id": "SN2014dw"
    },
    "23": {
        "mjd": 56995.69100000011,
        "mag": 17.209,
        "mag_err": 0.031,
        "passband": 1,
        "locus_id": "SN2014dw"
    },
    "24": {
        "mjd": 57000.28700000001,
        "mag": 17.416,
        "mag_err": 0.031,
        "passband": 1,
        "locus_id": "SN2014dw"
    },
    "25": {
        "mjd": 57000.28899999987,
        "mag": 17.459,
        "mag_err": 0.017,
        "passband": 1,
        "locus_id": "SN2014dw"
    },
    "26": {
        "mjd": 57005.012000000104,
        "mag": 17.587,
        "mag_err": 0.027000000000000003,
        "passband": 1,
        "locus_id": "SN2014dw"
    },
    "27": {
        "mjd": 57005.01500000013,
        "mag": 17.538,
        "mag_err": 0.025,
        "passband": 1,
        "locus_id": "SN2014dw"
    },
    "28": {
        "mjd": 57006.63800000027,
        "mag": 17.562,
        "mag_err": 0.019,
        "passband": 1,
        "locus_id": "SN2014dw"
    },
    "29": {
        "mjd": 57006.64000000013,
        "mag": 17.553,
        "mag_err": 0.022000000000000002,
        "passband": 1,
        "locus_id": "SN2014dw"
    },
    "30": {
        "mjd": 57011.623999999836,
        "mag": 17.812,
        "mag_err": 0.026000000000000002,
        "passband": 1,
        "locus_id": "SN2014dw"
    },
    "31": {
        "mjd": 57011.626000000164,
        "mag": 17.677,
        "mag_err": 0.026000000000000002,
        "passband": 1,
        "locus_id": "SN2014dw"
    },
    "32": {
        "mjd": 57016.97200000007,
        "mag": 18.026,
        "mag_err": 0.026000000000000002,
        "passband": 1,
        "locus_id": "SN2014dw"
    },
    "33": {
        "mjd": 57016.97500000009,
        "mag": 18.215999999999998,
        "mag_err": 0.05,
        "passband": 1,
        "locus_id": "SN2014dw"
    },
    "34": {
        "mjd": 57021.33900000015,
        "mag": 18.149,
        "mag_err": 0.019,
        "passband": 1,
        "locus_id": "SN2014dw"
    },
    "35": {
        "mjd": 57021.341000000015,
        "mag": 18.155,
        "mag_err": 0.021,
        "passband": 1,
        "locus_id": "SN2014dw"
    },
    "36": {
        "mjd": 57026.04600000009,
        "mag": 18.217,
        "mag_err": 0.045,
        "passband": 1,
        "locus_id": "SN2014dw"
    },
    "37": {
        "mjd": 57026.049000000115,
        "mag": 18.266,
        "mag_err": 0.064,
        "passband": 1,
        "locus_id": "SN2014dw"
    },
    "38": {
        "mjd": 57035.961999999825,
        "mag": 18.72,
        "mag_err": 0.07,
        "passband": 1,
        "locus_id": "SN2014dw"
    },
    "39": {
        "mjd": 57035.96400000015,
        "mag": 18.6,
        "mag_err": 0.057,
        "passband": 1,
        "locus_id": "SN2014dw"
    },
    "40": {
        "mjd": 57040.89999999991,
        "mag": 18.938,
        "mag_err": 0.038,
        "passband": 1,
        "locus_id": "SN2014dw"
    },
    "41": {
        "mjd": 57040.90299999993,
        "mag": 19.011,
        "mag_err": 0.062,
        "passband": 1,
        "locus_id": "SN2014dw"
    },
    "42": {
        "mjd": 57044.92599999998,
        "mag": 18.892,
        "mag_err": 0.08199999999999999,
        "passband": 1,
        "locus_id": "SN2014dw"
    },
    "43": {
        "mjd": 57044.93000000017,
        "mag": 19.116,
        "mag_err": 0.039,
        "passband": 1,
        "locus_id": "SN2014dw"
    },
    "44": {
        "mjd": 57051.04000000004,
        "mag": 19.891,
        "mag_err": 0.075,
        "passband": 1,
        "locus_id": "SN2014dw"
    },
    "45": {
        "mjd": 57051.084000000264,
        "mag": 19.945999999999998,
        "mag_err": 0.076,
        "passband": 1,
        "locus_id": "SN2014dw"
    },
    "46": {
        "mjd": 57051.086999999825,
        "mag": 19.894000000000002,
        "mag_err": 0.083,
        "passband": 1,
        "locus_id": "SN2014dw"
    },
    "47": {
        "mjd": 57051.1669999999,
        "mag": 19.743,
        "mag_err": 0.068,
        "passband": 1,
        "locus_id": "SN2014dw"
    },
    "48": {
        "mjd": 57051.17100000009,
        "mag": 19.930999999999997,
        "mag_err": 0.08199999999999999,
        "passband": 1,
        "locus_id": "SN2014dw"
    },
    "49": {
        "mjd": 57051.24599999981,