{
    "0": {
        "mjd": 54527.31999999983,
        "passband": 1,
        "mag": 16.225,
        "mag_err": 0.012,
        "locus_id": "SN2008aq"
    },
    "1": {
        "mjd": 54541.35999999987,
        "passband": 1,
        "mag": 16.914,
        "mag_err": 0.006999999999999999,
        "locus_id": "SN2008aq"
    },
    "2": {
        "mjd": 54542.200000000186,
        "passband": 1,
        "mag": 17.016,
        "mag_err": 0.009000000000000001,
        "locus_id": "SN2008aq"
    },
    "3": {
        "mjd": 54543.220000000205,
        "passband": 1,
        "mag": 17.112000000000002,
        "mag_err": 0.011000000000000001,
        "locus_id": "SN2008aq"
    },
    "4": {
        "mjd": 54545.279999999795,
        "passband": 1,
        "mag": 17.292,
        "mag_err": 0.008,
        "locus_id": "SN2008aq"
    },
    "5": {
        "mjd": 54560.220000000205,
        "passband": 1,
        "mag": 17.976,
        "mag_err": 0.01,
        "locus_id": "SN2008aq"
    },
    "6": {
        "mjd": 54566.310000000056,
        "passband": 1,
        "mag": 18.07,
        "mag_err": 0.01,
        "locus_id": "SN2008aq"
    },
    "7": {
        "mjd": 54570.220000000205,
        "passband": 1,
        "mag": 18.111,
        "mag_err": 0.009000000000000001,
        "locus_id": "SN2008aq"
    },
    "8": {
        "mjd": 54578.27000000002,
        "passband": 1,
        "mag": 18.154,
        "mag_err": 0.016,
        "locus_id": "SN2008aq"
    },
    "9": {
        "mjd": 54583.16000000015,
        "passband": 1,
        "mag": 18.224,
        "mag_err": 0.009000000000000001,
        "locus_id": "SN2008aq"
    },
    "10": {
        "mjd": 54589.24000000022,
        "passband": 1,
        "mag": 18.325,
        "mag_err": 0.011000000000000001,
        "locus_id": "SN2008aq"
    },
    "11": {
        "mjd": 54597.20999999996,
        "passband": 1,
        "mag": 18.422,
        "mag_err": 0.01,
        "locus_id": "SN2008aq"
    },
    "12": {
        "mjd": 54599.12999999989,
        "passband": 1,
        "mag": 18.454,
        "mag_err": 0.013000000000000001,
        "locus_id": "SN2008aq"
    },
    "13": {
        "mjd": 54626.12000000011,
        "passband": 1,
        "mag": 18.819000000000003,
        "mag_err": 0.013000000000000001,
        "locus_id": "SN2008aq"
    },
    "14": {
        "mjd": 54628.08999999985,
        "passband": 1,
        "mag": 18.894000000000002,
        "mag_err": 0.015,
        "locus_id": "SN2008aq"
    },
    "15": {
        "mjd": 54644.06999999983,
        "passband": 1,
        "mag": 19.124000000000002,
        "mag_err": 0.016,
        "locus_id": "SN2008aq"
    },
    "16": {
        "mjd": 54648.08999999985,
        "passband": 1,
        "mag": 19.269000000000002,
        "mag_err": 0.018000000000000002,
        "locus_id": "SN2008aq"
    },
    "17": {
        "mjd": 54653.049999999814,
        "passband": 1,
        "mag": 19.346,
        "mag_err": 0.016,
        "locus_id": "SN2008aq"
    },
    "18": {
        "mjd": 54527.31999999983,
        "passband": 2,
        "mag": 15.93,
        "mag_err": 0.013000000000000001,
        "locus_id": "SN2008aq"
    },
    "19": {
        "mjd": 54541.35999999987,
        "passband": 2,
        "mag": 16.066,
        "mag_err": 0.009000000000000001,
        "locus_id": "SN2008aq"
    },
    "20": {
        "mjd": 54542.200000000186,
        "passband": 2,
        "mag": 16.147000000000002,
        "mag_err": 0.009000000000000001,
        "locus_id": "SN2008aq"
    },
    "21": {
        "mjd": 54543.220000000205,
        "passband": 2,
        "mag": 16.189,
        "mag_err": 0.009000000000000001,
        "locus_id": "SN2008aq"
    },
    "22": {
        "mjd": 54545.279999999795,
        "passband": 2,
        "mag": 16.331,
        "mag_err": 0.008,
        "locus_id": "SN2008aq"
    },
    "23": {
        "mjd": 54560.220000000205,
        "passband": 2,
        "mag": 17.006,
        "mag_err": 0.009000000000000001,
        "locus_id": "SN2008aq"
    },
    "24": {
        "mjd": 54566.310000000056,
        "passband": 2,
        "mag": 17.169,
        "mag_err": 0.01,
        "locus_id": "SN2008aq"
    },
    "25": {
        "mjd": 54570.220000000205,
        "passband": 2,
        "mag": 17.266,
        "mag_err": 0.009000000000000001,
        "locus_id": "SN2008aq"
    },
    "26": {
        "mjd": 54578.27000000002,
        "passband": 2,
        "mag": 17.512999999999998,
        "mag_err": 0.009000000000000001,
        "locus_id": "SN2008aq"
    },
    "27": {
        "mjd": 54583.16000000015,
        "passband": 2,
        "mag": 17.552,
        "mag_err": 0.008,
        "locus_id": "SN2008aq"
    },
    "28": {
        "mjd": 54589.24000000022,
        "passband": 2,
        "mag": 17.676,
        "mag_err": 0.01,
        "locus_id": "SN2008aq"
    },
    "29": {
        "mjd": 54597.20999999996,
        "passband": 2,
        "mag": 17.85,
        "mag_err": 0.01,
        "locus_id": "SN2008aq"
    },
    "30": {
        "mjd": 54599.12999999989,
        "passband": 2,
        "mag": 17.885,
        "mag_err": 0.011000000000000001,
        "locus_id": "SN2008aq"
    },
    "31": {
        "mjd": 54626.12000000011,
        "passband": 2,
        "mag": 18.535,
        "mag_err": 0.012,
        "locus_id": "SN2008aq"
    },
    "32": {
        "mjd": 54628.08999999985,
        "passband": 2,
        "mag": 18.462,
        "mag_err": 0.013000000000000001,
        "locus_id": "SN2008aq"
    },
    "33": {
        "mjd": 54644.06999999983,
        "passband": 2,
        "mag": 18.855999999999998,
        "mag_err": 0.015,
        "locus_id": "SN2008aq"
    },
    "34": {
        "mjd": 54648.08999999985,
        "passband": 2,
        "mag": 18.993,
        "mag_err": 0.018000000000000002,
        "locus_id": "SN2008aq"
    },
    "35": {
        "mjd": 54653.049999999814,
        "passband": 2,
        "mag": 18.99,
        "mag_err": 0.017,
        "locus_id": "SN2008aq"
    }
}