{
    "0": {
        "mjd": 56572.137000000104,
        "mag": 16.567999999999998,
        "mag_err": 0.004,
        "passband": 1,
        "locus_id": "SN2013fs"
    },
    "1": {
        "mjd": 56573.191999999806,
        "mag": 16.262999999999998,
        "mag_err": 0.004,
        "passband": 1,
        "locus_id": "SN2013fs"
    },
    "2": {
        "mjd": 56574.196999999695,
        "mag": 16.179000000000002,
        "mag_err": 0.003,
        "passband": 1,
        "locus_id": "SN2013fs"
    },
    "3": {
        "mjd": 56576.25999999978,
        "mag": 16.083,
        "mag_err": 0.008,
        "passband": 1,
        "locus_id": "SN2013fs"
    },
    "4": {
        "mjd": 56577.26099999994,
        "mag": 16.023,
        "mag_err": 0.009000000000000001,
        "passband": 1,
        "locus_id": "SN2013fs"
    },
    "5": {
        "mjd": 56583.13599999994,
        "mag": 16.242,
        "mag_err": 0.011000000000000001,
        "passband": 1,
        "locus_id": "SN2013fs"
    },
    "6": {
        "mjd": 56584.14699999988,
        "mag": 16.338,
        "mag_err": 0.015,
        "passband": 1,
        "locus_id": "SN2013fs"
    },
    "7": {
        "mjd": 56585.09899999993,
        "mag": 16.313,
        "mag_err": 0.004,
        "passband": 1,
        "locus_id": "SN2013fs"
    },
    "8": {
        "mjd": 56586.0959999999,
        "mag": 16.369,
        "mag_err": 0.003,
        "passband": 1,
        "locus_id": "SN2013fs"
    },
    "9": {
        "mjd": 56587.20599999977,
        "mag": 16.416,
        "mag_err": 0.009000000000000001,
        "passband": 1,
        "locus_id": "SN2013fs"
    },
    "10": {
        "mjd": 56588.23400000017,
        "mag": 16.486,
        "mag_err": 0.005,
        "passband": 1,
        "locus_id": "SN2013fs"
    },
    "11": {
        "mjd": 56591.0959999999,
        "mag": 16.516,
        "mag_err": 0.001,
        "passband": 1,
        "locus_id": "SN2013fs"
    },
    "12": {
        "mjd": 56592.08499999996,
        "mag": 16.587,
        "mag_err": 0.005,
        "passband": 1,
        "locus_id": "SN2013fs"
    },
    "13": {
        "mjd": 56593.12999999989,
        "mag": 16.593,
        "mag_err": 0.008,
        "passband": 1,
        "locus_id": "SN2013fs"
    },
    "14": {
        "mjd": 56594.10999999987,
        "mag": 16.641,
        "mag_err": 0.002,
        "passband": 1,
        "locus_id": "SN2013fs"
    },
    "15": {
        "mjd": 56598.178000000305,
        "mag": 16.803,
        "mag_err": 0.004,
        "passband": 1,
        "locus_id": "SN2013fs"
    },
    "16": {
        "mjd": 56599.16900000023,
        "mag": 16.778,
        "mag_err": 0.002,
        "passband": 1,
        "locus_id": "SN2013fs"
    },
    "17": {
        "mjd": 56602.17100000009,
        "mag": 16.884,
        "mag_err": 0.005,
        "passband": 1,
        "locus_id": "SN2013fs"
    },
    "18": {
        "mjd": 56606.15100000007,
        "mag": 16.969,
        "mag_err": 0.002,
        "passband": 1,
        "locus_id": "SN2013fs"
    },
    "19": {
        "mjd": 56608.185999999754,
        "mag": 17.007,
        "mag_err": 0.009000000000000001,
        "passband": 1,
        "locus_id": "SN2013fs"
    },
    "20": {
        "mjd": 56611.194000000134,
        "mag": 17.065,
        "mag_err": 0.01,
        "passband": 1,
        "locus_id": "SN2013fs"
    },
    "21": {
        "mjd": 56616.10800000001,
        "mag": 17.142,
        "mag_err": 0.002,
        "passband": 1,
        "locus_id": "SN2013fs"
    },
    "22": {
        "mjd": 56616.41099999985,
        "mag": 17.164,
        "mag_err": 0.013000000000000001,
        "passband": 1,
        "locus_id": "SN2013fs"
    },
    "23": {
        "mjd": 56621.018999999855,
        "mag": 17.191,
        "mag_err": 0.01,
        "passband": 1,
        "locus_id": "SN2013fs"
    },
    "24": {
        "mjd": 56624.029999999795,
        "mag": 17.182000000000002,
        "mag_err": 0.011000000000000001,
        "passband": 1,
        "locus_id": "SN2013fs"
    },
    "25": {
        "mjd": 56624.77199999988,
        "mag": 17.245,
        "mag_err": 0.025,
        "passband": 1,
        "locus_id": "SN2013fs"
    },
    "26": {
        "mjd": 56626.023000000045,
        "mag": 17.293,
        "mag_err": 0.003,
        "passband": 1,
        "locus_id": "SN2013fs"
    },
    "27": {
        "mjd": 56627.023000000045,
        "mag": 17.248,
        "mag_err": 0.006,
        "passband": 1,
        "locus_id": "SN2013fs"
    },
    "28": {
        "mjd": 56629.049000000115,
        "mag": 17.31,
        "mag_err": 0.001,
        "passband": 1,
        "locus_id": "SN2013fs"
    },
    "29": {
        "mjd": 56630.78300000029,
        "mag": 17.342,
        "mag_err": 0.013999999999999999,
        "passband": 1,
        "locus_id": "SN2013fs"
    },
    "30": {
        "mjd": 56637.04400000023,
        "mag": 17.389,
        "mag_err": 0.009000000000000001,
        "passband": 1,
        "locus_id": "SN2013fs"
    },
    "31": {
        "mjd": 56640.42199999979,
        "mag": 17.566,
        "mag_err": 0.005,
        "passband": 1,
        "locus_id": "SN2013fs"
    },
    "32": {
        "mjd": 56644.04300000006,
        "mag": 17.666,
        "mag_err": 0.013000000000000001,
        "passband": 1,
        "locus_id": "SN2013fs"
    },
    "33": {
        "mjd": 56646.16200000001,
        "mag": 17.679000000000002,
        "mag_err": 0.003,
        "passband": 1,
        "locus_id": "SN2013fs"
    },
    "34": {
        "mjd": 56674.08099999977,
        "mag": 19.365,
        "mag_err": 0.002,
        "passband": 1,
        "locus_id": "SN2013fs"
    },
    "35": {
        "mjd": 56572.14300000016,
        "mag": 16.81,
        "mag_err": 0.005,
        "passband": 2,
        "locus_id": "SN2013fs"
    },
    "36": {
        "mjd": 56573.23199999984,
        "mag": 16.404,
        "mag_err": 0.001,
        "passband": 2,
        "locus_id": "SN2013fs"
    },
    "37": {
        "mjd": 56574.20200000005,
        "mag": 16.276,
        "mag_err": 0.011000000000000001,
        "passband": 2,
        "locus_id": "SN2013fs"
    },
    "38": {
        "mjd": 56576.26500000013,
        "mag": 16.096,
        "mag_err": 0.011000000000000001,
        "passband": 2,
        "locus_id": "SN2013fs"
    },
    "39": {
        "mjd": 56577.26599999983,
        "mag": 16.046,
        "mag_err": 0.006999999999999999,
        "passband": 2,
        "locus_id": "SN2013fs"
    },
    "40": {
        "mjd": 56583.14099999983,
        "mag": 16.102,
        "mag_err": 0.001,
        "passband": 2,
        "locus_id": "SN2013fs"
    },
    "41": {
        "mjd": 56584.15299999993,
        "mag": 16.061,
        "mag_err": 0.005,
        "passband": 2,
        "locus_id": "SN2013fs"
    },
    "42": {
        "mjd": 56585.10400000028,
        "mag": 16.135,
        "mag_err": 0.002,
        "passband": 2,
        "locus_id": "SN2013fs"
    },
    "43": {
        "mjd": 56586.10099999979,
        "mag": 16.179000000000002,
        "mag_err": 0.013999999999999999,
        "passband": 2,
        "locus_id": "SN2013fs"
    },
    "44": {
        "mjd": 56587.21100000013,
        "mag": 16.230999999999998,
        "mag_err": 0.0,
        "passband": 2,
        "locus_id": "SN2013fs"
    },
    "45": {
        "mjd": 56588.24000000022,
        "mag": 16.3,
        "mag_err": 0.001,
        "passband": 2,
        "locus_id": "SN2013fs"
    },
    "46": {
        "mjd": 56591.101999999955,
        "mag": 16.301,
        "mag_err": 0.006999999999999999,
        "passband": 2,
        "locus_id": "SN2013fs"
    },
    "47": {
        "mjd": 56592.08999999985,
        "mag": 16.333,
        "mag_err": 0.002,
        "passband": 2,
        "locus_id": "SN2013fs"
    },
    "48": {
        "mjd": 56593.13499999978,
        "mag": 16.331,
        "mag_err": 0.006,
        "passband": 2,
        "locus_id": "SN2013fs"
    },
    "49": {
        "mjd": 56594.11500000022,
        "mag": 16.351,