{
    "0": {
        "mjd": 54959.39000000013,
        "passband": 1,
        "mag": 17.965999999999998,
        "mag_err": 0.02,
        "locus_id": "SN2009dt"
    },
    "1": {
        "mjd": 54963.37999999989,
        "passband": 1,
        "mag": 18.179000000000002,
        "mag_err": 0.021,
        "locus_id": "SN2009dt"
    },
    "2": {
        "mjd": 54964.35000000009,
        "passband": 1,
        "mag": 18.262999999999998,
        "mag_err": 0.027999999999999997,
        "locus_id": "SN2009dt"
    },
    "3": {
        "mjd": 54966.310000000056,
        "passband": 1,
        "mag": 18.386,
        "mag_err": 0.024,
        "locus_id": "SN2009dt"
    },
    "4": {
        "mjd": 54968.37000000011,
        "passband": 1,
        "mag": 18.601,
        "mag_err": 0.028999999999999998,
        "locus_id": "SN2009dt"
    },
    "5": {
        "mjd": 54970.37999999989,
        "passband": 1,
        "mag": 18.767,
        "mag_err": 0.027999999999999997,
        "locus_id": "SN2009dt"
    },
    "6": {
        "mjd": 54972.310000000056,
        "passband": 1,
        "mag": 18.949,
        "mag_err": 0.032,
        "locus_id": "SN2009dt"
    },
    "7": {
        "mjd": 54974.310000000056,
        "passband": 1,
        "mag": 19.114,
        "mag_err": 0.033,
        "locus_id": "SN2009dt"
    },
    "8": {
        "mjd": 54959.39000000013,
        "passband": 2,
        "mag": 17.087,
        "mag_err": 0.021,
        "locus_id": "SN2009dt"
    },
    "9": {
        "mjd": 54963.37999999989,
        "passband": 2,
        "mag": 17.114,
        "mag_err": 0.022000000000000002,
        "locus_id": "SN2009dt"
    },
    "10": {
        "mjd": 54964.35000000009,
        "passband": 2,
        "mag": 17.133,
        "mag_err": 0.021,
        "locus_id": "SN2009dt"
    },
    "11": {
        "mjd": 54966.310000000056,
        "passband": 2,
        "mag": 17.199,
        "mag_err": 0.023,
        "locus_id": "SN2009dt"
    },
    "12": {
        "mjd": 54968.37000000011,
        "passband": 2,
        "mag": 17.283,
        "mag_err": 0.023,
        "locus_id": "SN2009dt"
    },
    "13": {
        "mjd": 54970.37999999989,
        "passband": 2,
        "mag": 17.386,
        "mag_err": 0.022000000000000002,
        "locus_id": "SN2009dt"
    },
    "14": {
        "mjd": 54972.310000000056,
        "passband": 2,
        "mag": 17.483,
        "mag_err": 0.023,
        "locus_id": "SN2009dt"
    },
    "15": {
        "mjd": 54974.310000000056,
        "passband": 2,
        "mag": 17.615,
        "mag_err": 0.024,
        "locus_id": "SN2009dt"
    }
}